HIERARCHY
ROOT Hip
{
   OFFSET 0.00000 0.00000 0.00000
   CHANNELS 6 Xposition Yposition Zposition Zrotation Yrotation Xrotation
   JOINT Head
   {
      OFFSET 0.000000 23.756001 0.000000
      CHANNELS 3 Zrotation Yrotation Xrotation
      End Site
      {
         OFFSET 0.000000 14.154000 0.000000
      }
      JOINT LeftShoulder
      {
         OFFSET 7.854600 0.000000 0.000000
         CHANNELS 3 Zrotation Yrotation Xrotation
         JOINT LeftHand
         {
            OFFSET 0.000000 -11.478000 0.000000
            CHANNELS 3 Zrotation Yrotation Xrotation
            End Site
            {
               OFFSET 0.000000 -12.571000 0.000000
            }
         }
      }
      JOINT RightShoulder
      {
         OFFSET -8.371200 0.000000 0.000000
         CHANNELS 3 Zrotation Yrotation Xrotation
         JOINT RightHand
         {
            OFFSET 0.000000 -17.191250 0.000000
            CHANNELS 3 Zrotation Yrotation Xrotation
            End Site
            {
               OFFSET 0.000000 -9.420800 0.000000
            }
         }
      }
   }
   JOINT LeftHip
   {
      OFFSET 8.311300 0.000000 0.000000
      CHANNELS 3 Zrotation Yrotation Xrotation
      JOINT LeftKnee
      {
         OFFSET 0.000000 -23.427999 0.000000
         CHANNELS 3 Zrotation Yrotation Xrotation
         JOINT LeftFoot
         {
            OFFSET 0.000000 -17.863000 0.000000
            CHANNELS 3 Zrotation Yrotation Xrotation
            End Site
            {
               OFFSET 0.000000 0.000000 11.641000
            }
         }
      }
   }
   JOINT RightHip
   {
      OFFSET -8.311300 0.000000 0.000000
      CHANNELS 3 Zrotation Yrotation Xrotation
      JOINT RightKnee
      {
         OFFSET 0.000000 -21.203000 0.000000
         CHANNELS 3 Zrotation Yrotation Xrotation
         JOINT RightFoot
         {
            OFFSET 0.000000 -18.184000 0.000000
            CHANNELS 3 Zrotation Yrotation Xrotation
            End Site
            {
               OFFSET 0.000000 0.000000 11.692999
            }
         }
      }
   }
}
MOTION
Frames: 248
Frame Time: 0.016670
15.756027 41.586012 -25.302600 -2.275989 127.234034 4.239647 0.298472 -8.028319 -35.737049 17.683273 -11.968131 18.214146 11.455946 -3.495725 26.593406 -49.085226 -6.555587 50.199677 -48.867965 7.085118 45.936591 7.440973 -64.290802 -21.373305 32.608522 -61.836373 -8.978810 -1.709425 -60.942950 -21.270831 -9.248185 -62.666876 12.380195 26.953028 -49.444644 -13.996105 -0.939230 -51.958622 -3.464606
15.745306 41.582507 -25.344629 -2.605375 128.390645 4.051541 0.130093 -9.270536 -36.068580 16.820927 -15.598496 19.220145 9.740070 -3.276402 27.863045 -52.982327 -10.157649 51.190758 -54.132941 6.288076 41.693995 8.005311 -64.486357 -22.205427 32.801721 -62.041149 -10.061752 -1.544361 -61.559716 -21.183444 -11.610720 -63.920216 15.155734 29.770486 -48.429852 -16.161199 -1.051712 -52.771824 -3.630015
15.733347 41.576275 -25.378880 -2.714685 128.491144 4.058330 0.069392 -9.269845 -36.512494 15.626332 -19.075392 20.346210 8.048017 -3.029251 29.163350 -57.443598 -13.460830 52.625757 -58.686584 4.870041 36.991123 8.010185 -64.348045 -22.356157 32.849006 -62.088312 -10.246343 -1.511667 -61.701053 -21.154670 -12.247326 -64.687089 15.679024 29.849358 -48.107696 -15.944592 -1.093734 -52.431049 -3.678651
15.718964 41.571817 -25.412867 -2.822813 128.545663 4.065808 0.005302 -9.187203 -36.919058 14.238577 -22.468570 21.601016 6.294263 -2.722891 30.348262 -62.186782 -16.585040 54.312138 -62.569150 3.092858 32.144277 7.994760 -64.207869 -22.480477 32.888215 -62.115243 -10.415664 -1.473985 -61.810794 -21.117429 -12.781188 -65.410160 16.063104 29.704800 -47.857199 -15.566373 -1.111238 -52.012608 -3.692259
15.688389 41.560940 -25.435495 -2.914560 128.537494 4.125744 -0.002006 -9.021421 -37.317387 12.690958 -25.756018 22.857641 4.460152 -2.351041 31.412822 -67.089499 -19.409979 56.162603 -65.817342 1.196670 27.416842 8.037514 -64.017799 -22.691967 32.997648 -62.136464 -10.572863 -1.450304 -61.947418 -21.097696 -13.264563 -66.153162 16.379256 29.650527 -47.549202 -15.179751 -1.174199 -51.573457 -3.762026
15.685655 41.559352 -25.465757 -2.970356 128.667486 4.132080 -0.004785 -8.965472 -37.652487 10.966281 -28.937688 24.265825 2.502186 -1.911580 32.283596 -72.046700 -21.854691 58.196921 -68.425238 -0.665942 22.814381 8.021152 -64.026139 -22.748787 33.122125 -62.131526 -10.749296 -1.440766 -62.070819 -21.092662 -14.024698 -66.746002 17.085063 29.775619 -47.293278 -14.991200 -1.180588 -51.315109 -3.767233
15.667532 41.552424 -25.486593 -3.037859 128.775198 4.149445 -0.063853 -8.795265 -37.923990 9.213982 -32.019179 25.642750 0.451067 -1.401027 32.988034 -76.830824 -23.914304 60.304806 -70.638185 -2.273404 18.441528 8.041510 -63.924587 -22.879559 33.189665 -62.153779 -10.922652 -1.416697 -62.201112 -21.072995 -14.637830 -67.354715 17.595090 29.687100 -47.060126 -14.603897 -1.200877 -50.942010 -3.783413
15.655395 41.545605 -25.504713 -3.066111 128.901283 4.170592 -0.098683 -8.616259 -38.160059 7.351291 -34.981992 26.975677 -1.610136 -0.868824 33.551815 -81.478105 -25.599387 62.447504 -72.657660 -3.556985 14.281135 8.069723 -63.908475 -22.967141 33.308965 -62.141348 -11.113316 -1.403862 -62.326603 -21.065485 -15.482710 -67.890441 18.391408 29.924770 -46.796614 -14.430400 -1.245069 -50.736745 -3.842010
15.671296 41.528153 -25.528125 -3.016401 128.848992 4.174144 -0.168100 -8.177802 -38.233712 5.511701 -37.794510 28.270974 -3.731483 -0.285352 33.925956 -85.916465 -27.015348 64.544898 -74.882369 -4.449600 10.340243 7.914079 -64.014391 -22.739798 33.443956 -62.023042 -11.125491 -1.495668 -62.299897 -21.145156 -16.370362 -68.240195 19.288941 30.075109 -46.530896 -14.195209 -1.278634 -50.473063 -3.878804
15.651601 41.525168 -25.533416 -2.998394 129.027656 4.248155 -0.269767 -7.939671 -38.365296 3.637047 -40.454329 29.532908 -5.750224 0.271628 34.109674 -90.097312 -28.132759 66.610211 -77.190345 -5.034417 6.330794 8.020790 -63.939505 -22.904519 33.552550 -62.082349 -11.352008 -1.474793 -62.500431 -21.143839 -17.231621 -68.759303 20.127125 30.293583 -46.295442 -13.960826 -1.313207 -50.265971 -3.915298
15.629239 41.522540 -25.535366 -2.950451 129.165216 4.355987 -0.366617 -7.609241 -38.469275 1.740865 -42.965524 30.760884 -7.682307 0.794721 34.082753 -94.024541 -28.966942 68.532943 -79.669403 -5.349460 2.129307 8.003145 -63.546475 -23.080927 33.305720 -62.439547 -11.279105 -1.429301 -62.747958 -21.119602 -18.159310 -69.197951 21.041064 30.616685 -46.030328 -13.700666 -1.366455 -50.058050 -3.969057
15.610494 41.512737 -25.534138 -2.917005 129.302516 4.440995 -0.518126 -7.280170 -38.560086 -0.107204 -45.315798 32.002906 -9.500304 1.283382 33.961534 -97.663174 -29.549246 70.361638 -82.364671 -5.469738 -2.374201 8.199226 -63.719320 -23.219050 33.706174 -62.239115 -11.612103 -1.486216 -62.871147 -21.190080 -19.225270 -69.581931 22.092547 31.090324 -45.754180 -13.530157 -1.456655 -49.930144 -4.072764
15.604394 41.509632 -25.527758 -2.854201 129.483257 4.520036 -0.703195 -6.953378 -38.602761 -1.934288 -47.423742 33.289061 -11.187318 1.735426 33.745967 -101.214265 -29.884496 72.138498 -85.098720 -5.481958 -7.089899 8.314414 -63.700427 -23.315346 33.843509 -62.236267 -11.779388 -1.521074 -63.020817 -21.239276 -20.488679 -69.785812 23.413448 31.771619 -45.474194 -13.446681 -1.527973 -49.893429 -4.146540
15.600983 41.505374 -25.517358 -2.806634 129.685539 4.560636 -0.933253 -6.563939 -38.531809 -3.607618 -49.520733 34.286529 -12.863886 2.252402 33.743228 -104.980759 -30.029750 73.977383 -87.797273 -5.469122 -11.606837 8.372314 -63.785730 -23.336231 34.052086 -62.162084 -11.907841 -1.569055 -63.115285 -21.294621 -21.976093 -69.902260 24.971890 32.704298 -45.166665 -13.496008 -1.624944 -49.973069 -4.257356
15.594284 41.498203 -25.492956 -2.750399 129.840967 4.619326 -1.177040 -6.108782 -38.491514 -5.066967 -51.498223 35.084465 -14.557020 2.908451 34.029485 -109.232408 -29.918172 75.745507 -90.293093 -5.451977 -15.817234 8.521188 -64.032183 -23.354338 34.496458 -61.896773 -12.138093 -1.650139 -63.163738 -21.380082 -23.513517 -70.013428 26.569014 33.568266 -44.829270 -13.376574 -1.718092 -49.962069 -4.345705
15.580454 41.499700 -25.443296 -2.654795 130.008594 4.739841 -1.413209 -5.631009 -38.464429 -6.375789 -53.310658 35.765179 -16.200913 3.672013 34.534741 -113.816804 -29.727015 77.370382 -92.440190 -5.420138 -19.799620 8.813919 -64.029356 -23.511422 34.785703 -61.754110 -12.422310 -1.701024 -63.278752 -21.448136 -25.103413 -70.265346 28.236311 34.431916 -44.453012 -13.184071 -1.794632 -49.911799 -4.403600
15.581425 41.508917 -25.387344 -2.503121 129.937259 4.843814 -1.668184 -5.045473 -38.333518 -7.473701 -54.981315 36.448359 -17.813086 4.524068 35.001844 -118.554407 -29.679160 78.937965 -94.345246 -5.435041 -23.586417 8.969399 -64.052223 -23.462236 35.038515 -61.577605 -12.509980 -1.779701 -63.283820 -21.522073 -26.722891 -70.564365 29.962995 35.044939 -44.016560 -12.833469 -1.796883 -49.700111 -4.348475
15.561056 41.524982 -25.306866 -2.350525 129.695498 4.994165 -1.972900 -4.452558 -38.352820 -8.405608 -56.370825 37.276072 -19.429050 5.498165 35.568490 -123.285857 -29.704373 80.477899 -96.098829 -5.567158 -27.309555 9.156443 -63.961306 -23.434427 35.291229 -61.383354 -12.577247 -1.828146 -63.240066 -21.560479 -28.204315 -71.174635 31.463939 35.177291 -43.517946 -12.108405 -1.770033 -49.215905 -4.236899
15.566274 41.545777 -25.228712 -2.154893 129.189955 5.073946 -2.289561 -3.773649 -38.211183 -9.297510 -57.594389 38.174894 -20.849479 6.476649 36.298962 -127.960466 -29.922891 82.149158 -97.672559 -5.837170 -30.893523 9.082382 -64.039990 -23.026852 35.575775 -61.059022 -12.393620 -1.914061 -62.980846 -21.601505 -29.697700 -71.739191 32.961841 35.001458 -42.990645 -11.189559 -1.724852 -48.614858 -4.098074
15.568602 41.586718 -25.137133 -1.960875 128.617243 5.135737 -2.571576 -3.283060 -38.052425 -10.160595 -58.609532 39.130246 -22.191928 7.518991 37.084908 -132.512814 -30.457777 84.035861 -99.138160 -6.312127 -34.231788 9.032404 -64.217350 -22.575683 35.931149 -60.640755 -12.260918 -1.973153 -62.659930 -21.605828 -31.135530 -72.415496 34.372391 34.454900 -42.437605 -10.060848 -1.620041 -47.898218 -3.878417
15.564807 41.637081 -25.039749 -1.782522 127.706847 5.149730 -2.845928 -2.688603 -37.872296 -10.967110 -59.473900 40.084618 -23.504785 8.665785 37.900129 -136.932835 -31.266577 86.250358 -100.507784 -7.014648 -37.245602 8.901826 -64.562541 -21.931965 36.434080 -59.963453 -12.085320 -2.054428 -62.122059 -21.597487 -32.496828 -73.203488 35.576058 33.419094 -41.769031 -8.547939 -1.553814 -46.945690 -3.691081
15.586822 41.688785 -24.949453 -1.554567 126.555496 5.111009 -3.029582 -2.039146 -37.663555 -11.779888 -60.133429 41.048122 -24.717587 9.865705 38.701003 -141.119467 -32.117838 88.806400 -101.639212 -7.839787 -40.038142 8.482555 -65.280127 -20.835412 37.106102 -59.036972 -11.710785 -2.200660 -61.324526 -21.615722 -33.901869 -73.905099 36.862627 32.367703 -41.026009 -7.140050 -1.509896 -46.011945 -3.533545
15.652700 41.737785 -24.897151 -1.349032 125.153736 4.856048 -3.224489 -1.312556 -37.274938 -12.522876 -60.743454 41.915717 -25.926150 11.235753 39.525383 -145.022073 -32.987608 91.854228 -102.535742 -8.765596 -42.540491 7.281318 -66.488791 -18.875661 37.734524 -57.938015 -10.829222 -2.396671 -60.159015 -21.617269 -35.525214 -74.222040 38.384406 31.508134 -40.234681 -6.001028 -1.476595 -45.152980 -3.381139
15.762275 41.771955 -24.852843 -1.124104 123.686270 4.478476 -3.373820 -0.631785 -36.747794 -13.250928 -61.215905 42.775583 -26.935993 12.650992 40.250585 -148.578799 -33.672829 95.382731 -103.108761 -9.673842 -44.799067 5.330514 -68.513259 -15.963211 38.756409 -56.418985 -9.688313 -2.740348 -58.644182 -21.717654 -37.380580 -74.198421 40.237881 31.024143 -39.460117 -5.185573 -1.459961 -44.447207 -3.265954
15.918489 41.776161 -24.822585 -0.897929 122.332417 3.949825 -3.508590 -0.234255 -36.061722 -13.772914 -61.680133 43.612134 -27.896849 14.224939 40.650458 -151.771571 -34.182061 99.360285 -103.337238 -10.491902 -46.798110 1.789914 -71.853228 -11.220642 40.397810 -54.304696 -8.200868 -3.278403 -56.644999 -21.939881 -39.549025 -73.698335 42.513396 30.956029 -38.756594 -4.642707 -1.491735 -43.908472 -3.209974
16.100102 41.731109 -24.824092 -0.698394 120.843299 3.309723 -3.478284 0.075089 -35.189773 -14.321077 -61.999854 44.370306 -28.789121 15.855029 40.728852 -154.609856 -34.723671 103.522602 -103.232360 -11.175852 -48.637220 -5.523016 -75.116651 -2.921623 42.319565 -52.228233 -6.112801 -3.884869 -54.628813 -22.237484 -42.093284 -72.820827 45.059332 31.399093 -38.091511 -4.127371 -1.659586 -43.482354 -3.339922
16.324597 41.615443 -24.859528 -0.515685 119.326519 2.606891 -3.341968 0.383571 -34.125910 -14.899361 -62.285813 45.011841 -29.637174 17.574790 40.629910 -157.162270 -35.210387 107.727888 -102.619740 -11.446969 -50.181830 -16.521980 -74.347538 8.872791 47.195473 -50.848337 -7.061008 -4.205485 -54.331693 -22.670846 -44.976997 -71.626131 47.859679 32.168009 -37.400326 -3.452162 -1.980945 -43.054473 -3.680352
16.566312 41.393747 -24.923093 -0.312973 117.990207 1.885748 -2.980273 0.379729 -32.680232 -15.381480 -62.741612 45.304850 -30.666880 19.581442 40.147842 -159.489808 -35.953962 111.867379 -101.630360 -11.335385 -51.331692 -25.359266 -71.392682 18.502537 53.783133 -49.453968 -9.626285 -4.418234 -54.898557 -23.253785 -48.161597 -70.108183 50.922110 33.572180 -36.817991 -2.795092 -2.552708 -42.766857 -4.392811
16.810107 41.052017 -25.048573 -0.150503 116.933672 1.168418 -2.477372 0.159806 -31.091851 -15.962832 -63.236910 45.421502 -31.664320 21.602223 39.507252 -161.574709 -36.716911 115.542185 -100.178897 -10.622158 -52.184660 -32.029974 -68.496347 25.568414 59.266829 -48.110439 -10.747427 -4.670727 -55.214095 -23.825653 -51.615449 -68.150337 54.121709 35.762232 -36.356841 -2.088788 -3.320137 -42.606532 -5.393319
17.063267 40.603532 -25.202295 0.115337 116.372353 0.616369 -1.788313 -0.484874 -29.415613 -16.563583 -63.769453 45.382164 -32.680498 23.703014 38.596453 -163.435089 -37.562137 118.649839 -98.321297 -9.249446 -52.672438 -37.632269 -66.036475 31.504299 64.042087 -46.620221 -10.820981 -5.035772 -55.014892 -24.398880 -55.224456 -65.720470 57.568249 39.061353 -36.060103 -1.610971 -4.144327 -42.615534 -6.495742
17.283873 40.063199 -25.385282 0.377768 116.132245 0.215913 -1.105783 -1.305314 -27.754009 -17.058683 -64.514135 45.226101 -33.723909 25.893560 37.402714 -165.071288 -38.405068 121.202335 -96.076596 -7.082471 -52.604259 -42.120926 -64.035680 35.956469 67.458206 -45.421291 -9.524061 -5.536895 -54.486168 -25.056390 -58.692444 -63.202677 60.819317 42.796090 -35.822717 -1.076035 -5.034741 -42.652773 -7.707472
17.522032 39.493870 -25.610640 0.614279 116.397106 -0.123390 -0.569753 -2.349540 -26.122675 -17.642592 -65.189504 45.356298 -34.468983 27.703310 35.919750 -166.322578 -38.900642 122.952872 -93.356549 -3.799888 -51.965964 -45.838950 -62.644876 39.374080 69.484464 -44.707847 -7.517836 -6.137084 -54.021496 -25.883576 -61.978899 -60.637006 63.987316 46.659812 -35.726015 -0.736441 -5.774804 -42.781860 -8.732358
17.736927 38.927991 -25.861625 0.875822 116.877828 -0.240097 -0.111935 -3.444068 -24.780620 -18.441888 -65.515414 46.030940 -34.811596 28.879071 34.054282 -167.254339 -39.086584 123.665288 -90.353342 0.552213 -50.893174 -49.427767 -62.069911 42.561962 70.887193 -44.414101 -5.667247 -6.803344 -53.928725 -26.979724 -64.848753 -58.484772 66.823395 49.932877 -35.579002 -0.445049 -6.396429 -42.819593 -9.576466
17.931446 38.414153 -26.149101 1.080567 117.643533 -0.220504 0.256266 -4.563298 -23.683544 -19.470494 -65.564741 47.245532 -34.795337 29.380158 31.716123 -167.791493 -38.944728 123.277743 -87.358427 5.782075 -49.639639 -53.229184 -62.265405 45.697954 71.771566 -44.907964 -4.460774 -7.271270 -54.676870 -28.179499 -67.328624 -56.703793 69.362866 52.794220 -35.492593 -0.420183 -6.840577 -42.879723 -10.184505
18.131697 38.037996 -26.498468 1.164196 118.572371 -0.253790 0.523023 -5.674580 -22.738939 -20.790952 -65.524853 48.868678 -34.659730 29.254557 29.015193 -167.976782 -38.502630 121.968641 -84.764492 11.567154 -48.422643 -57.018409 -62.855335 48.701223 71.780623 -45.803938 -3.781019 -7.480157 -55.786516 -29.222773 -69.437370 -55.177202 71.578798 54.913857 -35.377344 -0.615698 -6.956719 -42.870041 -10.301242
18.355472 37.842583 -26.913952 1.071695 119.529731 -0.425611 0.705445 -6.583563 -21.969677 -22.328447 -65.719028 50.737398 -34.514151 28.615737 26.450095 -167.843047 -37.512939 119.924912 -82.784229 17.811593 -47.423656 -60.379692 -63.511238 51.313439 70.762324 -46.581207 -3.100950 -7.438085 -56.626264 -29.882221 -71.183105 -53.945930 73.348630 56.118689 -35.330892 -0.905459 -6.697772 -42.879398 -9.876074
18.606891 37.864482 -27.392876 0.892965 120.542594 -0.707561 0.851778 -7.254316 -21.227813 -24.012512 -66.352474 52.482736 -34.352911 27.621379 24.051712 -167.389768 -36.324435 117.621622 -81.882794 23.916339 -47.010078 -63.259539 -63.680203 53.487324 69.304441 -46.859674 -1.721425 -6.950581 -56.826604 -29.725738 -72.523338 -53.058774 74.635109 56.193766 -35.471389 -1.267979 -5.980153 -43.003523 -8.797054
18.894309 38.097298 -27.901232 0.765436 121.706567 -1.039579 1.167807 -8.054704 -20.403582 -25.703071 -67.387165 53.913292 -34.110545 26.488484 21.652021 -166.790610 -35.592642 115.590638 -82.620864 28.814468 -47.259995 -66.281310 -63.759413 56.063559 67.708861 -46.922382 -0.875871 -6.052950 -56.818585 -28.989167 -73.417150 -52.470247 75.545389 55.284985 -35.889342 -1.827932 -4.838950 -43.329535 -7.131544
19.182913 38.509297 -28.396225 0.759760 123.072031 -1.253352 1.564412 -9.092152 -19.736457 -27.290110 -68.697414 55.140076 -33.635079 25.303909 19.515985 -166.168394 -35.202518 113.928143 -84.744725 32.393053 -48.032930 -68.679376 -64.372573 58.407755 65.079928 -46.779061 -0.431324 -5.093250 -56.566353 -28.048056 -73.706518 -52.431773 75.859776 53.000349 -36.701967 -2.184835 -3.398571 -43.943689 -5.055751
19.461790 39.048063 -28.857357 0.874517 124.619998 -1.291573 1.992541 -10.152412 -19.406973 -28.706240 -70.238243 56.210264 -32.943652 24.137221 17.777671 -165.738119 -34.782919 112.463648 -87.733336 35.063657 -49.103330 -70.760336 -65.308923 60.878658 62.336807 -46.435191 -0.667601 -4.070041 -56.122654 -26.920972 -73.521980 -52.826384 75.700858 49.864175 -37.867477 -2.328463 -1.743674 -44.832785 -2.699082
19.728108 39.570343 -29.205927 0.696005 125.904702 -1.225350 2.390999 -10.020701 -19.693150 -30.117507 -72.037964 57.465503 -32.012407 23.290438 16.383498 -165.552242 -33.689184 110.429822 -89.186247 39.185857 -46.853684 -73.130726 -67.019811 63.555634 58.852564 -46.074315 -0.791282 -3.136222 -55.549044 -25.843740 -73.392186 -53.830442 75.414379 47.622261 -38.954498 -2.626954 -0.792422 -45.750724 -1.418586
19.973781 40.161871 -29.592077 0.502037 127.124437 -1.194370 2.309265 -10.706569 -20.341657 -30.914457 -73.067021 58.770629 -30.955244 22.200913 15.289305 -165.411336 -32.797513 109.115769 -92.810209 40.638048 -48.818828 -74.545033 -68.531489 65.089633 55.071846 -45.875157 -0.815872 -1.952154 -55.180542 -24.451678 -73.127202 -54.760686 74.680407 46.852342 -38.910276 -1.239660 -0.954738 -45.651417 -1.609171
20.197861 40.694122 -29.945545 0.151846 128.190616 -1.167541 2.084371 -11.401397 -21.254750 -31.528331 -74.024654 60.047068 -29.835612 21.184023 14.768150 -165.519662 -31.926828 107.919735 -96.551779 41.692086 -51.103079 -75.812894 -70.111530 66.141899 50.989251 -45.871134 -0.333382 -0.743406 -55.009988 -23.050118 -73.539178 -55.830735 74.407719 48.570305 -38.469924 0.474664 -1.514388 -45.250946 -2.325830
20.429628 41.134624 -30.293836 -0.327713 129.165803 -1.240241 1.661588 -12.175589 -22.274645 -32.106247 -74.917114 61.147965 -28.734336 20.249563 14.904839 -165.864382 -31.019724 106.811967 -100.245013 42.441549 -53.702345 -77.050975 -71.536068 66.887974 46.896939 -45.995358 0.516137 0.414311 -55.036602 -21.732176 -74.587667 -56.964526 74.706382 52.259796 -37.950894 2.155324 -2.413994 -44.659783 -3.504954
20.652613 41.480946 -30.629742 -0.824293 129.949663 -1.295378 1.256655 -12.926443 -23.283697 -32.842504 -75.738916 61.959911 -27.374182 19.298590 15.719137 -166.542756 -30.337416 105.897855 -103.895565 43.038900 -56.455233 -78.241805 -72.793690 67.559197 43.249325 -46.035038 1.320653 1.445659 -55.072649 -20.546797 -75.929492 -58.462492 75.200745 56.517350 -37.653166 3.831604 -3.233778 -44.098232 -4.565111
20.885408 41.712970 -30.966968 -1.306314 130.550200 -1.376254 0.866368 -13.546049 -24.100401 -33.620117 -76.531710 62.491778 -26.151039 18.455004 16.565823 -167.482481 -29.903835 105.202897 -107.498906 43.528024 -59.345390 -79.441596 -73.698370 68.336978 40.538132 -46.014721 1.665102 2.283774 -55.090749 -19.571555 -77.299525 -60.279008 75.775826 60.712691 -37.300947 5.218567 -3.928935 -43.295934 -5.416221
21.106560 41.840653 -31.270458 -1.712154 130.925506 -1.330445 0.606290 -14.176520 -25.133220 -34.519213 -76.985999 62.887211 -24.874200 17.562831 17.687072 -168.555176 -29.651227 104.498602 -110.960357 43.930025 -62.572306 -80.571036 -74.414467 69.204324 38.843149 -45.956235 1.565077 2.842325 -55.055915 -18.913463 -78.418959 -62.585570 76.196457 64.327500 -36.755276 6.478279 -4.410015 -42.193036 -5.934292
21.369543 41.825995 -31.576938 -2.049963 130.784093 -1.377068 0.400131 -14.428778 -25.751469 -35.447411 -77.646034 63.109479 -23.801715 16.727494 18.782831 -169.746744 -29.684572 104.085540 -114.413475 44.428219 -65.915109 -81.583837 -74.423913 70.095677 38.365261 -45.668055 1.291010 3.057640 -54.760663 -18.606482 -79.222674 -65.091430 76.286478 67.105707 -35.996405 7.893839 -4.852435 -40.872470 -6.386139
21.587567 41.707668 -31.870534 -2.458298 130.765720 -1.482240 0.074545 -14.893209 -26.124012 -36.321754 -78.315366 63.296504 -23.045475 15.928594 19.618158 -170.764496 -29.921505 104.038896 -117.955782 44.871150 -69.368972 -82.632906 -74.185881 71.012582 38.763861 -45.476578 0.725912 3.048435 -54.544200 -18.588245 -79.831838 -68.016950 76.166363 68.797094 -35.133083 9.226220 -5.232301 -39.503219 -6.728602
21.879623 41.455488 -32.177488 -2.812483 130.279698 -1.794899 -0.272885 -15.127295 -26.087105 -37.072546 -78.900699 63.546359 -22.492001 15.156270 20.144704 -171.655085 -30.391886 104.216468 -121.559185 45.182050 -72.910418 -83.762141 -72.938586 71.941816 40.376704 -45.257417 0.407939 2.857793 -54.290377 -18.785119 -80.171094 -70.978137 75.882541 69.338489 -34.024256 10.851397 -5.723754 -38.075337 -7.222665
22.197530 41.084504 -32.490346 -3.197002 129.653943 -2.273859 -0.609226 -15.292742 -25.523503 -37.697682 -79.800208 63.762582 -22.193549 14.479958 20.169841 -172.397431 -31.037408 104.720126 -125.184335 45.547151 -76.536696 -85.016212 -71.126605 72.805828 42.697527 -45.114677 0.402946 2.482791 -54.105203 -19.225241 -80.352866 -74.067330 75.514278 68.645676 -32.787073 12.699190 -6.232747 -36.733553 -7.756828
22.574076 40.626835 -32.798779 -3.481981 129.007083 -2.855649 -0.860152 -15.500966 -24.543183 -38.192779 -80.652308 64.003934 -21.989731 13.870305 19.690677 -172.962000 -31.751077 105.358762 -128.769720 46.004664 -80.390766 -86.353549 -68.769357 73.783303 45.643794 -45.044121 0.494688 2.010943 -53.973354 -19.798558 -80.388219 -77.031679 75.326325 66.866582 -31.454698 14.456994 -6.601053 -35.463281 -8.063918
22.990915 40.128421 -33.098714 -3.652752 128.631696 -3.448829 -1.009308 -16.024307 -23.413697 -38.599544 -81.290357 64.290542 -21.778821 13.276362 18.905859 -173.419377 -32.505420 105.961219 -132.385691 46.509060 -84.370403 -87.625979 -66.297361 74.879118 48.698801 -44.987294 0.418995 1.469125 -53.851250 -20.460267 -80.356417 -79.840759 75.343175 63.875116 -30.128866 15.901843 -6.711585 -34.386324 -7.953737
23.434996 39.622018 -33.387067 -3.711594 128.563066 -4.099036 -1.173393 -16.842972 -21.901748 -38.871645 -82.333921 64.558921 -21.909526 12.859655 17.857941 -173.602098 -33.348470 106.834178 -136.224243 46.664324 -88.107719 -88.760296 -63.788079 76.090568 51.772523 -44.900977 -0.003994 0.893929 -53.723700 -21.157769 -80.373377 -82.722368 75.755172 59.418247 -28.980370 16.795609 -7.934035 -33.935030 -9.695363
23.904223 39.192464 -33.647782 -3.676579 129.019623 -4.699667 -1.400710 -18.031489 -20.554860 -38.980166 -83.209797 64.979155 -21.884143 12.384666 16.752868 -173.253581 -33.735121 107.523133 -139.884856 46.161646 -92.109998 -89.739171 -61.478902 77.431894 54.570858 -44.938314 -0.770143 0.459452 -53.775838 -21.722413 -80.474962 -85.630970 76.543628 52.988806 -27.988344 16.812710 -10.093342 -34.430850 -13.295179
24.375548 38.895971 -33.898942 -3.613894 130.119721 -5.245300 -1.788782 -19.726978 -19.674377 -38.923769 -83.507915 65.620339 -21.565720 11.786916 15.653035 -172.626365 -33.707827 107.694530 -143.458944 45.004560 -96.334279 -90.631706 -59.510400 78.921497 56.948987 -45.092670 -1.846480 0.282646 -54.020052 -22.018578 -80.596000 -87.913318 77.307790 47.029046 -27.816861 15.907345 -12.106860 -35.380250 -17.188786
24.797189 38.769442 -34.151546 -3.485145 131.775891 -5.641483 -2.160360 -21.834272 -19.214171 -38.925723 -83.588654 66.242870 -21.153697 11.125202 14.855014 -172.344333 -33.679564 107.341484 -147.356564 43.787776 -100.335322 -91.265220 -58.040079 80.114984 58.328388 -45.542294 -2.685326 0.381400 -54.576493 -22.051681 -80.799785 -88.795820 78.015391 43.514070 -28.786034 13.678238 -13.063262 -36.273728 -19.478911
25.184090 38.830103 -34.441668 -3.257223 133.836177 -6.015680 -2.511268 -23.733309 -18.973461 -39.090477 -84.155143 66.623400 -20.892056 10.569325 14.551838 -172.598785 -33.280025 106.391999 -151.549016 42.653705 -104.023392 -91.837918 -56.693671 81.172905 59.133660 -46.379751 -3.389203 0.973628 -55.508561 -21.572319 -81.172482 -88.301130 78.774436 42.198924 -30.093749 11.080918 -13.150784 -36.799878 -20.216083
25.479591 39.078249 -34.683020 -2.826105 136.129823 -5.994888 -2.389626 -25.308395 -19.301666 -39.507969 -85.015556 66.638877 -20.565128 10.144314 14.498313 -173.450441 -32.571601 104.832421 -155.847322 41.511967 -107.568963 -92.339233 -55.431350 82.166233 60.378251 -47.513016 -3.892605 2.080929 -56.754371 -20.534096 -81.745712 -87.517891 79.545367 41.558624 -31.326587 9.155273 -12.639272 -37.219343 -19.873453
25.678551 39.548916 -34.869544 -2.333336 138.305744 -5.825876 -2.124966 -26.359560 -19.604926 -39.988627 -86.349704 66.470902 -20.004299 9.783003 14.310301 -174.316413 -31.674507 103.436788 -160.292450 40.241607 -110.953076 -92.768176 -54.102663 83.163796 61.997149 -48.557007 -4.380322 3.823133 -57.934730 -18.719583 -82.424045 -87.074981 80.303777 40.438999 -32.477423 7.635764 -11.561309 -37.682133 -18.489687
25.780634 40.157036 -34.946498 -1.852011 139.909677 -5.478986 -1.753098 -26.665665 -20.480389 -40.395545 -87.269730 66.334135 -19.196634 9.463776 14.206170 -175.014404 -30.550794 101.938599 -164.656094 38.407704 -114.275355 -93.078082 -52.916559 84.148928 63.751852 -49.259232 -4.950122 5.965691 -58.808762 -16.365343 -82.945107 -87.470681 81.047687 38.472413 -33.305901 6.332764 -10.203687 -37.969735 -16.412431
25.779748 40.827340 -34.942076 -1.455005 140.928372 -5.098289 -1.402760 -26.589465 -21.472634 -40.744752 -88.000007 66.218568 -18.276476 9.188554 14.309479 -175.511027 -29.717286 100.793177 -169.120948 36.161993 -117.153495 -93.116952 -52.005084 84.721803 65.047341 -49.873649 -5.614227 8.218234 -59.597874 -13.850040 -83.213240 -88.379096 81.743834 36.210463 -33.648845 5.103295 -8.706417 -37.821770 -13.773701
25.674872 41.471919 -34.889376 -1.208666 141.443655 -4.817840 -1.283764 -26.226799 -22.107943 -40.973120 -88.873356 66.163640 -17.448301 9.042016 14.542468 -175.745412 -29.260363 100.200535 -173.787948 33.719476 -119.458615 -92.718281 -51.446446 84.514493 65.611152 -50.695580 -6.169964 10.064144 -60.545659 -11.822525 -83.304498 -89.334339 82.319188 34.266045 -33.596980 3.937166 -7.344985 -37.349698 -11.088988
25.506589 42.053913 -34.802010 -0.981896 141.878028 -4.668759 -1.265989 -25.929280 -22.439808 -41.155042 -89.664005 66.102113 -16.811061 9.072705 14.850045 -175.835092 -29.201808 99.974626 -178.625402 31.262093 -121.176462 -92.566337 -51.362538 84.408775 65.870836 -52.125169 -7.137712 10.390669 -61.979165 -11.579933 -83.311711 -89.992762 82.774209 32.832381 -33.446719 2.928179 -6.119260 -36.860338 -8.453974
25.281112 42.528357 -34.687263 -0.764648 142.245520 -4.651452 -1.236722 -25.752571 -22.422345 -41.337804 -90.485984 65.994592 -16.284672 9.265528 15.143895 -175.819082 -29.495147 100.096921 -183.613216 29.100550 -122.655909 -91.551774 -51.556532 83.587356 65.100842 -52.571225 -7.635831 9.732052 -62.115127 -12.337048 -83.339919 -90.328808 83.105951 31.932347 -33.337866 2.194654 -5.160233 -36.507757 -6.156323
25.029873 42.881574 -34.546728 -0.499711 142.514574 -4.801597 -1.161180 -25.676230 -22.054741 -41.551750 -91.196966 65.829268 -16.012071 9.599100 15.455077 -175.633916 -30.119652 100.496767 -188.681189 27.225011 -124.020813 -89.640550 -51.766598 82.099366 63.095881 -52.188021 -7.745967 8.737454 -61.095769 -13.361758 -83.395380 -90.317155 83.398215 31.433941 -33.321317 1.725572 -4.449078 -36.315989 -4.209117
24.756896 43.095583 -34.383726 -0.231663 142.458403 -5.118342 -1.053962 -25.663235 -21.323355 -41.730082 -91.800434 65.689447 -15.949996 9.944626 15.601890 -175.060877 -31.274763 101.300899 -193.838733 25.508863 -125.057758 -87.405931 -51.917832 80.375371 60.365827 -51.510701 -7.988391 8.032236 -59.673505 -14.005006 -83.489063 -90.179657 83.665104 31.143289 -33.226770 1.533405 -4.143612 -36.110312 -2.895965
24.457152 43.149256 -34.195508 -0.001891 141.775985 -5.568698 -0.884454 -25.414036 -20.380006 -41.919886 -92.312889 65.530044 -16.556211 10.361166 15.773007 -174.222020 -32.980794 102.354367 -199.084264 24.016899 -125.955150 -85.365241 -51.807975 78.608128 57.932148 -51.461104 -8.560830 8.179609 -59.010669 -13.752454 -83.616549 -90.155143 83.889087 30.805311 -33.052744 1.757250 -4.210228 -35.853271 -2.194854
24.119420 43.019494 -33.985877 0.078959 140.547548 -6.147766 -0.729774 -24.895355 -19.431212 -42.114342 -92.400561 65.372683 -17.453809 10.702515 16.047275 -173.109095 -35.132044 103.322969 -204.225060 22.525189 -126.753694 -83.698955 -51.599586 76.838098 56.275052 -52.318426 -9.379219 8.762351 -59.433219 -13.128434 -83.791948 -90.351750 84.022098 30.485231 -32.794672 2.294745 -4.729719 -35.523824 -2.258440
23.750996 42.695703 -33.755295 -0.023343 138.932031 -6.870784 -0.703451 -24.085443 -18.280153 -42.306438 -92.464103 65.223409 -18.702301 10.962298 16.520013 -171.816906 -37.490741 104.177351 -209.150610 21.025445 -127.548332 -82.322132 -51.183539 75.210867 56.121824 -52.962687 -10.365867 9.678813 -60.115705 -12.146681 -83.959035 -90.744555 84.099423 30.453963 -32.599376 2.735505 -5.654438 -35.263754 -2.997730
23.333888 42.161965 -33.485660 -0.336661 137.121334 -7.631006 -0.776480 -23.187761 -17.259294 -42.461025 -92.244457 65.127391 -20.263018 11.154782 17.334163 -170.431292 -39.952085 104.785299 -213.800849 19.394430 -127.930768 -81.666700 -51.043120 74.292377 57.890737 -52.789303 -11.626397 10.098663 -60.646240 -11.718156 -84.074206 -91.485316 84.063721 30.810058 -32.550936 2.977294 -7.010115 -35.221943 -4.470537
22.879517 41.413969 -33.149418 -0.664301 135.425671 -8.212935 -0.734722 -22.455135 -16.350686 -42.625025 -91.946244 65.037765 -22.148050 11.390403 18.736099 -169.377408 -42.483681 105.147381 -218.174069 17.815727 -128.086333 -81.736293 -51.904568 74.361082 60.506515 -51.090177 -12.626067 7.599363 -59.677118 -14.481196 -83.992735 -92.652349 83.889831 31.336703 -32.526836 3.135335 -8.738922 -35.383771 -6.659156
22.344021 40.524620 -32.763707 -0.994232 133.667512 -8.615147 -0.395777 -21.526815 -15.846223 -42.702233 -91.719380 65.032949 -24.444866 11.931722 19.966330 -169.000942 -45.010206 105.114999 -222.320745 16.392042 -127.798030 -81.949839 -53.011140 74.566357 62.509290 -48.884432 -12.957768 4.108321 -57.954845 -18.283585 -83.587855 -94.341271 83.526595 31.481705 -32.268143 3.522225 -10.625075 -35.541900 -9.284475
21.750359 39.544327 -32.347953 -1.393178 131.519063 -8.980462 0.140783 -19.981363 -15.123668 -42.662550 -92.206475 65.104953 -27.407133 13.063534 21.380179 -169.308751 -47.717925 105.107759 -226.487188 15.440770 -126.972479 -82.704247 -53.464163 74.585536 64.268426 -47.489090 -13.086378 1.311270 -57.056842 -21.416941 -82.752844 -96.385287 82.995480 31.223267 -31.521733 4.280185 -12.517520 -35.371070 -12.094204
21.124775 38.647305 -31.914339 -1.835435 129.003900 -9.439643 0.604345 -17.759187 -14.008580 -42.412200 -93.280932 65.355498 -30.618587 14.767629 22.804434 -170.009433 -50.444495 105.468380 -230.869410 15.133628 -125.747307 -83.981035 -53.101866 74.274769 66.519595 -47.029459 -11.861590 -0.636277 -57.008188 -23.760246 -81.499135 -98.297432 82.352629 30.892450 -30.367226 5.483907 -14.053656 -34.720297 -14.379539
20.318160 38.062646 -31.428880 -2.275594 127.344998 -9.477330 0.940832 -16.061207 -13.713617 -41.994537 -93.641982 65.761082 -32.861345 16.306646 24.202683 -170.433656 -52.506850 105.766948 -234.884222 14.561533 -123.830715 -84.861521 -53.408360 73.344381 68.072602 -47.214195 -9.591718 -1.833562 -57.223660 -25.302004 -80.065636 -100.241782 81.125148 30.914997 -29.465224 6.857254 -14.751977 -33.932776 -15.280207
19.411738 37.840974 -30.899374 -2.469761 126.362488 -8.968679 1.544771 -14.486430 -14.316036 -41.695412 -93.424734 66.035847 -34.049958 17.514758 25.825674 -170.798688 -53.797637 105.668231 -238.569410 13.679573 -121.272864 -85.974617 -54.813644 73.382466 69.078505 -47.076560 -8.021518 -2.410117 -57.095204 -26.071020 -78.288639 -101.585376 79.453036 32.394655 -28.914930 8.170091 -14.588989 -32.759520 -14.447436
18.442894 37.965416 -30.310180 -2.227691 126.662429 -7.691564 2.416984 -13.765529 -15.964896 -41.432669 -92.496928 66.293823 -34.360745 18.574850 27.665750 -171.190290 -54.416926 105.167496 -241.934863 12.525740 -118.081840 -86.847863 -57.879426 74.051470 68.519515 -47.180006 -7.398907 -2.845639 -57.020052 -26.730239 -76.510427 -101.850592 77.394321 35.849529 -29.002943 9.368701 -13.657492 -31.433101 -11.843965
17.487174 38.370389 -29.716830 -1.724878 127.868914 -6.071677 3.352887 -13.178730 -18.221107 -41.262074 -91.714428 66.493469 -33.976387 19.598270 30.333867 -171.929249 -54.282894 104.335805 -245.159969 11.479280 -114.708779 -87.182126 -61.910126 74.531147 66.136892 -47.734611 -6.932107 -2.933447 -57.037325 -27.028911 -75.012990 -100.682815 75.441249 41.371241 -29.894536 9.618435 -12.242713 -30.150159 -7.937530
16.593673 39.020919 -29.153432 -1.264879 129.500264 -4.611975 3.920348 -12.436451 -20.381930 -40.937470 -91.544547 66.856077 -33.171565 20.828390 33.424774 -172.748830 -53.874647 103.672498 -248.206151 10.716570 -111.332411 -87.170235 -66.339565 74.855287 62.231677 -48.365819 -6.738939 -2.539291 -56.851684 -26.673772 -73.911321 -98.266143 74.186229 48.494743 -31.292980 8.058810 -10.633345 -28.976295 -3.757343
15.686308 39.902443 -28.730940 -0.522386 130.777031 -3.846691 5.351801 -11.986735 -21.755544 -41.400304 -91.185867 66.382506 -32.124439 21.883914 36.759986 -174.400739 -56.907640 101.823511 -245.565108 15.154305 -108.846981 -87.112403 -69.874707 75.560293 58.023106 -48.205973 -6.751305 -1.619244 -55.824980 -25.434228 -73.036729 -94.712082 73.609277 54.369163 -32.989534 6.418243 -9.476483 -28.799476 -1.270563
14.926756 40.913290 -28.273727 -0.771532 131.114429 -3.669058 4.766723 -9.784450 -22.802489 -40.694182 -91.971496 67.087347 -30.108758 23.604891 40.015555 -174.549350 -56.595016 101.641295 -248.575719 15.711334 -103.653373 -87.075363 -73.576198 75.745200 52.740146 -47.803203 -6.387877 0.037187 -54.272123 -23.127932 -72.730982 -91.878557 73.607091 58.634681 -35.446284 4.995423 -10.115123 -30.732282 -2.332489
14.222895 42.025289 -27.866995 -1.259698 130.365635 -3.981342 4.025970 -6.587771 -23.658438 -40.122324 -92.502563 67.632506 -27.081248 25.059250 43.508834 -174.696226 -55.904788 101.209313 -251.303314 16.470023 -98.370830 -87.021214 -76.583838 75.757289 47.196460 -46.976764 -5.264307 2.224769 -52.296286 -20.009321 -72.735415 -88.815928 73.985558 60.833544 -37.476876 4.608586 -10.535434 -32.610383 -2.952157
13.576582 43.176388 -27.499287 -1.931494 128.679562 -4.696477 3.330767 -2.580328 -24.455952 -39.629345 -92.477292 68.081263 -23.230322 25.994431 46.934803 -174.854236 -55.315848 100.267969 -253.166207 15.886708 -93.300944 -86.982951 -78.637539 75.739414 42.310403 -45.783250 -3.766411 4.914934 -50.335171 -16.184094 -72.912720 -85.781773 74.577429 60.925779 -39.073132 5.124685 -10.945061 -34.318040 -3.511350
12.953290 44.262275 -27.180829 -2.981379 126.386845 -5.842695 2.666155 1.923942 -25.478856 -39.149975 -91.806683 68.530874 -18.692669 26.292216 50.146009 -175.027231 -54.983692 98.430887 -254.202019 13.988956 -87.762494 -87.071682 -79.942283 75.541421 37.713982 -44.364220 -1.396719 7.579621 -48.550791 -12.337047 -73.337913 -82.804391 75.173629 59.715893 -40.127457 6.063789 -11.250511 -35.573958 -3.829516
12.384711 45.198025 -26.868102 -4.053098 124.161897 -7.127011 2.319571 5.929423 -26.675587 -38.642185 -90.592446 69.082555 -13.934091 26.268774 53.065396 -175.253488 -55.137231 95.739759 -254.517164 11.082409 -81.683373 -87.304031 -80.532138 75.342751 33.836433 -42.981919 1.919004 9.678395 -47.334485 -9.314883 -73.868100 -79.741270 76.077659 58.290993 -40.626170 6.514115 -11.413624 -36.173218 -3.839772
11.850694 45.886535 -26.573679 -5.088076 122.010633 -8.573997 2.163282 9.591689 -27.490506 -38.186256 -89.804563 69.651052 -9.430143 26.448104 56.223044 -175.851594 -56.090569 92.932298 -254.233520 7.861121 -76.617674 -88.222350 -80.537568 75.582812 32.354538 -44.717764 3.656434 10.755559 -49.232017 -8.033135 -74.604579 -76.543690 77.184601 56.768359 -41.015785 6.677240 -11.721639 -36.657905 -4.076518
11.352660 46.318568 -26.300463 -6.030889 120.165294 -10.137989 2.035697 13.016675 -27.908315 -37.849787 -90.169576 70.102828 -5.237146 26.810251 60.146830 -176.750857 -57.339349 90.461341 -253.591810 4.715552 -72.991848 -89.340288 -80.110947 76.193677 32.093584 -47.101797 4.366752 10.633092 -51.438687 -8.354985 -75.674671 -73.051858 78.727670 55.933966 -41.891562 5.763041 -11.732065 -37.416589 -3.846754
10.867420 46.494002 -25.999450 -6.717153 118.997673 -11.585165 1.727435 15.829329 -27.998772 -37.588461 -91.616121 70.409060 -1.263703 26.668042 64.975501 -177.318022 -58.824738 88.530344 -252.924610 0.865427 -69.893619 -90.363102 -79.561390 77.231094 33.014034 -48.602807 3.738526 9.879071 -52.479024 -9.352496 -77.009119 -69.416510 80.723602 55.721073 -43.217305 3.728533 -11.595762 -38.589937 -3.420722
10.369058 46.457233 -25.687794 -7.276665 118.570991 -12.926536 1.185750 17.932187 -27.972391 -37.344660 -93.681543 70.534291 2.368789 25.910919 70.023058 -177.544975 -59.894434 86.856401 -252.488734 -4.308620 -66.796436 -91.373540 -78.963154 78.640264 35.422088 -49.531026 1.178438 9.577354 -53.015341 -9.724287 -78.561478 -65.721958 83.073719 56.105097 -44.454949 0.717201 -11.262387 -39.783728 -2.657696
9.838277 46.230029 -25.384492 -7.808158 118.688388 -14.137058 0.325158 19.472632 -27.707952 -37.055351 -96.147965 70.490598 5.515005 24.689976 74.954236 -177.915759 -60.618448 85.756406 -251.973356 -8.573754 -64.944362 -92.420000 -78.746282 79.964966 38.247926 -50.196317 -2.233222 9.497609 -53.787736 -9.848465 -80.183866 -62.158082 85.425005 56.812267 -45.540170 -2.658918 -10.950947 -41.116584 -1.934730
9.298383 45.805916 -25.093445 -8.323652 119.058544 -15.275797 -0.784597 20.800402 -27.196082 -36.703429 -98.857453 70.259158 8.136386 23.056145 79.597481 -178.528263 -61.273893 85.218447 -251.591247 -12.044541 -64.498071 -93.472498 -78.574086 81.180008 41.701139 -50.405912 -5.870933 9.499858 -54.724763 -9.881078 -81.558770 -58.711090 87.458790 57.329418 -46.247440 -5.968315 -10.570749 -42.283440 -1.108583
8.767357 45.191459 -24.773547 -8.527090 119.567625 -16.107610 -1.581166 21.779282 -26.189517 -36.407073 -101.176323 69.775041 10.024434 21.292432 83.978521 -179.276947 -62.540545 85.296803 -251.188376 -14.175049 -65.196109 -94.388392 -78.403175 82.283303 45.478736 -50.118552 -8.934010 9.376884 -55.623175 -10.063419 -82.458046 -55.321530 89.267362 57.647466 -46.646545 -9.250549 -9.959334 -43.241217 0.083103
8.230694 44.376311 -24.409010 -8.499614 120.093795 -16.616177 -2.283811 22.307985 -25.182327 -35.981891 -102.649171 69.326386 11.249918 19.655929 87.984591 -179.738832 -64.261486 86.170322 -250.101938 -14.056568 -66.015937 -95.196328 -78.788978 83.264705 48.364966 -49.528003 -10.592934 7.525799 -55.716268 -12.249298 -82.957217 -52.141999 90.706292 58.027204 -47.318058 -12.536278 -9.119663 -44.608194 1.555839
7.680142 43.379273 -23.985192 -8.040755 120.735478 -16.467311 -2.914319 22.105926 -24.524018 -35.440188 -102.701532 68.958362 11.803182 18.107366 92.036458 -179.666282 -66.060306 88.125348 -248.329941 -11.816032 -66.891253 -95.704351 -79.529302 84.119462 50.046889 -48.705266 -10.205284 5.224468 -54.668691 -14.858472 -82.876457 -49.285101 91.894089 58.559460 -48.102884 -15.791809 -8.155362 -46.294387 3.144740
7.095280 42.216930 -23.518698 -7.427912 121.364962 -15.842422 -3.517613 21.127121 -24.097956 -34.761411 -101.210467 68.863559 11.767919 17.075869 96.374399 -178.814544 -68.273635 90.862273 -244.900831 -6.657345 -65.996464 -96.116034 -80.902020 84.828409 50.880989 -47.968965 -8.792406 2.226710 -53.405348 -18.414753 -82.149827 -46.782288 92.608711 59.019487 -48.644437 -18.633156 -7.267740 -47.697820 4.649522
6.382232 40.896811 -23.003366 -7.025083 121.629290 -14.971462 -3.998127 20.117933 -23.699952 -34.312172 -99.018980 68.827031 11.465068 16.908449 100.769790 -177.468778 -71.048413 93.776175 -241.515762 -2.287433 -64.347670 -96.670700 -82.903115 85.167125 51.163550 -48.074126 -6.827543 -0.910544 -53.076690 -22.545580 -80.322779 -44.832098 91.984473 58.824376 -48.426465 -19.836971 -7.345728 -47.692202 4.689693
5.683837 39.521644 -22.461407 -6.846943 121.635588 -14.246100 -4.733539 19.338769 -22.961715 -33.559885 -97.382918 69.387147 11.457700 17.992721 104.589123 -175.544113 -73.676882 96.922228 -239.117574 -0.619041 -62.604660 -97.401762 -84.886397 85.197150 51.690902 -49.396406 -5.433759 -3.687140 -54.395787 -26.888570 -77.190454 -43.088375 90.061351 57.625992 -47.119692 -19.351258 -7.956390 -45.704750 3.790512
4.922591 38.130490 -21.947088 -7.321996 121.506770 -13.998094 -5.561969 19.117261 -21.770709 -32.554416 -97.367366 70.444584 12.098283 20.373696 107.681402 -173.699388 -76.204960 99.418765 -238.544876 -3.418457 -61.013793 -98.157345 -86.775163 84.949180 53.162661 -50.885749 -4.965756 -5.860757 -56.308062 -30.846080 -74.543967 -40.902328 87.914315 58.119644 -44.591771 -17.859172 -8.419310 -43.132839 2.997532
3.969126 37.026889 -21.269557 -8.433953 121.078367 -13.310208 -7.436938 19.747335 -22.295626 -30.907258 -97.120010 72.038627 13.388931 21.849587 108.781247 -171.160825 -76.678839 102.103562 -238.413436 -8.150291 -57.589676 -98.341173 -89.822930 84.619453 55.040403 -51.366605 -4.883589 -7.270701 -57.284346 -33.645041 -73.893836 -40.367767 85.994554 60.957984 -42.731788 -16.183701 -8.775175 -42.077667 2.518880
2.733684 36.360893 -20.314691 -9.557634 121.117231 -11.341525 -9.784451 19.522964 -24.517688 -29.084936 -95.372349 73.661760 15.296064 22.232351 107.869936 -167.615984 -77.495907 106.013962 -237.269352 -11.052884 -53.819572 -97.550223 -94.246734 83.919338 58.751901 -50.819777 -6.456962 -7.149150 -57.443776 -34.445201 -74.547676 -43.255889 84.453103 64.337445 -43.545202 -14.148568 -10.890528 -44.150626 -0.440235
1.441268 36.014037 -19.224665 -10.624650 122.442219 -8.879204 -11.596249 17.993416 -25.657811 -27.626787 -94.122500 74.831628 17.316410 21.761377 106.246454 -163.949088 -81.620125 110.635186 -235.656935 -11.790033 -52.801645 -95.768070 -97.572831 82.163713 67.072430 -49.243215 -9.718330 -5.196788 -57.352409 -33.119222 -73.975641 -46.986548 83.112706 66.641951 -43.393131 -11.627478 -13.077374 -44.887149 -3.565497
0.381311 36.072645 -18.195953 -11.594116 124.687494 -6.910839 -12.232368 17.428372 -24.397769 -27.690518 -95.817363 74.397282 18.997085 20.596651 105.062427 -160.892783 -87.460688 114.324526 -234.566728 -11.486606 -55.565833 -93.296395 -96.420292 80.318052 82.134766 -45.889790 -15.087574 0.152145 -57.058140 -27.657540 -74.770907 -50.547641 84.259850 69.679978 -42.615913 -12.204398 -14.013245 -45.463419 -4.873053
-0.338190 36.464674 -17.454749 -12.956729 127.892943 -5.841838 -11.817977 16.974502 -22.193924 -28.695448 -98.073771 72.790514 20.418495 18.767917 103.869781 -158.431292 -93.030865 116.348584 -233.686180 -10.999706 -59.052477 -92.054366 -90.996384 80.126240 97.324206 -40.974534 -19.693240 7.549281 -56.765934 -18.984355 -75.637235 -53.736455 85.511038 71.351551 -42.294635 -13.935812 -13.748613 -46.183284 -4.463319
-1.213812 36.732232 -16.654287 -14.900379 130.598503 -4.112623 -11.677825 16.812179 -21.181065 -28.974492 -101.386905 71.887318 21.474560 17.433057 103.380466 -156.552772 -97.691390 116.979598 -232.745198 -10.526735 -62.012469 -91.866953 -86.886713 80.404563 105.943173 -36.563714 -18.785701 10.283146 -55.777179 -15.515304 -76.529599 -58.030769 85.401509 72.623428 -42.417510 -14.263340 -14.335044 -47.223825 -5.234262
-2.070125 37.139062 -15.939003 -16.915635 132.616592 -1.870384 -11.708839 17.598170 -20.830636 -29.501838 -105.646573 70.692875 21.680460 15.739245 104.626586 -154.970162 -100.178924 117.003982 -231.392821 -9.613624 -64.150072 -91.760641 -82.931371 80.850882 112.947478 -36.575861 -18.252274 8.821785 -57.906788 -17.639344 -77.110336 -63.312602 83.721501 71.381781 -43.429106 -12.453669 -14.939656 -47.889820 -5.999745
-2.795477 37.938787 -15.139383 -18.794871 134.823153 1.289920 -12.231033 17.217660 -20.710097 -29.722637 -109.056080 69.800381 21.575499 14.636631 106.728761 -152.409879 -103.189316 117.345983 -229.653691 -7.289059 -66.605163 -90.726789 -78.945348 81.614736 116.033767 -37.491264 -16.308122 7.836130 -59.311922 -19.060121 -77.637640 -70.107186 82.341441 68.120557 -44.204677 -10.524639 -14.755184 -47.572869 -5.609994
-3.436524 38.973631 -14.381828 -20.926235 137.879116 4.744384 -13.229031 15.732770 -19.788376 -29.822474 -113.167239 69.421954 21.298862 14.416098 110.127839 -149.898897 -105.979455 117.198792 -227.962304 -4.556075 -69.164169 -88.819657 -75.354110 82.020108 114.871501 -38.291267 -12.965943 6.759807 -59.071717 -20.278173 -78.513544 -77.104790 81.327486 64.533212 -44.665715 -8.782787 -13.954253 -46.919120 -4.318350
-4.041838 40.241575 -13.704920 -23.754544 141.496589 8.255133 -14.979988 12.454233 -18.901973 -29.531518 -116.285733 69.990164 20.820249 14.821063 115.247708 -146.708488 -109.268950 117.131679 -226.360419 -1.322528 -71.874934 -86.586834 -72.720484 82.550103 112.529443 -39.703572 -11.080503 5.781157 -59.524600 -21.519739 -79.831770 -84.259133 80.246178 61.731475 -44.921420 -8.300634 -12.725429 -46.438859 -2.388393
-4.539008 41.845974 -12.971575 -26.971276 145.528013 12.511097 -16.373150 8.392248 -18.800135 -30.074354 -117.920784 70.381165 20.143345 15.561951 121.951498 -145.697374 -108.111697 117.805450 -224.971377 -1.394687 -69.873908 -84.297689 -71.916407 83.817165 110.164135 -41.429499 -11.219243 5.137300 -60.654402 -22.517745 -80.705037 -92.074645 78.786341 59.979620 -44.877256 -9.937145 -10.818671 -46.011747 0.558893
-4.864180 43.790621 -12.116619 -30.374995 149.086787 17.739511 -17.195100 3.938941 -20.047143 -31.038132 -117.079305 70.866095 19.951254 16.800986 128.771469 -144.815829 -105.752755 118.919672 -223.456810 -1.718306 -66.761452 -82.182482 -72.800125 85.883284 108.414882 -42.221552 -12.924116 4.683139 -61.335515 -23.198625 -80.797108 -100.810942 76.753547 57.379279 -44.306515 -11.354526 -7.877658 -44.460901 5.128858
-5.053337 45.798702 -11.134988 -32.895584 150.470338 24.126378 -16.905746 1.437808 -22.261861 -32.090404 -115.513197 71.897133 21.163578 18.925380 135.200876 -144.705754 -103.017298 119.373019 -221.909800 -2.367878 -63.062699 -79.974036 -73.786185 88.329939 107.661273 -41.304606 -13.867087 4.072919 -60.522750 -23.744946 -80.897751 -110.308457 76.115956 52.287123 -42.394578 -9.663398 -3.793609 -40.330208 11.061003
-5.094511 47.636356 -10.324200 -34.480543 149.978974 30.463337 -16.495624 0.890395 -23.894249 -32.183855 -112.649545 73.173449 23.586954 20.612877 139.283362 -144.416905 -100.684406 119.665720 -220.176271 -2.387118 -60.074854 -78.234674 -72.439941 90.784060 108.496059 -39.868398 -14.272724 3.354060 -59.630748 -24.397511 -81.198942 -116.761305 77.087824 49.819403 -38.686816 -5.309683 1.565335 -35.509170 18.055125
-5.123362 49.236826 -9.743541 -35.326251 148.936305 36.084064 -15.514602 0.810791 -23.774792 -31.966781 -108.848565 73.981433 27.428453 22.175372 141.208205 -143.949597 -100.499567 119.557120 -218.667673 -2.390673 -59.630331 -77.357083 -68.463979 92.566337 109.949278 -38.463295 -13.153221 2.637222 -58.691699 -25.045766 -79.190381 -120.041982 76.208546 53.710483 -40.140831 0.588625 3.401863 -37.305629 22.429897
-5.129592 50.594191 -9.344928 -35.331872 147.162955 41.151275 -15.669467 1.735043 -22.415629 -30.473978 -105.164593 75.295425 32.518015 23.520574 140.073738 -142.612560 -101.032042 120.368601 -217.233415 -2.755923 -58.705845 -77.557939 -62.275384 93.258139 111.244220 -37.661526 -10.604275 2.123303 -58.103402 -25.576627 -75.885068 -120.317471 75.604812 59.710723 -40.532351 8.337661 4.638840 -38.542631 25.744702
-5.134193 51.779951 -9.001608 -35.048580 145.743956 45.865957 -16.468653 3.515319 -20.850310 -28.426518 -103.403805 76.979107 38.144810 25.066994 137.973236 -140.985145 -100.737558 121.451022 -215.744926 -2.855813 -58.660520 -78.781642 -55.615143 93.899043 112.752852 -36.839698 -8.052464 1.879919 -57.619995 -25.842367 -71.481830 -118.157191 74.484155 66.952540 -39.154418 16.962968 5.314310 -38.746307 27.966585
-5.144890 52.964605 -8.725915 -35.097248 144.725397 50.208441 -17.435125 5.967796 -19.828145 -26.517846 -103.899055 78.728770 43.814069 27.346098 137.054685 -139.314863 -99.879393 122.527337 -213.870326 -1.953476 -58.935476 -80.788188 -49.694353 93.880964 113.736672 -36.223570 -5.170138 1.974770 -57.224561 -25.763356 -65.997666 -114.857636 71.659865 74.082049 -39.495965 24.865410 4.363161 -41.858685 30.030501
-5.142735 54.217967 -8.525930 -35.711651 144.147331 54.406965 -17.821372 7.756546 -19.902348 -25.244548 -103.119703 79.782538 49.169893 29.674979 137.080134 -137.682953 -98.863225 123.626711 -211.856171 -0.271094 -59.308151 -83.239966 -45.223506 93.487142 114.400000 -35.615004 -2.346275 2.208679 -56.783454 -25.526838 -60.348580 -111.071887 67.469783 80.384032 -38.975105 31.828251 2.735841 -45.987582 31.967307
-5.147463 55.534195 -8.429139 -36.276248 143.610642 58.605584 -17.569752 9.148564 -20.170307 -24.568126 -101.024829 80.223420 54.231275 31.895102 137.910699 -136.686142 -98.343270 124.172074 -210.065432 1.320917 -59.520488 -85.673446 -41.739187 92.039415 114.895912 -35.473014 0.661244 2.360598 -56.690331 -25.506235 -54.973573 -106.686257 62.882560 85.524869 -37.731099 36.718568 0.708118 -50.904737 33.801390
-5.185251 56.824445 -8.392294 -36.661484 142.948018 62.623484 -17.324094 10.687025 -20.614821 -23.883701 -98.438831 80.490071 58.609710 33.101603 138.666596 -136.021988 -97.771419 124.475676 -208.312669 3.057263 -58.743561 -87.870459 -38.658416 89.836508 115.621497 -35.777839 3.337423 2.573404 -56.870156 -25.499335 -50.908757 -100.989852 59.204626 89.006859 -36.804997 38.738261 -1.555358 -56.838225 35.493064
-5.185872 58.087005 -8.473925 -37.244154 142.400729 66.569858 -16.967074 13.014677 -21.603340 -23.592203 -96.629493 80.598199 61.970142 33.773858 139.426632 -136.132022 -94.632421 124.114509 -210.958029 3.254893 -57.696008 -89.481482 -36.159414 87.322999 116.398445 -36.058085 5.731133 2.860518 -56.890698 -25.384415 -48.765423 -94.681687 57.417152 90.108165 -35.731155 38.094974 -3.849853 -62.794041 36.289143
-5.220589 59.336876 -8.573264 -38.558160 141.900527 69.674432 -17.374070 14.434182 -21.666490 -22.455036 -94.665302 81.495604 66.050894 34.666181 140.465996 -135.786442 -93.190773 124.220978 -209.307500 5.437096 -56.588920 -90.650694 -33.808579 85.171694 117.584083 -36.323301 7.165846 3.014029 -56.482147 -25.287421 -48.873890 -87.083525 58.022211 90.309403 -34.457922 33.769347 -5.870661 -67.323932 36.378168
-5.219774 60.587458 -8.640615 -39.716597 141.700798 72.804503 -17.296264 15.878935 -21.229481 -21.446446 -92.662827 82.438437 70.261814 36.147127 142.236408 -136.001784 -92.678680 123.727306 -207.859063 7.410474 -56.833427 -90.868973 -31.441601 83.091813 118.941133 -36.594975 8.608307 3.120330 -55.815626 -25.179907 -49.853978 -80.497775 60.524635 89.721037 -30.127684 29.816409 -7.972917 -68.417431 34.821974
-5.173932 61.855635 -8.735574 -40.884501 141.397729 75.787697 -17.232231 17.714055 -20.105983 -21.062413 -91.293852 82.804514 74.120018 37.188075 144.158341 -136.439531 -92.920817 122.921849 -206.317106 9.921215 -58.061451 -90.318672 -29.089219 80.843902 120.129367 -36.991775 9.793138 3.135508 -55.052616 -25.160262 -51.622618 -74.451774 63.877541 87.851273 -27.744812 24.191056 -9.282704 -69.918420 34.070626
-5.116393 63.109449 -8.849596 -41.993810 141.130423 78.670556 -16.851962 19.714554 -18.665802 -21.310228 -90.051973 82.609383 77.571688 37.824758 146.231372 -137.140213 -93.222021 121.793925 -205.044628 12.269911 -59.851281 -88.959273 -26.522253 78.606318 121.128187 -37.312558 10.925279 3.033670 -54.051122 -25.223352 -53.496982 -69.040911 67.193174 86.491321 -25.081541 19.233533 -9.946536 -70.031582 33.561927
-5.043629 64.360270 -8.981905 -43.285692 140.900068 81.417474 -16.184657 21.698536 -17.038009 -21.874570 -88.650671 82.144226 80.995662 38.752287 148.364536 -138.108556 -92.990273 120.438939 -204.256739 14.063079 -61.599475 -86.993702 -23.818642 76.697068 121.897457 -37.850091 11.776406 2.897238 -53.121776 -25.356475 -55.492203 -64.140961 70.570225 85.981734 -25.867420 13.110577 -10.834855 -71.883397 33.186755
-4.970930 65.637855 -9.076063 -44.866601 140.721718 83.975209 -15.287828 23.545088 -15.062601 -22.333440 -87.588181 81.720393 84.384733 40.232095 151.234663 -139.232136 -92.735097 118.919112 -203.759774 15.952470 -62.884015 -84.848203 -20.880891 75.847994 122.657316 -38.654506 12.078847 2.629881 -52.292512 -25.701305 -56.650764 -59.743146 72.971542 86.979754 -25.943049 9.630844 -12.606274 -72.527832 31.527579
-4.877880 66.921996 -9.154684 -46.655871 140.564610 86.329541 -14.189352 25.504452 -12.533991 -22.804936 -87.409353 81.210833 87.190179 41.546658 154.934235 -140.411368 -92.841826 117.263884 -203.400315 18.337373 -64.136876 -82.525822 -17.707031 75.822784 122.976900 -39.279943 12.232828 2.369299 -51.353006 -26.026409 -57.223619 -55.437097 74.838540 89.076158 -26.487441 7.456863 -14.961243 -73.253328 29.221171
-4.754044 68.228706 -9.224688 -48.541441 140.329993 88.608672 -12.968609 27.418876 -9.338995 -23.393724 -87.753219 80.575830 89.703449 42.533282 158.933926 -141.681592 -93.696316 115.317772 -203.313039 20.799582 -65.769797 -80.188798 -14.487562 76.299790 122.811979 -39.439988 12.450670 2.061426 -50.111568 -26.330849 -57.525513 -50.612696 76.266965 92.145679 -27.683424 5.959492 -15.732977 -74.358268 28.657527
-4.558111 69.531034 -9.312757 -50.365398 140.035557 90.901294 -11.674848 29.077423 -5.725569 -24.126451 -87.993395 79.751857 92.464949 43.579861 163.281164 -143.019708 -95.240854 112.933995 -203.535826 23.775345 -67.608061 -77.785753 -11.401848 77.071144 121.686855 -38.359787 13.106836 1.536080 -47.922947 -26.555982 -57.372442 -45.311106 77.264432 95.549442 -28.806938 5.357585 -14.954590 -75.378494 29.707758
-4.363801 70.767454 -9.457819 -53.283409 139.553551 92.307739 -10.034929 29.724990 -1.490131 -25.239386 -88.042402 78.606762 95.457078 44.308684 166.886875 -144.499878 -96.914517 110.078430 -204.474991 26.693062 -68.951723 -75.735084 -8.684764 78.821380 119.769676 -36.845315 13.788937 0.894451 -45.464574 -26.788760 -57.188890 -39.845135 78.938190 98.944204 -30.880699 3.824899 -14.458605 -77.205726 30.571718
-4.138582 71.997541 -9.638022 -56.427195 138.779526 93.657582 -11.042446 29.962107 0.862543 -24.814731 -87.507291 79.073537 97.865826 44.613730 170.124467 -144.395499 -98.020885 108.697167 -205.879291 29.336219 -70.621308 -74.161251 -6.372801 80.728328 117.238134 -35.525856 14.327297 0.169772 -43.349855 -27.294754 -56.696990 -34.811715 80.576069 101.531664 -31.918977 2.697371 -15.460328 -78.221512 29.725287
-3.899355 73.168687 -9.827007 -60.186753 137.875278 94.514737 -10.021435 30.472602 3.388848 -25.781895 -87.308976 78.304840 99.521436 44.486279 172.012713 -145.677457 -97.048765 106.069368 -207.718729 31.588382 -72.685978 -72.973529 -4.254615 83.172819 114.311351 -34.252514 15.049086 -0.387721 -41.437426 -27.646403 -55.858943 -30.260713 82.791038 102.695350 -31.839354 1.649718 -17.806891 -78.316711 27.352710
-3.591945 74.333466 -10.102252 -63.840043 136.727396 95.627190 -9.460841 31.303218 4.818349 -26.593768 -86.917695 77.719773 101.203336 44.400789 173.573193 -146.983499 -94.541593 103.727296 -210.033713 33.619632 -74.961565 -72.219162 -2.460334 85.123889 111.236119 -33.189143 15.788273 -0.905656 -39.803867 -28.069482 -55.085851 -26.097728 84.861364 102.374195 -31.731918 0.715057 -20.187094 -78.406091 24.931621
-3.237397 75.473365 -10.454240 -67.091685 135.447186 97.071270 -8.581736 33.017920 5.494023 -27.652395 -86.787450 77.135437 101.717131 44.005061 173.961066 -148.692139 -90.136873 101.422476 -212.493851 35.941060 -78.072272 -71.483858 -0.521482 86.222505 108.040069 -32.724242 16.404798 -0.967472 -38.882617 -28.156183 -54.533187 -21.869832 86.704224 100.959820 -31.228393 0.101069 -21.339254 -78.042773 23.716519
-2.794121 76.509341 -10.945412 -70.104734 133.916090 98.819580 -8.128086 34.873098 5.810857 -28.709365 -87.023877 76.508384 102.231075 43.694896 174.817531 -150.286510 -85.299446 99.884755 -215.052331 38.357704 -82.080084 -70.791024 1.211122 86.657028 104.610822 -32.421767 16.692938 -0.875697 -38.263608 -28.137471 -54.292648 -18.095534 88.074436 98.502092 -30.581656 -0.419296 -21.924450 -77.468518 23.057838
-2.256803 77.437161 -11.523471 -73.065307 132.182780 100.492819 -7.353496 36.359218 6.637063 -29.860737 -87.638362 75.691747 102.484072 43.496489 176.230273 -152.244097 -81.034942 98.768791 -217.923701 40.351091 -86.429992 -70.152053 2.999628 86.965131 101.054124 -32.157815 16.613216 -0.870618 -37.814393 -28.302409 -54.091871 -14.780193 89.033674 95.202844 -29.890858 -0.857255 -22.456832 -76.782343 22.423596
-1.638599 78.244952 -12.163076 -76.171035 130.239058 102.224081 -7.191344 37.996626 6.478705 -30.568273 -88.371043 75.426885 101.746213 43.205758 176.668908 -153.902057 -75.393821 98.760103 -221.057228 41.367604 -90.790003 -69.639577 4.487649 87.282427 97.316269 -32.318491 16.078639 -0.903977 -37.919206 -28.856617 -53.720790 -12.288284 89.476735 91.485084 -29.301563 -1.227599 -23.132343 -76.192037 21.681157
-0.945719 78.916858 -12.893888 -78.788356 128.100881 104.311359 -7.422177 39.872787 5.785785 -31.081039 -88.974252 75.420848 100.505865 42.743737 175.905634 -155.673057 -69.593603 99.588468 -224.004018 41.393781 -95.518017 -68.901302 5.897138 87.221891 93.139205 -32.424878 15.186518 -0.772156 -38.257484 -29.303021 -53.213215 -10.211140 89.170312 87.210888 -28.767613 -1.729644 -24.180770 -75.596862 20.519440
-0.178720 79.451121 -13.690110 -80.951020 125.850935 106.831337 -5.822279 41.760941 3.729235 -32.695781 -87.901536 74.797675 98.235647 41.475279 171.973344 -159.017527 -62.355249 98.941000 -226.463787 38.599171 -99.612613 -67.967281 7.212319 86.990047 88.630809 -32.163470 14.003111 -0.515765 -38.414661 -29.372252 -52.895041 -8.240272 88.352452 83.280182 -29.762051 -2.590629 -24.696103 -76.311217 20.045157
0.675840 79.841942 -14.544948 -83.024569 123.453443 109.588493 -6.745585 43.165966 1.910789 -32.971133 -88.242964 75.318504 96.482200 39.983555 169.654645 -161.301310 -56.947945 100.812930 -228.537529 36.674824 -103.921772 -66.720518 8.268978 86.790210 84.087203 -31.818593 12.819494 -0.089393 -38.552497 -29.039714 -52.243014 -6.403135 87.184510 79.854528 -30.952901 -3.822075 -24.473258 -77.044739 20.322813
1.577675 80.072936 -15.470373 -85.007428 120.824475 112.453020 -8.283487 43.384173 0.108425 -32.959563 -88.223887 76.051096 95.380095 38.371897 167.650258 -163.331106 -53.241031 103.403231 -230.635080 34.653139 -107.426294 -65.249774 9.092992 86.584997 79.581143 -31.847506 11.709279 0.964962 -39.196632 -28.119581 -50.714862 -4.566816 85.739494 77.109250 -31.386475 -5.343473 -24.376460 -77.026953 20.409205
2.600341 80.115823 -16.492100 -86.422158 118.120977 115.516531 -9.361294 41.873223 -0.140935 -33.323178 -87.891277 76.318642 94.915580 36.975506 166.996199 -165.547721 -53.575840 106.520441 -233.356309 33.258185 -109.776788 -63.591021 10.124041 86.230879 75.328251 -32.272821 10.747046 2.411373 -40.329306 -26.921599 -48.590123 -2.215006 84.305332 75.357081 -31.530407 -7.397891 -24.442233 -76.744306 20.292782
3.701893 79.995741 -17.568030 -87.120968 115.349642 119.582433 -10.991782 40.721144 -1.228734 -32.997805 -88.390701 77.242261 94.306102 35.491872 166.504029 -167.002961 -52.687697 109.383690 -235.881129 30.909806 -111.211845 -62.408763 10.971168 85.769943 71.272546 -32.161879 9.317300 4.362128 -40.859564 -24.298617 -45.967508 0.365220 82.676066 74.648456 -32.279894 -10.148744 -24.830113 -77.162915 19.915650
4.889637 79.652723 -18.718526 -86.713315 112.476407 124.860065 -12.857093 39.671996 -2.450617 -32.338750 -89.470253 78.402574 93.499409 33.803364 165.414983 -168.136554 -51.644822 112.446108 -238.406660 28.707288 -112.185652 -62.019067 11.540407 85.277268 67.447879 -33.438642 7.787401 6.029772 -42.634256 -22.594662 -42.276385 3.721318 80.760334 75.374539 -33.626773 -13.770778 -25.086083 -78.520968 19.763275
6.176312 79.058160 -19.935032 -85.286154 109.537123 131.196937 -14.676630 38.166038 -3.547429 -31.349537 -90.220802 79.742083 93.232779 32.232971 164.331319 -169.347560 -51.140939 115.588739 -241.444318 27.228600 -112.386214 -61.695555 11.913929 84.554983 63.779815 -35.409340 6.991308 6.848251 -44.953993 -22.325389 -37.786389 7.316878 79.930548 77.501166 -34.460951 -19.267699 -25.559210 -80.448242 19.409716
7.521827 78.263453 -21.225769 -81.796583 106.462227 139.717516 -16.993745 36.784008 -5.265573 -29.675697 -90.897585 81.684404 93.229125 30.620035 162.523122 -170.516656 -49.698458 118.402572 -244.811329 26.062462 -111.934875 -62.050657 12.109393 84.371674 60.982729 -36.480898 5.615008 7.662371 -46.280597 -21.677962 -32.071806 11.347360 80.424200 80.726088 -33.527278 -26.409505 -25.784219 -82.422270 19.297219
8.940919 77.206801 -22.561009 -76.270195 102.851208 150.485596 -20.365368 33.857135 -6.746263 -26.790229 -90.997838 84.723722 94.757789 29.861693 161.765094 -171.065435 -49.174398 122.501505 -248.844118 25.920126 -110.742440 -62.140105 12.138094 85.023800 59.521472 -36.781183 4.203712 8.919345 -46.837974 -20.133825 -25.146646 14.724481 82.490305 83.725196 -31.486127 -34.291422 -25.747884 -85.108528 19.444355
10.414238 75.891441 -23.921766 100.478448 82.994025 332.828998 -18.680627 27.444969 -7.885714 -27.242479 -86.910469 85.013841 96.313372 28.426814 157.109186 -172.758994 -48.361318 121.052303 -251.330607 22.114722 -108.974746 -61.168989 11.344831 88.921468 60.750974 -36.894585 3.183380 9.358934 -47.102258 -19.438737 -21.083686 13.054313 84.505710 82.567616 -32.053968 -37.534355 -24.857370 -86.812544 20.383888
11.937879 74.288062 -25.330426 1.813872 86.515233 239.798079 -14.544977 19.006239 -9.248153 -28.413092 -82.967066 85.008630 96.125494 26.432451 154.423774 -174.420738 -48.345718 118.560213 -252.204762 16.770461 -107.104319 -59.489035 10.154910 95.254276 63.028678 -37.754793 4.339597 8.577492 -47.883448 -20.546486 -16.223987 7.446037 86.021998 80.036587 -34.430010 -40.240435 -23.246641 -89.116688 22.027941
13.479775 72.390179 -26.737229 281.237793 88.832812 524.441759 -14.560105 19.153268 -12.286538 -29.164874 -79.799197 86.197937 98.666502 25.114259 148.705034 -175.594055 -49.484318 118.331115 -254.684586 16.779079 -104.804062 -58.367566 10.531510 93.718337 60.670733 -41.066420 1.624805 9.703406 -51.358689 -19.928472 -12.684083 12.852411 86.388478 83.434859 -31.810100 -43.249639 -24.376086 -92.722523 20.872879
15.041863 70.199174 -28.158726 477.829161 100.897187 726.345047 -6.242872 9.037155 -14.571273 -34.014113 -72.717274 83.661519 98.336324 22.582593 145.089638 -179.071837 -54.460790 113.756124 -254.771848 10.759769 -103.371744 -57.501566 8.979207 102.023533 62.793686 -43.239513 3.556844 7.402639 -53.281008 -23.075827 -5.216045 4.987943 86.263650 80.170547 -35.194554 -45.880273 -22.478521 -95.299451 22.706023
16.560586 67.697085 -29.564755 461.053888 107.171993 714.872242 -7.450082 3.640183 -17.427375 -33.877827 -69.940809 86.655156 101.097912 22.134994 140.571317 -177.117310 -55.724993 114.132003 -256.621627 12.843313 -98.698324 -59.291021 7.248963 106.810567 62.175362 -46.132836 3.765254 7.248653 -56.314001 -23.909793 -3.374564 1.713008 86.455285 78.740210 -35.893184 -46.033556 -21.082588 -96.490888 24.034522
18.022570 64.888000 -30.965099 449.629277 111.250804 708.859599 -10.178327 2.125688 -20.039244 -31.975196 -69.555491 90.493156 103.716265 22.417705 138.360098 -173.848286 -55.004852 115.012148 -258.179020 14.322251 -93.424195 -61.156906 6.043966 109.219677 60.104497 -47.827262 3.651297 8.062805 -58.482750 -23.346017 -2.372287 0.884197 86.123904 78.058762 -36.111548 -45.858242 -20.282535 -97.605056 24.751572
19.398832 61.789769 -32.308409 440.679543 114.502384 705.595151 -12.092858 2.076691 -22.845805 -30.312690 -68.671999 93.660690 106.767632 23.442013 136.965141 -170.997993 -54.375013 114.942166 -259.082818 14.066846 -88.462302 -62.989985 4.744621 110.394818 57.537780 -48.310700 4.190839 8.414086 -59.657468 -23.054078 -1.162884 0.621577 84.922385 77.136475 -36.986342 -45.553168 -19.688698 -98.856162 25.237532
20.661037 58.390798 -33.618218 432.558120 117.254472 703.482382 -13.738039 2.871545 -26.138620 -28.323886 -67.367276 96.820233 110.558080 25.588633 136.956795 -168.643149 -53.098020 114.034373 -259.661526 14.069048 -83.636752 -65.490415 3.248370 110.566617 54.872695 -47.535627 5.256213 8.131485 -59.843659 -23.257363 0.242605 0.647510 82.908900 76.021433 -38.028239 -45.390999 -19.362261 -100.100220 25.439518
21.785090 54.764957 -34.844970 425.292794 119.686935 702.320758 -15.134781 4.375320 -29.305640 -26.739168 -66.105146 99.660506 114.324048 27.661732 137.716667 -167.214588 -50.961749 112.566169 -260.013581 15.147404 -79.829496 -68.409699 1.736449 110.053636 52.626970 -45.360096 7.049807 8.309278 -59.200835 -22.752605 2.645340 0.914035 80.210770 74.304911 -38.667214 -45.034811 -18.915642 -100.489541 25.839260
22.783832 50.920290 -35.968575 418.567243 121.753928 701.842590 -16.318855 6.130434 -32.288439 -25.553360 -64.874708 102.405340 117.739334 29.129941 139.141322 -167.507029 -48.846699 110.453052 -260.244988 16.810200 -77.175346 -71.694010 0.176709 108.758284 51.145471 -42.402678 9.400871 8.966523 -58.440745 -21.696050 4.903078 1.298001 77.412251 72.459974 -38.007185 -44.950561 -18.754212 -100.043229 26.041457
23.648669 46.868686 -37.010075 412.196862 123.680369 701.858163 -17.663959 8.321819 -35.417936 -24.812325 -63.890635 105.663662 121.800728 30.395168 140.730515 -169.233209 -45.223246 106.413316 -260.679224 17.968923 -74.280636 -75.509661 -1.483159 106.998328 51.081875 -38.904310 12.014856 10.049500 -57.632460 -20.173596 5.853156 1.685907 74.651174 71.392382 -35.758130 -45.428432 -18.429251 -99.324870 26.433027
24.415614 42.650880 -37.966608 406.152964 126.022290 702.364909 -19.070665 9.243418 -37.729087 -24.295692 -62.218099 109.355748 126.635150 31.812880 143.128308 -171.895425 -41.813725 101.075380 -261.293121 18.571011 -70.901141 -81.938166 -3.738663 106.414634 53.351229 -37.750958 14.959494 5.196793 -57.637166 -25.788899 4.637967 1.017785 72.261311 71.447535 -32.339238 -46.707190 -17.545624 -98.967262 27.349833
25.314152 38.506193 -38.750946 401.041032 126.581218 703.927492 -18.574949 12.190059 -40.202941 -25.934846 -60.849766 112.988828 130.366086 31.692078 145.936349 -176.269984 -40.184769 93.418273 -258.154431 16.786281 -68.916329 -87.980951 -3.251714 104.755397 60.916832 -39.789656 20.574765 -2.115462 -59.197366 -34.722602 3.169252 -0.018610 69.192296 72.177956 -27.961729 -48.830211 -23.017343 -95.383674 21.943035
26.381216 35.118622 -39.371635 395.309411 123.029657 702.641559 -16.947637 17.388234 -39.867210 -27.913270 -58.056533 115.099329 132.774848 30.009133 148.066699 -179.944380 -40.132402 88.054307 -258.589760 13.992910 -68.026348 -93.071539 5.400467 98.413634 73.691587 -43.452970 25.391898 -1.554660 -56.514669 -33.241704 1.174006 -0.048318 67.360166 71.943831 -24.545890 -50.082137 -34.974496 -90.103931 10.029426
27.270262 32.465665 -40.052008 392.596050 123.167708 702.464028 -14.196683 17.097155 -36.972360 -31.377291 -52.777592 114.779676 133.421161 26.695584 147.512074 -182.361160 -40.990755 85.170485 -258.223388 12.499948 -68.750321 -93.590449 12.238898 95.403638 84.398995 -48.428930 27.791015 -0.168122 -52.772350 -30.558741 0.048646 2.350908 73.127092 78.089505 -12.857825 -54.594467 -38.825630 -87.081763 6.173398
27.994804 30.528338 -40.962185 390.330312 126.150753 701.177111 -14.630655 14.030010 -34.111344 -34.291904 -50.825736 115.512610 132.465727 22.604564 146.206797 -183.038961 -39.184034 85.523339 -257.054607 13.795359 -69.920872 -90.995585 15.261474 95.778534 89.975810 -53.202570 27.285721 -0.914419 -49.940424 -30.999783 -0.664505 3.989276 80.711983 84.957977 -3.511848 -58.834491 -38.416918 -85.441842 6.582012
28.781948 28.716735 -41.903910 387.045373 129.669065 698.584262 -17.165285 12.694970 -29.402311 -37.717606 -55.926214 118.040067 129.982161 18.179011 146.951547 -184.224122 -34.669166 87.537726 -256.034204 15.283882 -71.952580 -90.202559 16.889191 98.049312 93.720680 -58.763239 24.117070 -3.505760 -47.734252 -34.257565 -1.996302 3.751277 88.246577 89.222058 2.711144 -61.353315 -38.157385 -82.491009 6.841705
29.483029 27.215926 -42.385535 385.966012 131.361572 699.406125 -15.098111 11.617333 -29.488474 -41.896725 -56.098973 117.837470 129.554577 15.558922 146.949061 -186.556003 -32.376459 84.938539 -256.065704 12.345346 -72.642135 -88.399307 17.164467 99.796393 97.781541 -63.311967 21.572925 -5.656327 -45.496471 -36.887523 -3.188880 2.724131 90.696859 91.757485 5.675217 -62.467462 -39.567347 -80.717946 5.437973
30.058069 26.287632 -42.651209 385.677915 131.663385 700.634357 -12.095431 10.933443 -29.833529 -45.421830 -55.196968 116.194727 129.513118 13.999302 148.000132 -188.009057 -30.895698 83.002706 -255.699196 10.058067 -73.290225 -85.372269 19.251680 100.332528 102.725096 -66.925110 19.032286 -4.957281 -41.068678 -34.527665 -3.408282 2.983649 91.642397 93.724136 7.649813 -62.309371 -40.475773 -79.654117 4.551206
30.695297 25.665426 -42.976608 385.153329 131.784880 701.347538 -10.302042 10.100369 -28.846611 -47.937649 -54.882821 115.421509 130.322728 13.177715 149.582809 -189.118649 -29.592201 82.340799 -254.873290 9.337190 -74.319384 -82.857114 20.319606 101.226122 106.696134 -69.983491 15.505706 -5.129023 -37.133539 -33.770361 -3.267368 4.206190 93.146356 95.923013 9.164133 -61.613279 -40.518748 -78.799571 4.567322
31.462945 25.261500 -43.197126 384.610930 131.356231 701.939907 -9.277610 9.713750 -27.775693 -50.382030 -55.344572 116.027907 131.499993 12.286213 150.392310 -190.152111 -27.728386 81.849907 -254.032630 8.633623 -75.307787 -80.850028 21.245167 102.135049 110.114916 -72.104538 11.685547 -5.019648 -33.801442 -33.007275 -2.613243 5.625572 93.911604 97.924859 9.581784 -60.730135 -40.893422 -78.270239 4.268121
32.167019 25.129468 -43.331503 384.250269 130.671081 702.738165 -8.727827 9.280509 -27.645944 -52.739009 -55.269939 117.419175 132.999752 11.400679 149.974657 -190.830991 -25.358018 81.333845 -253.236831 7.264401 -75.933125 -79.593977 21.148496 102.942924 112.695512 -73.657819 7.797882 -4.869537 -31.967536 -33.381996 -1.530003 6.822934 93.641292 99.693366 8.805585 -60.166037 -41.303288 -78.021435 3.940459
32.701308 25.218279 -43.381476 384.002934 130.059178 703.848644 -8.051088 8.446160 -28.127750 -55.060183 -54.686360 118.444687 134.576884 10.635657 149.053033 -191.522835 -22.944924 81.037053 -252.396745 5.696962 -76.685580 -78.966863 19.821351 103.369060 114.508142 -74.677627 4.233696 -4.565329 -31.480837 -34.719416 -0.281636 7.511328 92.389428 101.075229 7.236801 -60.258470 -41.737070 -77.519758 3.581948
33.172576 25.517840 -43.383040 383.818792 129.239993 704.865195 -7.052614 7.403884 -27.833694 -57.339909 -54.342699 119.000036 135.857298 9.872794 148.340179 -192.412767 -21.287738 81.930769 -251.440683 4.816216 -77.898594 -78.623626 18.591462 103.430292 115.803398 -75.142681 0.970699 -3.605296 -31.611758 -35.535784 0.728177 7.672659 91.096842 102.013226 5.330558 -60.981992 -41.838477 -76.428642 3.551552
33.639895 26.006398 -43.346609 383.599188 128.342028 705.590124 -6.242888 6.224209 -27.156349 -59.231920 -54.545921 119.942602 137.050860 9.160914 148.086697 -193.171916 -19.917624 83.517702 -250.457108 4.199030 -78.894846 -78.102954 16.936759 103.040425 116.187706 -75.518103 -2.111455 -2.384483 -32.382186 -36.434452 1.230579 7.120675 89.952983 102.329853 3.142503 -62.110072 -41.589818 -74.592318 3.869757
34.069454 26.651887 -43.323116 382.903000 127.316038 705.831585 -6.190221 5.270890 -26.592853 -60.696954 -55.451980 121.733765 137.940889 8.284374 147.882885 -193.674153 -18.203742 85.217190 -249.404767 3.702426 -79.236772 -77.744669 14.719397 102.079793 115.661071 -75.760410 -5.108218 -1.404870 -33.241209 -37.604447 1.370468 6.502080 88.809678 102.302382 0.745927 -63.566030 -41.234542 -72.524957 4.289845
34.462358 27.435226 -43.313674 381.912514 126.196679 705.591872 -6.025554 4.255441 -26.117387 -62.200928 -56.555411 123.393255 138.435408 7.186955 147.939275 -194.201252 -17.203773 86.797805 -248.273060 3.600348 -79.121915 -77.711208 12.492640 100.883554 114.517274 -75.874379 -7.970422 -0.475421 -33.844024 -38.287114 1.568332 6.024297 87.433327 102.008179 -2.074151 -65.209585 -40.939843 -70.536074 4.644391
34.790625 28.316431 -43.300356 380.725837 125.221628 705.071521 -5.822882 3.187661 -26.083710 -63.798857 -57.614770 124.959253 138.881774 6.101223 147.877448 -195.124803 -16.743515 88.210049 -247.121790 3.961722 -78.925472 -78.001211 9.949422 99.695934 112.859724 -76.330000 -10.718596 0.299945 -34.532081 -39.043438 1.918790 5.686629 85.750184 101.656547 -5.267307 -67.065573 -40.451164 -68.989330 5.203500
35.063030 29.269225 -43.295945 379.305157 124.455855 704.289984 -5.869737 2.382047 -26.588149 -65.423363 -59.021652 126.693630 139.413723 5.098036 147.471297 -196.404753 -16.314716 89.327734 -246.043331 3.951419 -78.933006 -78.901881 7.401691 98.833090 110.926602 -77.115240 -13.326531 1.101019 -35.275441 -39.579450 2.458040 5.624237 83.982558 101.309040 -8.692556 -69.097779 -39.397218 -67.956161 6.365977
35.303215 30.273199 -43.307146 377.970101 123.910710 703.397743 -5.705626 1.442028 -27.287280 -67.173654 -60.512676 127.991762 139.671522 4.043010 146.906769 -197.856387 -16.297716 90.260048 -245.006754 3.635192 -78.907680 -80.236035 4.864499 98.407521 108.727083 -78.300066 -15.876389 2.172169 -36.171350 -39.495241 3.213483 5.779745 82.152689 101.093555 -12.428177 -71.190741 -37.935547 -67.576771 7.987757
35.517592 31.263647 -43.358335 376.698456 123.703769 702.397748 -5.486738 0.163473 -27.832254 -68.958601 -61.621755 128.841465 140.063479 3.173909 146.325151 -199.117554 -16.581398 91.169495 -243.910427 3.144406 -78.483689 -81.761305 2.445845 98.631886 106.391500 -79.006089 -18.205596 3.381926 -36.409437 -38.080582 3.845298 6.066839 80.374989 101.092066 -16.041534 -73.439813 -36.717929 -67.872020 9.381937
35.695779 32.162294 -43.418197 375.689774 123.933878 701.477804 -5.194177 -1.328703 -28.432754 -70.846294 -62.601969 129.366556 140.424769 2.390069 145.372216 -200.434934 -17.300369 91.920385 -242.743475 2.548938 -77.863897 -82.865248 0.165872 99.591378 104.171416 -78.819345 -19.973462 4.104993 -35.436999 -35.975843 3.703170 6.107883 78.675037 102.014940 -19.018986 -75.946533 -36.147728 -69.360093 10.162667
35.807509 32.872238 -43.480563 374.673059 124.379452 700.744296 -4.902995 -2.779720 -28.669842 -72.866241 -63.852782 129.705661 140.807574 1.732056 144.218611 -201.958476 -18.324510 92.977692 -241.486228 2.113720 -77.274984 -83.139815 -2.093333 100.571742 102.523107 -77.769080 -20.531081 2.989578 -32.745091 -35.242089 2.041345 5.709569 77.095863 104.459185 -20.853843 -78.790897 -35.971229 -72.057417 10.611029
35.821099 33.323597 -43.487491 373.601212 124.905923 700.213017 -4.736678 -3.953473 -29.146183 -74.684273 -65.323888 130.123956 141.302639 1.283021 142.932322 -203.438714 -19.318649 93.925667 -240.150325 1.654351 -76.416409 -81.027668 -4.577694 100.872147 102.137768 -75.682785 -18.417272 1.391191 -27.580913 -32.781261 1.482048 5.497816 75.802976 105.013189 -19.896052 -80.248125 -35.999830 -71.219550 10.587093
35.753681 33.536398 -43.392662 372.954092 125.624719 700.500486 -4.102133 -5.455759 -30.172876 -76.317966 -66.009011 130.052689 141.914720 1.042876 141.830244 -204.898189 -20.662921 94.689255 -238.698391 1.153522 -75.194584 -79.092429 -7.497355 100.721555 102.370267 -75.025339 -14.878063 0.646831 -23.544777 -29.983304 2.950715 5.474774 74.129915 102.493286 -16.553204 -79.938649 -37.107417 -65.108041 9.057304
35.627803 33.500277 -43.249335 371.920876 125.989888 700.777245 -3.793996 -6.282423 -31.670658 -77.509328 -66.472473 130.290721 142.744547 1.051425 140.646613 -206.299662 -21.473403 95.019932 -237.199711 0.168592 -73.900953 -78.747628 -10.882658 100.435090 102.421835 -74.972159 -11.096830 0.282276 -20.484712 -27.739135 3.866492 6.013050 71.782235 100.868609 -12.401686 -80.011910 -37.985742 -59.516909 7.795376
35.506684 33.258328 -43.093623 370.427414 125.915289 700.873250 -3.867968 -6.540441 -32.928929 -78.354161 -67.268293 130.975667 143.491988 1.055841 139.581623 -207.861890 -21.783183 95.294738 -235.644504 -1.063215 -72.747430 -79.300443 -15.171010 99.638909 101.129441 -76.517592 -8.578228 -0.939809 -19.290998 -30.861141 2.699019 6.551004 67.955628 103.626107 -10.890297 -81.804684 -39.171845 -59.306553 6.715919
35.460989 32.891328 -42.965516 368.839914 125.606564 700.581410 -4.232471 -6.424685 -33.241875 -79.143553 -68.826478 132.102702 143.904013 0.833891 138.363841 -209.634598 -21.549986 95.989942 -233.996024 -2.342128 -71.679844 -79.741509 -18.863714 98.722175 98.297064 -78.650024 -8.227193 -2.373777 -19.039373 -36.248063 1.537306 7.346939 64.291778 106.374001 -13.250669 -83.966411 -42.251181 -61.712740 3.549243
35.516755 32.457685 -42.932209 367.753340 125.682270 700.315360 -4.351604 -6.696476 -32.512609 -80.221863 -71.109216 133.291169 143.879506 0.323358 136.851077 -211.862414 -21.427005 97.078421 -232.252605 -3.723158 -70.629928 -80.911541 -19.236183 99.139451 97.442709 -79.376367 -6.743453 -3.090736 -18.208451 -37.750162 2.256827 8.543234 64.915955 108.103296 -11.038321 -84.635428 -43.185913 -61.468069 2.647632
35.635797 32.053005 -42.962288 366.595049 125.363163 699.548958 -4.146178 -6.371525 -31.401750 -81.414735 -73.111376 134.223476 143.820124 -0.081602 135.263700 -214.525245 -21.441545 98.208913 -230.545085 -5.602342 -69.781126 -81.915784 -17.882941 99.149683 97.113966 -79.751119 -4.585522 -2.953419 -17.256297 -37.014988 3.158419 9.341219 66.527074 109.425996 -7.989620 -85.748824 -43.651408 -60.208739 2.275510
35.706112 31.870074 -43.004779 365.912030 125.445904 699.080134 -3.802565 -6.367758 -30.862640 -82.615421 -73.586464 134.488884 143.921006 -0.171396 133.743082 -217.075392 -21.165587 99.123721 -228.824615 -7.899831 -68.866339 -82.137321 -17.435542 98.754741 96.213385 -80.367168 -2.974569 -2.436681 -16.906047 -36.810813 3.958186 9.664638 67.526897 110.874871 -6.266950 -87.013926 -44.055065 -59.018852 2.023856
35.713734 31.881566 -43.008050 365.425666 125.590486 698.804741 -3.506046 -6.581504 -31.034638 -83.460554 -72.515067 134.281574 144.060683 -0.116449 132.809586 -219.277609 -20.491486 100.108703 -227.044996 -10.407942 -67.844064 -82.495032 -17.526878 98.606505 94.990767 -80.630957 -1.772631 -1.880372 -16.533316 -36.655733 4.928633 10.957038 67.603805 112.818599 -6.031612 -87.977904 -44.471454 -58.924493 1.786203
35.644741 31.952397 -42.961320 365.162158 125.789681 698.827144 -3.074304 -6.777600 -31.310373 -84.245875 -71.591905 133.957317 144.042515 -0.146793 132.154038 -221.460565 -19.520495 101.343273 -225.295852 -13.069480 -67.163374 -83.188385 -18.281374 99.028201 93.564357 -80.522616 -0.836251 -1.648333 -16.082999 -37.160467 6.131213 12.232830 67.116949 114.471600 -6.152825 -89.351039 -44.859600 -59.109106 1.550593
35.586018 32.081637 -42.897758 365.108991 126.019777 698.944405 -2.492160 -7.104343 -31.267462 -84.818150 -70.926624 133.674616 143.967465 -0.219304 132.176537 -223.793006 -18.513480 102.931019 -223.499007 -15.639144 -66.646978 -83.491700 -19.183841 99.239958 92.007177 -80.485747 -0.047504 -1.349423 -15.907681 -37.689131 7.364354 12.810783 66.743762 115.529508 -6.147522 -90.955683 -45.076257 -58.771818 1.485093
35.565822 32.215876 -42.891568 364.835429 126.217839 698.854738 -2.179627 -7.311421 -30.866035 -85.027720 -70.833535 133.901692 143.936210 -0.260226 132.697175 -226.274154 -17.450317 104.344308 -221.745944 -18.490548 -66.247603 -83.857087 -19.645316 99.251685 90.533659 -80.394120 0.794846 -0.847342 -15.873860 -37.723538 8.449226 13.246888 66.783964 116.369949 -5.917649 -92.515957 -45.193111 -58.209263 1.541694
35.547533 32.371063 -42.921757 364.417257 126.467701 698.462412 -2.049011 -7.557510 -30.580919 -85.010194 -70.653738 134.410009 143.946797 -0.295995 133.415164 -228.886237 -16.557517 105.422133 -220.070799 -21.703110 -65.901797 -84.520094 -19.989252 99.409408 89.052170 -80.050377 1.645370 -0.325966 -15.785955 -37.516631 9.314696 13.668370 66.862101 117.140613 -5.770332 -93.987563 -45.279752 -57.741777 1.640611
35.513210 32.564177 -42.967314 364.034712 126.810248 698.168604 -2.046962 -7.977149 -30.473480 -84.934461 -70.106715 134.929417 143.938928 -0.402442 133.990403 -231.560406 -15.789316 106.442385 -218.455568 -25.108098 -65.596187 -85.386701 -20.477908 99.759510 87.441885 -79.557695 2.426475 0.172170 -15.726987 -37.398373 9.965228 13.951551 66.787960 117.811447 -5.881013 -95.415257 -45.293553 -57.294967 1.828223
35.474712 32.759470 -43.026161 363.662193 127.140529 697.871737 -2.129329 -8.315947 -30.268936 -85.029489 -69.897492 135.543178 143.804906 -0.653406 134.143590 -234.345594 -14.977932 107.505094 -216.898722 -28.513724 -65.371413 -86.393868 -20.923950 100.233477 85.765360 -78.911559 3.223321 0.626454 -15.679290 -37.317620 10.455968 14.265853 66.689291 118.482800 -6.124203 -96.643406 -45.322967 -57.002826 2.004137
35.424129 32.951898 -43.089251 363.354644 127.432328 697.675355 -2.111653 -8.570810 -29.926539 -85.348562 -69.981087 136.114605 143.543775 -1.000136 134.055494 -237.383225 -14.119341 108.738237 -215.351425 -31.728295 -65.178856 -87.346535 -21.333201 100.626875 84.046700 -78.226443 4.089294 1.112084 -15.769182 -37.285224 10.855755 14.622332 66.555255 119.084895 -6.473885 -97.771248 -45.264299 -56.796995 2.268364
35.349438 33.143610 -43.148593 363.050181 127.728103 697.375865 -2.162876 -8.682578 -29.648632 -85.761310 -70.196347 136.739089 143.325332 -1.275935 133.796507 -240.412659 -13.093502 109.742705 -213.865326 -35.035701 -64.940264 -88.219761 -21.808676 100.860919 82.257443 -77.524088 5.027200 1.681587 -16.040163 -37.237901 11.296311 15.008205 66.413720 119.578676 -6.756357 -98.913153 -45.163550 -56.566650 2.582055
35.261616 33.326566 -43.214139 362.589280 128.018932 697.073206 -2.457152 -8.598858 -29.404190 -86.066681 -70.559385 137.606141 143.288968 -1.345458 133.707278 -243.274153 -11.811240 110.297296 -212.532565 -38.572360 -64.721807 -89.043148 -22.314167 100.855516 80.420942 -76.840700 6.051411 2.382874 -16.544299 -37.174575 11.732176 15.501620 66.369529 120.044222 -6.853713 -100.087516 -44.990070 -56.433386 2.986774
35.172786 33.494594 -43.296971 362.281102 128.293588 696.771148 -2.356705 -8.669981 -29.074097 -86.530984 -70.806816 138.122093 142.970572 -1.671491 133.767711 -246.450301 -10.668107 111.275687 -211.219133 -41.892938 -64.503009 -89.783199 -22.668326 100.807889 78.597459 -76.082194 7.208342 3.117369 -17.192384 -37.170665 12.269585 15.945411 66.384514 120.369967 -6.955327 -101.298549 -44.896801 -56.333689 3.293861
35.095274 33.650045 -43.388314 361.991447 128.612134 696.356746 -1.783416 -9.252686 -29.329047 -87.213600 -70.096367 138.320483 142.127794 -2.360472 133.915762 -250.200758 -10.476586 112.272949 -208.343582 -49.131221 -63.949299 -90.889150 -22.812852 101.111163 76.686045 -74.835418 8.539538 3.912228 -17.830344 -37.157595 12.853634 16.456190 66.505805 120.760285 -7.089667 -102.554409 -44.723351 -56.460830 3.678003
35.003483 33.826153 -43.467435 361.806896 128.950283 696.149218 -1.712371 -9.231128 -29.116895 -87.852147 -70.290535 138.805030 141.868015 -2.565469 133.702797 -253.418378 -9.164271 112.694453 -207.461696 -52.571491 -64.010095 -91.886296 -23.139685 101.357992 74.753504 -73.741871 9.799949 4.642567 -18.546743 -37.231921 13.257837 16.665966 66.420591 120.907558 -7.375488 -103.718485 -44.528735 -56.366484 4.080122
34.908781 33.990349 -43.540725 361.655183 129.310917 696.033596 -1.649210 -9.354044 -29.029076 -88.345007 -70.123578 139.201946 141.594958 -2.772282 133.717578 -256.523518 -7.908942 113.052854 -206.651909 -56.158126 -63.979844 -93.033877 -23.444069 101.752695 72.808929 -72.467160 11.197133 5.357778 -19.291337 -37.329436 13.603453 16.783284 66.276741 121.006814 -7.657638 -104.825515 -44.381108 -56.319421 4.429249
34.825422 34.134485 -43.614425 361.472408 129.639613 695.821861 -1.615937 -9.371043 -28.952441 -88.827594 -70.046083 139.689226 141.361611 -2.928005 133.753013 -259.567105 -6.757085 113.045095 -206.055496 -59.952149 -64.023249 -94.272313 -23.667437 102.150793 70.805409 -71.065550 12.732792 6.099227 -20.146642 -37.515296 13.864156 16.896978 66.192962 121.035569 -7.900486 -105.801242 -44.174528 -56.251167 4.841134
34.742238 34.249658 -43.697371 361.341705 129.976587 695.709190 -1.510400 -9.651355 -28.660696 -89.282307 -69.848499 140.033795 140.980459 -3.229459 133.987835 -262.568181 -5.554824 113.362173 -205.431272 -63.739961 -63.895245 -95.643754 -23.736364 102.603170 68.810399 -69.519892 14.483930 6.853522 -21.108302 -37.845484 14.175792 17.050879 66.211861 121.094568 -8.093241 -106.686865 -44.031593 -56.319595 5.179965
34.664237 34.340529 -43.795595 361.163902 130.287525 695.500350 -1.471936 -9.786391 -28.323147 -89.813750 -69.967843 140.558313 140.621314 -3.507818 134.132498 -265.677529 -4.455741 113.503045 -205.000328 -67.585179 -63.853977 -97.251095 -23.683995 103.112204 66.759608 -67.785823 16.379444 7.646923 -22.143709 -38.197317 14.511594 17.291191 66.337345 121.132462 -8.165348 -107.520039 -43.918376 -56.466536 5.483369
34.588494 34.428083 -43.898181 361.015932 130.616617 695.295499 -1.426830 -9.876045 -28.067259 -90.408243 -70.123100 141.123811 140.300951 -3.726037 134.247860 -268.935966 -3.499608 113.503209 -204.817101 -71.442153 -63.953568 -99.131924 -23.535771 103.798023 64.685805 -65.869176 18.417187 8.401967 -23.211448 -38.630068 14.975190 17.613989 66.526124 121.168184 -8.224284 -108.391407 -43.753806 -56.674867 5.842030
34.505879 34.524378 -43.998045 360.851598 130.901586 695.093544 -1.396203 -9.959334 -27.923243 -90.930370 -70.048952 141.639832 140.021883 -3.926772 134.513486 -272.272842 -2.601758 113.556075 -204.748895 -75.293567 -64.063739 -101.263066 -23.337877 104.570142 62.546474 -63.722865 20.565611 9.141409 -24.277139 -39.060056 15.428308 17.977230 66.661239 121.203373 -8.314242 -109.309760 -43.592907 -56.940989 6.192059
34.424304 34.618427 -44.085106 360.709994 131.135288 694.990927 -1.301094 -10.010721 -27.859770 -91.455495 -69.848636 142.093234 139.754167 -4.118622 134.869462 -275.677117 -1.755224 113.641726 -204.786516 -79.171612 -64.198430 -103.629399 -23.056688 105.447261 60.381673 -61.372125 22.874701 9.888237 -25.360673 -39.459314 15.934729 18.305418 66.773910 121.119212 -8.378531 -110.266922 -43.455487 -57.150614 6.502865
34.339878 34.704279 -44.161491 360.618907 131.328979 694.890059 -1.122771 -10.019893 -27.882881 -92.088142 -69.613971 142.484344 139.475181 -4.336857 135.116865 -279.110244 -0.883599 113.715259 -204.914486 -83.053502 -64.335457 -106.177831 -22.703301 106.367752 58.176867 -58.872809 25.385643 10.634279 -26.531204 -40.002601 16.534626 18.654915 66.854909 120.974262 -8.419996 -111.252717 -43.328063 -57.381683 6.794958
34.267621 34.772043 -44.229030 360.583035 131.505812 694.894703 -0.963307 -10.016874 -27.913334 -92.727420 -69.383917 142.925219 139.198176 -4.542306 135.315050 -282.551867 0.023989 113.762108 -205.110321 -86.990088 -64.474220 -108.976665 -22.195082 107.412156 56.015628 -56.185963 28.061354 11.344932 -27.686262 -40.552961 17.177705 19.005353 66.935833 120.837275 -8.422177 -112.234741 -43.203426 -57.694840 7.085639
34.211571 34.819793 -44.274868 360.638824 131.679313 695.002129 -0.799705 -10.063002 -27.942931 -93.340409 -69.146083 143.452127 138.971072 -4.715977 135.545514 -286.002041 0.958553 113.736774 -205.338572 -91.027584 -64.602620 -112.045688 -21.460453 108.659465 53.976376 -53.270578 30.922503 11.971121 -28.757630 -41.126949 17.972939 19.296239 67.028178 120.628230 -8.366866 -113.215228 -43.117830 -57.979912 7.326200
34.153442 34.874510 -44.340596 360.602542 131.844835 695.006445 -0.694411 -10.094960 -27.925418 -93.929602 -68.799348 143.923642 138.753353 -4.896641 135.854238 -289.550816 1.951509 113.725027 -205.616916 -95.098937 -64.759496 -115.410266 -20.562563 109.904055 51.952550 -50.193363 33.821345 12.578130 -29.783357 -41.656562 18.734683 19.677124 67.236307 120.440250 -8.263241 -114.176646 -42.988917 -58.332800 7.621835
34.101235 34.922277 -44.395246 360.585029 131.973721 695.005626 -0.681239 -10.112866 -27.871891 -94.483844 -68.481997 144.515752 138.515786 -5.104241 136.171678 -293.136857 3.071977 113.646568 -205.926529 -99.235859 -64.944389 -118.981212 -19.489393 111.162688 50.027355 -46.992248 36.780897 13.140301 -30.734410 -42.170865 19.536988 20.059103 67.453999 120.223883 -8.214436 -115.100272 -42.854762 -58.637597 7.916598
34.050040 34.963030 -44.441857 360.535005 132.075245 695.005462 -0.711363 -9.953152 -27.888129 -95.147636 -68.344007 145.270187 138.346069 -5.243745 136.329428 -296.952337 4.094996 113.417559 -206.381993 -103.393348 -65.286213 -122.669501 -18.307091 112.383250 48.240141 -43.756552 39.797354 13.641101 -31.630852 -42.660887 20.329575 20.463861 67.648065 119.957260 -8.113320 -116.014547 -42.774606 -59.010382 8.144215
34.004783 34.994745 -44.481305 360.525552 132.158095 695.005025 -0.636582 -9.894918 -27.880626 -95.804844 -68.029456 145.857652 138.097054 -5.474983 136.626282 -300.875270 5.238870 113.294356 -206.861035 -107.623789 -65.698285 -126.384277 -16.997119 113.523468 46.574134 -40.439545 42.841750 14.098510 -32.453125 -43.131603 21.173522 20.852919 67.863783 119.690924 -8.008204 -116.939669 -42.687009 -59.400236 8.378743
33.957438 35.031504 -44.514603 360.495827 132.244046 695.000435 -0.630287 -9.796838 -27.893958 -96.452632 -67.716066 146.505795 137.899265 -5.678740 136.972231 -304.874646 6.469354 113.026612 -207.334818 -111.982693 -66.186466 -130.135048 -15.630058 114.572421 45.007631 -37.125162 45.833817 14.530442 -33.216825 -43.540858 22.048484 21.270368 68.084193 119.415995 -7.883407 -117.896483 -42.600143 -59.839731 8.612951
33.912012 35.067226 -44.538674 360.487385 132.291543 695.095456 -0.584592 -9.647884 -27.957327 -97.166271 -67.367392 147.146986 137.682940 -5.906891 137.287376 -309.060732 7.719692 112.705956 -207.884525 -116.359512 -66.848728 -133.832571 -14.200440 115.547130 43.590346 -33.829001 48.765611 14.895449 -33.883421 -43.924755 22.940638 21.708943 68.283204 119.121122 -7.810213 -118.844226 -42.517576 -60.294929 8.836953
33.870534 35.104954 -44.554624 360.506291 132.370938 695.191516 -0.529092 -9.555132 -28.038608 -97.892682 -66.911907 147.720954 137.445632 -6.167638 137.632847 -313.395170 9.109037 112.266651 -208.414138 -120.820159 -67.620751 -137.476709 -12.700919 116.499367 42.331252 -30.584955 51.519178 15.179496 -34.405804 -44.238797 23.836775 22.088248 68.450681 118.795759 -7.797077 -119.792079 -42.422496 -60.695766 9.071861
33.836963 35.133690 -44.563283 360.536617 132.391606 695.287576 -0.421271 -9.440302 -28.126704 -98.629933 -66.353143 148.228328 137.160444 -6.475821 137.997265 -317.925826 10.635566 111.824301 -208.991426 -125.286870 -68.598786 -140.977427 -11.161452 117.295139 41.240494 -27.471890 54.168543 15.426860 -34.850316 -44.488212 24.727139 22.532535 68.648995 118.529969 -7.723360 -120.630566 -42.363395 -61.183236 9.273108
33.804318 35.161504 -44.567775 360.524350 132.427792 695.380193 -0.354007 -9.323600 -28.247554 -99.326865 -65.760242 148.756534 136.915254 -6.780734 138.491702 -322.643711 12.166891 111.181519 -209.629844 -129.774865 -69.834504 -144.326118 -9.629173 117.995452 40.333814 -24.430784 56.661859 15.601031 -35.154823 -44.679379 25.612566 23.052580 68.884008 118.304586 -7.635221 -121.440135 -42.325163 -61.739644 9.457782
33.773567 35.179419 -44.572982 360.490745 132.456834 695.367571 -0.302168 -9.185220 -28.336310 -100.073302 -65.205439 149.346403 136.683082 -7.085163 138.964693 -327.547104 13.724387 110.372756 -210.296689 -134.266028 -71.335090 -147.522155 -8.119467 118.608284 39.520171 -21.568231 58.949519 15.745662 -35.406826 -44.857923 26.529612 23.549189 69.154033 118.020533 -7.562677 -122.260509 -42.275794 -62.259483 9.644540
33.747715 35.201311 -44.573831 360.506482 132.478732 695.454943 -0.175671 -9.104954 -28.345806 -100.869135 -64.637830 149.878898 136.441594 -7.434342 139.517528 -332.568795 15.376979 109.381327 -210.904084 -138.774609 -73.032529 -150.477510 -6.643891 119.103923 38.854211 -18.869422 61.069561 15.850736 -35.576335 -44.978380 27.475314 24.025105 69.430929 117.745549 -7.518554 -123.080774 -42.243139 -62.814538 9.812362
33.721742 35.221259 -44.571351 360.499734 132.525436 695.536960 -0.083375 -8.988076 -28.383370 -101.729036 -64.113831 150.531769 136.251182 -7.746710 140.020094 -337.788754 16.863355 108.143963 -211.511042 -143.248260 -75.037401 -153.212276 -5.232883 119.531780 38.323973 -16.435609 62.994104 15.895399 -35.695757 -45.079812 28.426587 24.510981 69.734592 117.471399 -7.445686 -123.891353 -42.205477 -63.390692 9.987125
33.694627 35.235202 -44.568433 360.472659 132.543263 695.616190 0.036720 -8.893428 -28.404125 -102.602405 -63.550662 151.147032 136.051945 -8.097527 140.582273 -343.147994 18.370779 106.747169 -212.055763 -147.664100 -77.274718 -155.736823 -3.922006 119.861747 37.845928 -14.118709 64.741253 15.933559 -35.778484 -45.177538 29.381001 24.980210 70.059491 117.166909 -7.349533 -124.731275 -42.204074 -63.999528 10.120108
33.668277 35.246181 -44.560928 360.436814 132.571185 695.689300 0.127736 -8.789017 -28.448972 -103.476382 -62.873981 151.775901 135.906435 -8.427226 141.142512 -348.644793 19.740010 105.140742 -212.513987 -151.963595 -79.742240 -158.059757 -2.698125 120.160977 37.494703 -11.987699 66.312777 15.937077 -35.797120 -45.243914 30.339960 25.462732 70.398343 116.842748 -7.291940 -125.550160 -42.197155 -64.614785 10.251746
33.635191 35.251364 -44.553541 360.401570 132.608874 695.765416 0.177388 -8.725759 -28.479295 -104.340715 -62.159373 152.428280 135.744737 -8.792767 141.710689 -354.200005 20.999575 103.360133 -212.852477 -156.174639 -82.377184 -160.164261 -1.558599 120.406727 37.208094 -10.114947 67.737670 15.914949 -35.822006 -45.331583 31.387899 25.935704 70.789009 116.428962 -7.191578 -126.430927 -42.164288 -65.209551 10.405624
33.620376 35.260829 -44.539470 360.445420 132.666302 695.846996 0.242004 -8.611560 -28.512983 -105.334235 -61.492767 153.222084 135.634621 -9.125695 142.188132 -359.847041 22.013537 101.498530 -213.088488 -160.151093 -85.200067 -162.011131 -0.455875 120.601552 36.997277 -8.374287 69.023583 15.908089 -35.806608 -45.369668 32.392220 26.273653 71.091962 116.044859 -7.171954 -127.301694 -42.128115 -65.765658 10.562360
33.598773 35.258510 -44.531626 360.459108 132.741188 695.932182 0.292956 -8.486648 -28.449937 -106.436764 -60.932985 154.146865 135.536293 -9.465141 142.664729 -365.446649 22.768258 99.461447 -213.207920 -163.971409 -88.103457 -163.689937 0.538306 120.744835 36.837123 -6.851014 70.207904 15.885248 -35.792903 -45.443520 33.386624 26.588910 71.441894 115.590310 -7.108529 -128.203142 -42.106361 -66.346613 10.703169
33.580267 35.256381 -44.523758 360.435940 132.752431 696.016822 0.328426 -8.359247 -28.430753 -107.429006 -60.170511 154.973946 135.442037 -9.836039 143.269119 -370.976807 23.355943 97.398901 -213.246156 -167.719147 -91.041661 -165.210446 1.348769 120.832276 36.660197 -5.482204 71.272532 15.887829 -35.819875 -45.509434 34.332185 26.926441 71.787426 115.156334 -7.078749 -129.035155 -42.120192 -66.894217 10.802482
33.557925 35.254309 -44.519147 360.422170 132.759944 696.110095 0.374873 -8.282976 -28.439349 -108.411713 -59.314763 155.731086 135.271473 -10.283610 143.911922 -376.351565 23.825682 95.327229 -213.209095 -171.369392 -93.840065 -166.573929 2.036764 120.880743 36.492307 -4.180281 72.266953 15.905892 -35.847264 -45.575523 35.227042 27.247981 72.125213 114.739747 -7.089956 -129.827334 -42.135966 -67.455017 10.897861
33.536498 35.252263 -44.513654 360.385451 132.764561 696.203586 0.426491 -8.212486 -28.425555 -109.313858 -58.364643 156.419569 135.066950 -10.786905 144.661399 -381.517073 24.045519 93.205403 -213.172909 -174.950569 -96.522779 -167.827597 2.668562 120.930302 36.354703 -3.038645 73.145281 15.924467 -35.871911 -45.632603 36.160968 27.578123 72.504166 114.263969 -7.093755 -130.630715 -42.138606 -67.967984 11.001477
33.514196 35.251319 -44.510326 360.329690 132.771269 696.202056 0.394597 -8.107712 -28.410930 -110.248091 -57.413716 157.208115 134.869079 -11.315383 145.447908 -386.515132 23.977360 91.163389 -213.252699 -178.450221 -99.277558 -168.972023 3.223471 120.997867 36.222812 -2.036260 73.900639 15.938554 -35.905345 -45.697323 37.070814 27.917966 72.869512 113.835573 -7.103413 -131.464230 -42.123382 -68.543366 11.126901
33.492827 35.252366 -44.504189 360.291714 132.772703 696.301340 0.434222 -8.059463 -28.319754 -111.182625 -56.499222 157.955624 134.588058 -11.932483 146.351146 -391.325006 23.796946 89.111579 -213.473055 -181.882624 -101.911374 -169.967946 3.744413 121.036471 36.184747 -1.072977 74.598308 15.940504 -35.876648 -45.714890 37.956341 28.222012 73.214635 113.397239 -7.193860 -132.288333 -42.118242 -69.113762 11.235335
33.470444 35.255479 -44.500322 360.260404 132.784724 696.307296 0.463312 -8.030361 -28.226564 -112.096853 -55.527351 158.703093 134.263993 -12.602788 147.291144 -396.037208 23.441732 87.144983 -213.848742 -185.118726 -104.543483 -170.893710 4.246749 121.100538 36.179901 -0.199795 75.178540 15.953065 -35.836732 -45.717646 38.834410 28.525274 73.564177 112.975775 -7.302228 -133.072726 -42.128702 -69.674043 11.326122
33.450250 35.258705 -44.497823 360.258983 132.809941 696.313689 0.502034 -8.020333 -27.999078 -113.123943 -54.650632 159.596399 133.936895 -13.310275 148.307818 -400.672912 22.962454 85.160691 -214.407301 -188.135457 -107.035485 -171.701284 4.715918 121.131110 36.178573 0.532271 75.696603 15.947411 -35.815726 -45.759740 39.727099 28.789309 73.942692 112.592800 -7.429948 -133.858047 -42.100740 -70.224289 11.454307
33.431010 35.262048 -44.491510 360.269557 132.810624 696.417890 0.557985 -7.969373 -27.827760 -114.192908 -53.620871 160.444190 133.565592 -14.048742 149.281598 -405.233102 22.370512 83.320276 -215.155412 -190.954700 -109.563426 -172.409725 5.142383 121.166190 36.183747 1.165862 76.138058 15.946981 -35.817492 -45.799956 40.655817 29.089014 74.334158 112.229017 -7.555591 -134.614614 -42.112539 -70.828563 11.540705
33.410279 35.274112 -44.489607 360.248219 132.795393 696.429693 0.586340 -7.874184 -27.600221 -115.291763 -52.592368 161.348179 133.151615 -14.829162 150.302001 -409.680429 21.597821 81.504401 -216.115245 -193.549502 -112.093199 -173.047938 5.491193 121.189003 36.227996 1.811668 76.530262 15.961240 -35.795993 -45.814706 41.525907 29.359442 74.711690 111.872515 -7.733214 -135.390810 -42.077193 -71.399027 11.670237
33.389298 35.291080 -44.486331 360.238028 132.765873 696.444118 0.682677 -7.809625 -27.396068 -116.353106 -51.416032 162.095333 132.693732 -15.646411 151.368644 -414.116528 20.834271 79.729222 -217.185686 -195.794503 -114.646351 -173.616251 5.806887 121.211201 36.267137 2.326672 76.837948 15.962514 -35.813820 -45.847508 42.407217 29.630013 75.081872 111.523219 -7.957730 -136.127951 -42.063170 -71.857825 11.769361
33.366811 35.310013 -44.482736 360.231171 132.791541 696.450894 0.659403 -7.720301 -27.238663 -117.379314 -50.195368 162.993257 132.246642 -16.477012 152.502032 -418.369113 19.787840 78.192798 -218.487042 -197.901070 -117.387142 -174.101044 6.093067 121.235994 36.338847 2.816457 77.122166 15.973222 -35.822307 -45.862565 43.237601 29.858128 75.430772 111.233162 -8.195459 -136.903738 -41.992638 -72.417723 11.929348
33.338577 35.304682 -44.472279 360.151886 132.725342 696.232929 0.484057 -7.442195 -27.540950 -118.583750 -48.157324 164.410344 131.461525 -17.617834 154.070585 -421.860268 19.931747 77.629560 -225.052151 -199.013039 -122.661660 -174.691227 6.341898 121.022168 36.368886 3.343063 77.404355 15.979598 -35.807308 -45.866076 44.089633 30.024064 76.006400 110.905613 -8.442287 -137.596305 -42.019348 -73.086706 11.971658
33.302404 35.323557 -44.474758 360.119265 132.731025 696.233421 0.566451 -7.416586 -27.509273 -119.380492 -46.686061 164.910437 130.928620 -18.520538 155.391858 -425.926198 18.907934 76.269362 -226.816717 -200.770023 -125.678732 -175.153125 6.513799 121.090375 36.390678 3.810911 77.607239 16.005537 -35.872106 -45.949066 44.942775 30.343208 76.441093 110.685790 -8.664797 -138.282972 -42.012391 -73.698185 12.061287
33.276937 35.362365 -44.471554 360.148717 132.774561 696.237792 0.603589 -7.373780 -27.401151 -120.227790 -45.169581 165.509977 130.422134 -19.412895 156.739085 -429.890713 17.760411 75.076005 -228.805695 -202.315613 -128.881981 -175.524687 6.733719 121.149142 36.421055 4.219190 77.711994 16.069224 -35.951466 -45.971930 45.711570 30.551214 76.725837 110.534898 -9.039912 -138.988831 -41.951104 -74.245167 12.200266
33.242044 35.391898 -44.464473 360.131833 132.815774 696.234349 0.540569 -7.306544 -27.401034 -120.857575 -43.519373 166.054890 129.912151 -20.303967 158.162306 -433.773238 16.626859 74.066339 -230.993801 -203.636913 -132.387672 -175.855911 6.883086 121.249245 36.475830 4.588628 77.834295 16.114648 -36.031854 -46.009329 46.452605 30.826402 77.047280 110.366629 -9.351590 -139.634543 -41.914808 -74.799512 12.309314
33.206102 35.430602 -44.459109 360.138827 132.846674 696.253365 0.519637 -7.252687 -27.383186 -121.539897 -41.847538 166.550816 129.292558 -21.221435 159.579447 -437.691171 15.454717 73.043983 -233.300083 -204.642371 -136.038981 -176.142970 7.001453 121.379756 36.532930 4.992170 77.917186 16.166549 -36.112440 -46.049689 47.149547 31.088101 77.302401 110.230429 -9.683870 -140.291034 -41.852643 -75.354417 12.442180
33.164284 35.474419 -44.453897 360.116615 132.917134 696.274784 0.431814 -7.136246 -27.369492 -122.235593 -40.157138 167.134702 128.677663 -22.123763 161.044577 -441.672134 14.199124 72.196746 -235.642920 -205.312345 -139.871182 -176.439673 7.094746 121.572258 36.566808 5.384819 77.959800 16.250244 -36.240055 -46.096469 47.795266 31.357672 77.518023 110.123666 -10.052526 -140.916952 -41.796021 -75.823412 12.564544
33.118507 35.527143 -44.447765 360.096097 132.916041 696.294619 0.373938 -7.052145 -27.314755 -122.865609 -38.442166 167.564116 127.957461 -23.038030 162.577968 -445.665008 12.792424 71.246420 -238.086625 -205.714793 -143.672073 -176.716446 7.151531 121.761974 36.599920 5.727864 77.962805 16.350645 -36.380115 -46.113653 48.334670 31.667694 77.692411 110.067727 -10.458270 -141.471782 -41.713263 -76.329174 12.709082
33.068718 35.581586 -44.436659 360.068011 132.942160 696.406798 0.375711 -6.926841 -27.245886 -123.612135 -36.786545 168.096461 127.262270 -23.909198 164.219768 -449.738123 11.222161 70.443935 -240.545138 -205.868308 -147.538329 -176.942553 7.206422 122.003639 36.671241 6.116067 77.941877 16.433816 -36.486355 -46.133324 48.808323 31.989556 77.787549 110.043739 -10.866108 -141.975249 -41.676868 -76.771046 12.803319
