HIERARCHY
ROOT Hip
{
   OFFSET 0.00000 0.00000 0.00000
   CHANNELS 6 Xposition Yposition Zposition Zrotation Yrotation Xrotation
   JOINT Head
   {
      OFFSET 0.000000 24.190001 0.000000
      CHANNELS 3 Zrotation Yrotation Xrotation
      End Site
      {
         OFFSET 0.000000 16.761999 0.000000
      }
      JOINT LeftShoulder
      {
         OFFSET 11.515001 0.000000 0.000000
         CHANNELS 3 Zrotation Yrotation Xrotation
         JOINT LeftHand
         {
            OFFSET 0.000000 -15.248000 0.000000
            CHANNELS 3 Zrotation Yrotation Xrotation
            End Site
            {
               OFFSET 0.000000 -14.262999 0.000000
            }
         }
      }
      JOINT RightShoulder
      {
         OFFSET -12.116999 0.000000 0.000000
         CHANNELS 3 Zrotation Yrotation Xrotation
         JOINT RightHand
         {
            OFFSET 0.000000 -16.378001 0.000000
            CHANNELS 3 Zrotation Yrotation Xrotation
            End Site
            {
               OFFSET 0.000000 -13.832000 0.000000
            }
         }
      }
   }
   JOINT LeftHip
   {
      OFFSET 8.994099 0.000000 0.000000
      CHANNELS 3 Zrotation Yrotation Xrotation
      JOINT LeftKnee
      {
         OFFSET 0.000000 -25.251000 0.000000
         CHANNELS 3 Zrotation Yrotation Xrotation
         JOINT LeftFoot
         {
            OFFSET 0.000000 -22.891001 0.000000
            CHANNELS 3 Zrotation Yrotation Xrotation
            End Site
            {
               OFFSET 0.000000 0.000000 14.411000
            }
         }
      }
   }
   JOINT RightHip
   {
      OFFSET -8.994099 0.000000 0.000000
      CHANNELS 3 Zrotation Yrotation Xrotation
      JOINT RightKnee
      {
         OFFSET 0.000000 -25.909001 0.000000
         CHANNELS 3 Zrotation Yrotation Xrotation
         JOINT RightFoot
         {
            OFFSET 0.000000 -21.714000 0.000000
            CHANNELS 3 Zrotation Yrotation Xrotation
            End Site
            {
               OFFSET 0.000000 0.000000 13.963001
            }
         }
      }
   }
}
MOTION
Frames: 248
Frame Time: 0.016670
-6.171664 46.005377 15.830095 0.636812 -13.229354 2.388630 -1.243766 2.742703 -29.742810 8.899558 0.723956 32.983496 12.905411 -4.581531 59.972141 -0.065950 4.424042 22.500122 8.839987 -0.276634 35.459672 68.541290 81.378050 74.084842 -36.584525 40.078034 -8.190063 -1.909249 45.295499 -30.594477 12.706248 -57.612079 -5.072090 30.586974 -37.608531 -18.900559 2.840928 -45.420772 -32.219826
-6.167394 46.021222 15.832152 0.617722 -13.314155 2.159026 -1.141913 2.717316 -29.529913 8.402397 0.062767 32.900977 13.105770 -3.362903 60.423945 1.364220 8.056875 22.750173 13.084777 0.981519 34.923509 127.330572 77.935573 132.099943 -33.230960 34.190056 -0.940420 -4.229736 41.664857 -32.149315 12.696415 -60.084935 -4.920652 30.178361 -36.581779 -17.623640 2.221380 -44.494038 -31.677786
-6.149112 46.028866 15.792840 0.588987 -13.091071 2.246515 -1.029783 2.391202 -29.932788 7.941325 -0.590503 33.444554 13.297245 -2.105432 60.517621 2.813853 11.494816 23.725150 17.246424 2.351889 34.005490 163.400637 53.097853 165.840490 -23.398462 22.634187 14.984206 -3.180233 29.129046 -31.070756 13.304147 -62.312424 -5.502915 29.838740 -35.806167 -16.561515 1.594705 -43.683072 -31.208463
-6.123853 46.033744 15.753702 0.542306 -13.431198 1.963599 -0.867637 2.625939 -29.578107 7.298582 -1.111737 32.912472 13.649050 -1.033950 61.392889 4.053590 15.096207 23.846231 21.658270 3.623782 33.351209 168.969072 31.519612 168.854215 -15.685063 16.498713 25.978773 -0.190089 15.650286 -29.699930 13.384764 -64.287455 -5.486385 29.352721 -35.080183 -15.351583 0.924636 -42.705392 -30.711748
-6.108124 46.044187 15.724679 0.507737 -13.661937 1.704277 -0.733517 2.736002 -29.400881 6.836974 -1.676442 32.475951 13.965775 0.110159 62.439670 5.275479 18.403214 24.292355 25.900721 4.946333 32.651378 171.342071 18.178193 169.258194 -8.585751 15.331845 31.569390 3.293567 4.287214 -29.469285 13.409272 -66.166283 -5.432178 28.947049 -34.493145 -14.271959 0.289208 -41.767362 -30.214281
-6.093144 46.055526 15.696956 0.469118 -13.804503 1.422266 -0.583922 2.767870 -29.304319 6.337661 -2.245615 31.929755 14.342535 1.116798 63.677840 6.417074 21.485776 24.869205 29.994270 6.291594 31.905026 172.905542 9.035703 169.024151 -1.577341 16.431159 35.046793 6.890473 -5.753397 -30.555626 13.193931 -68.050650 -5.138577 28.726597 -33.972149 -13.285615 -0.368004 -40.848718 -29.780079
-6.099861 46.082501 15.704843 0.420532 -13.639484 1.090161 -0.355898 2.476615 -29.178032 5.981021 -2.838843 31.586367 14.669443 2.200110 65.092317 7.506150 24.286469 25.619543 33.802261 7.685975 31.217414 174.123174 2.822767 168.477749 5.217819 18.744585 37.598685 10.192925 -14.791101 -32.642382 12.218954 -70.154519 -4.061246 28.840098 -33.464071 -12.340093 -0.992195 -39.959977 -29.350901
-6.102638 46.108727 15.696667 0.378760 -13.577094 0.803250 -0.144819 2.309892 -29.055816 5.624245 -3.501219 31.175152 15.049048 3.008211 67.138075 8.592188 26.796789 26.465711 37.464011 9.027432 30.639706 175.039266 -1.318640 167.864548 11.673460 21.945987 39.918556 12.982720 -22.941489 -35.284672 10.969530 -72.057580 -2.779464 29.041493 -33.015055 -11.336191 -1.642324 -39.088391 -29.006024
-6.107191 46.138911 15.693173 0.342055 -13.507369 0.507255 0.097903 2.296857 -28.861343 5.393976 -4.253393 30.699914 15.435796 3.606458 69.804383 9.662486 28.955235 27.483047 41.016133 10.275133 30.131646 175.682519 -3.835189 167.200217 17.862060 25.659438 42.425010 15.316180 -30.411206 -38.093553 9.005294 -73.736038 -0.825509 29.414722 -32.624638 -10.339114 -2.270521 -38.277719 -28.724733
-6.128364 46.173019 15.713485 0.264426 -13.375635 0.150589 0.306228 2.251420 -28.678339 5.178947 -5.058978 30.174738 15.800430 4.040896 72.711619 10.681424 30.828284 28.583787 44.473609 11.413038 29.704824 176.149581 -5.054647 166.427681 23.875191 29.567534 45.357084 17.289517 -37.292099 -40.794712 5.948565 -74.822707 2.276940 30.107464 -32.447292 -9.665244 -2.736171 -37.776960 -28.450559
-6.162314 46.204128 15.746567 0.151670 -13.284369 -0.268187 0.519109 2.220752 -28.467059 4.989151 -5.792575 29.640333 16.086359 4.442517 75.671133 11.643708 32.603362 29.635439 48.180585 12.254058 29.428693 176.517660 -5.310947 165.628864 30.003047 33.481901 48.763043 18.953220 -43.685514 -43.332848 2.068394 -74.302227 6.090178 31.277106 -32.847824 -9.401202 -2.998030 -38.049649 -28.425427
-6.205048 46.243104 15.798267 0.035673 -13.157640 -0.767748 0.736480 2.182809 -28.209395 4.866518 -6.448283 29.115003 16.284008 4.842329 78.655072 12.529742 34.247979 30.676613 51.898229 12.929608 29.148078 176.702567 -4.901445 164.796086 36.091505 37.157216 52.695978 20.420640 -49.663600 -45.588081 -1.546594 -72.370656 9.681761 33.072128 -33.607994 -9.957568 -2.975255 -38.982758 -28.482609
-6.263239 46.275410 15.874195 -0.085939 -12.997898 -1.339366 0.910307 2.051847 -27.899412 4.548505 -7.169689 28.751401 16.450400 5.030094 81.644345 13.378051 35.858869 31.637119 55.624432 13.484422 28.839852 176.776128 -4.125367 163.873655 42.204900 40.352976 57.095751 21.685057 -55.304868 -47.585139 -4.524263 -69.714880 12.737534 35.284607 -34.424198 -11.050802 -2.800244 -40.280808 -28.636943
-6.331752 46.304125 15.975051 -0.217089 -12.806070 -1.966062 1.070120 1.871145 -27.604963 4.015456 -7.971170 28.583792 16.569685 5.054319 84.491865 14.243031 37.408133 32.653977 59.292606 13.927966 28.493469 176.740243 -3.167184 162.907306 48.180718 42.953642 61.745361 22.781442 -60.567140 -49.259994 -7.009773 -66.781464 15.444364 37.876114 -35.080101 -12.602306 -2.479584 -41.744952 -28.773821
-6.419912 46.320147 16.096192 -0.365274 -12.600443 -2.623821 1.170085 1.626367 -27.373723 3.366241 -8.843001 28.653528 16.631166 5.007012 87.061013 15.117669 38.863711 33.681944 62.774513 14.331111 28.102538 176.736896 -2.154439 161.875415 54.105340 44.937379 66.481216 23.686623 -65.533964 -50.679058 -9.351591 -63.635732 18.116967 41.162777 -35.517875 -14.478801 -2.066261 -43.423057 -28.967816
-6.526211 46.343283 16.226467 -0.512271 -12.414699 -3.282347 1.305307 1.494520 -27.088390 2.738727 -9.790706 28.966580 16.630770 4.960007 89.429730 15.997415 40.139649 34.763969 65.924187 14.794313 27.622166 176.725585 -1.218341 160.881076 59.816727 46.439798 71.154425 24.465024 -70.255934 -51.796606 -11.261969 -60.548520 20.465557 44.541204 -35.682155 -16.485959 -1.569449 -45.064806 -29.097094
-6.644332 46.374521 16.369393 -0.625866 -12.261580 -3.924855 1.445487 1.347396 -26.842082 2.131392 -10.736762 29.645132 16.605710 5.161080 91.360009 16.863597 41.189562 35.833720 68.669294 15.328075 27.284867 176.698414 -0.418099 159.919686 65.257178 47.544339 75.627700 25.125223 -74.813336 -52.633400 -12.906983 -57.535847 22.503341 47.980218 -35.748640 -18.391671 -1.002068 -46.711425 -29.206329
-6.765880 46.405868 16.517976 -0.700506 -12.111420 -4.523433 1.611228 1.208016 -26.607593 1.491257 -11.688679 30.547840 16.576919 5.535589 92.963751 17.565657 42.001623 36.845555 71.046439 15.947701 27.040000 176.636888 0.267608 159.080747 70.444734 48.404150 79.893536 25.675147 -79.291577 -53.204749 -14.357992 -54.728656 24.296381 51.376680 -35.713109 -20.212049 -0.480568 -48.290913 -29.390120
-6.895242 46.432122 16.673385 -0.727950 -11.937774 -5.083411 1.742696 1.107461 -26.363419 0.860940 -12.737695 31.598719 16.566982 6.092986 94.361167 18.129868 42.532770 37.755090 73.026122 16.669459 26.926409 176.563327 0.837978 158.344699 75.499395 49.040943 84.034474 26.081695 -83.760994 -53.542857 -15.845873 -52.227868 26.078480 55.046035 -35.627653 -22.150672 0.125373 -49.918919 -29.540414
-7.030557 46.452879 16.830764 -0.698286 -11.744402 -5.627690 1.782193 1.072041 -26.183402 0.077218 -13.921718 32.576956 16.572720 6.674143 95.545706 18.532255 42.719521 38.510386 74.588125 17.481990 27.021892 176.481023 1.326531 157.699355 80.526462 49.539434 88.078021 26.341079 -88.297926 -53.639518 -17.462661 -50.365016 27.989220 58.983068 -35.561974 -24.564760 0.789403 -51.721314 -29.737455
-7.196002 46.446270 16.986327 -0.636978 -11.604780 -6.117772 1.750264 1.081789 -26.065339 -0.624995 -15.142640 33.589801 16.660325 7.528772 96.333821 18.787233 42.738690 39.074785 75.964141 18.346095 27.241740 176.504273 1.645260 157.073355 85.617036 49.709212 92.049633 26.404745 -92.897410 -53.516185 -18.986550 -49.094474 29.881302 62.904137 -35.432761 -27.384491 1.407015 -53.485244 -29.998181
-7.391227 46.406273 17.143104 -0.551401 -11.612926 -6.589072 1.713398 1.265084 -25.889050 -1.348716 -16.407216 34.446334 16.820601 8.509829 96.846031 18.917746 42.629864 39.376485 77.022267 19.260722 27.669559 176.602204 1.730006 156.339738 90.691525 49.423553 95.892646 26.259405 -97.598458 -53.162900 -20.336227 -48.308931 31.605614 66.524000 -35.461714 -30.436419 1.887958 -55.209187 -30.412773
-7.628351 46.337775 17.291294 -0.434586 -11.831110 -7.008349 1.655597 1.613152 -25.668496 -2.072510 -17.671805 35.263119 17.098439 9.649393 96.915665 18.928286 42.546543 39.388724 77.949411 20.199531 28.246900 176.862421 1.486598 155.524077 95.647961 48.697118 99.404381 25.949904 -102.266763 -52.554655 -21.202883 -47.715961 32.881507 69.488378 -35.458456 -33.522736 2.195401 -56.369135 -30.825798
-7.888917 46.256580 17.433936 -0.254910 -12.234517 -7.401359 1.527081 2.051815 -25.454363 -2.767678 -18.885949 36.021304 17.533478 11.034904 96.512342 18.782098 42.475276 39.061746 78.672339 21.206694 28.997623 177.196226 0.941188 154.638515 100.312885 47.653277 102.474653 25.519028 -106.823749 -51.709388 -21.415401 -46.979069 33.521066 71.543711 -35.313116 -36.494404 2.160986 -56.525372 -31.295134
-8.191967 46.157831 17.572975 -0.087637 -12.837355 -7.770880 1.474203 2.674096 -25.200652 -3.480018 -20.031961 36.632845 18.134919 12.625905 95.686231 18.398093 42.373254 38.506827 79.190811 22.324487 29.836329 177.721864 0.135199 153.547160 104.502045 46.167919 104.875772 25.032857 -111.032327 -50.709858 -21.073382 -46.068799 33.626964 72.964910 -35.282688 -39.311885 2.095662 -55.985995 -31.554627
-8.528613 46.035432 17.710862 0.098418 -13.496149 -8.097954 1.394810 3.252396 -24.996006 -4.135624 -21.060490 37.307149 18.915369 14.431915 94.451831 17.917796 42.243863 37.801385 79.538980 23.548208 30.783236 178.329669 -0.839466 152.410508 108.080306 44.553645 106.663827 24.506502 -114.882716 -49.648679 -20.391945 -45.074737 33.383345 74.131349 -35.492969 -42.108447 2.180250 -55.193348 -31.528833
-8.905047 45.875897 17.863164 0.311759 -14.274229 -8.423743 1.269806 3.857489 -24.760124 -4.810983 -21.986142 38.004965 19.852925 16.354606 92.921309 17.439759 42.128422 36.935751 79.745771 24.921981 31.832209 179.021253 -1.916477 151.056300 111.017785 42.725675 107.789292 24.000347 -118.234673 -48.618335 -19.951573 -44.428912 33.150398 75.964216 -36.632231 -44.910300 1.965007 -55.165102 -32.202194
-9.315179 45.683774 18.024859 0.520407 -15.086559 -8.729742 1.114796 4.475357 -24.545219 -5.346507 -22.821755 38.784464 20.974456 18.463309 91.088455 16.881694 42.002764 36.091669 79.795024 26.573116 32.725752 179.797244 -2.996314 149.570788 113.403256 40.826578 108.332818 23.536644 -121.069160 -47.686885 -19.027312 -43.433279 32.646276 77.703176 -38.057660 -47.281247 1.556145 -54.506791 -32.905007
-9.756139 45.472359 18.194185 0.732506 -15.869376 -9.018078 0.972791 5.019672 -24.303102 -5.798261 -23.477686 39.773117 22.299714 20.797316 88.870672 16.344498 41.959969 35.206893 79.704298 28.499781 33.622108 180.617768 -3.974128 148.023450 115.310737 38.983844 108.458288 23.147342 -123.403432 -46.871856 -17.798489 -41.757997 32.115375 79.402390 -39.359443 -49.233530 1.017539 -53.125929 -33.463600
-10.232284 45.266132 18.388674 0.892473 -16.601967 -9.363365 0.930854 5.503720 -23.935723 -6.013424 -23.953344 40.827032 23.779782 23.525955 86.432964 15.648897 41.983879 34.260990 79.493765 30.732518 34.481155 181.552357 -4.694154 146.300166 116.819703 37.238301 108.148484 22.931790 -125.097374 -46.176921 -16.644503 -39.834582 32.009183 81.517761 -40.406224 -51.334872 0.602101 -51.580687 -33.825166
-10.726924 45.075087 18.636234 1.076956 -17.281352 -9.835425 0.891298 5.917754 -23.411421 -6.391484 -24.247105 42.065373 25.395803 26.407699 83.850865 14.857893 42.038739 33.202321 79.210954 33.215951 35.448685 182.501534 -5.127223 144.412698 118.069396 35.733050 107.564858 22.923240 -126.210995 -45.562549 -15.806169 -37.899729 32.391858 84.081828 -41.162487 -53.734707 0.282253 -49.992583 -34.073864
-11.215256 44.904022 18.917162 1.295008 -17.979954 -10.398483 0.930329 6.493271 -22.735536 -6.869779 -24.498709 43.307364 27.010526 29.386483 81.422200 13.831334 42.084132 32.081057 78.938504 36.022865 36.435391 183.471640 -5.453117 142.389459 119.471224 34.292382 106.936215 23.052186 -127.122975 -44.891733 -15.219075 -36.175749 32.934964 86.878340 -41.989080 -56.347247 -0.059820 -48.368528 -34.344237
-11.697037 44.758424 19.211425 1.518784 -18.700556 -10.993697 0.883401 7.179760 -21.951922 -7.416556 -24.776376 44.405891 28.527656 32.375681 79.197095 12.706755 42.100173 30.865171 78.705745 39.160282 37.553739 184.481074 -5.585711 140.361644 121.061811 33.075225 106.245655 23.250908 -127.945276 -44.167647 -14.762771 -34.477296 33.487816 89.779961 -42.966394 -58.837196 -0.404090 -46.714963 -34.600352
-12.160120 44.640540 19.500491 1.734301 -19.386237 -11.581538 0.799780 7.963403 -21.116003 -7.900193 -25.163609 45.293938 29.959805 35.512913 77.405550 11.523212 42.291691 29.561632 78.756439 42.661099 38.714267 185.268895 -5.488784 138.576123 122.451235 32.282575 105.552562 23.349273 -129.017000 -43.357327 -14.427103 -32.776678 34.151403 92.841313 -43.732714 -61.172588 -0.627151 -45.149005 -34.714433
-12.586131 44.567246 19.780336 1.912459 -19.961607 -12.114246 0.731793 8.779383 -20.380808 -8.708593 -25.645185 45.944736 31.381174 38.144018 76.119501 10.520604 42.976534 28.358512 79.332654 46.502622 39.971158 185.316911 -4.668921 137.168053 122.821391 31.684862 104.257408 23.121987 -131.288940 -42.098298 -14.189727 -31.259792 34.969954 95.996335 -44.112869 -63.564739 -0.702765 -43.637532 -34.669159
-12.937100 44.575171 20.037565 2.086581 -20.300552 -12.557320 0.605485 9.594653 -19.784430 -9.908731 -26.370560 46.472976 32.912824 40.105976 75.393110 9.733284 44.153311 27.334012 80.501054 50.778574 41.390868 184.994280 -3.685690 136.476086 122.771271 30.935781 102.554887 22.433418 -133.690639 -41.260261 -14.034037 -30.119895 35.585890 98.978150 -44.782603 -65.906367 -0.699592 -42.062736 -34.457519
-13.217269 44.634208 20.272245 2.247212 -20.407019 -12.841891 0.401125 10.385795 -19.437982 -11.348284 -27.278363 47.000714 34.340531 41.181908 75.365147 9.370376 45.984686 26.686191 82.421846 55.484574 43.068181 184.500471 -2.774385 136.457795 122.621717 29.607381 100.542953 21.548444 -135.571865 -40.939539 -13.979238 -29.424639 35.987819 101.753112 -45.677413 -68.143336 -0.672371 -40.453797 -34.148668
-13.427578 44.719662 20.478415 2.421281 -20.412615 -12.967578 0.111399 11.153945 -19.328177 -12.588713 -28.279654 47.737855 35.646962 41.797302 76.133004 9.677780 49.097316 26.440467 85.422656 60.554463 45.034876 183.866370 -1.986968 137.010876 122.393028 27.694315 98.221938 20.932412 -136.954172 -40.567509 -13.957796 -29.077498 36.138719 104.303525 -46.602073 -70.313799 -0.612815 -38.895486 -33.780552
-13.603546 44.842610 20.682821 2.520293 -20.191089 -12.971975 -0.196454 11.614580 -19.470190 -13.887485 -29.123548 48.848847 36.907859 41.866269 77.388202 10.900881 53.706228 26.899382 89.455595 66.189826 47.336718 183.214429 -1.094535 138.075812 122.053677 25.579777 95.704850 20.429267 -137.947678 -40.301927 -13.874028 -29.072106 36.241230 106.542782 -47.405539 -72.489699 -0.483621 -37.367518 -33.264234
-13.739614 45.013251 20.864961 2.594082 -19.922082 -12.869985 -0.383334 12.084262 -19.647821 -15.226633 -29.806201 50.289631 38.089848 41.552081 78.963469 13.251441 59.705552 28.502723 94.315371 72.523611 50.143492 182.661019 -0.480205 139.664610 121.713657 23.478002 93.391027 20.107124 -138.499735 -40.103626 -13.769056 -29.315435 36.152400 108.483177 -48.310396 -74.606593 -0.301552 -35.930753 -32.659188
-13.857852 45.244431 21.094963 2.603003 -19.529138 -12.679380 -0.418234 12.263206 -19.803012 -16.313118 -30.161019 52.161731 39.545542 41.562435 80.285035 17.485195 66.852696 32.251429 99.941329 79.294255 53.522025 182.094592 0.082331 141.336517 121.238453 21.151411 91.185088 20.082296 -138.645928 -39.684328 -13.877524 -29.692379 36.052969 110.304324 -49.361241 -76.536846 0.090211 -34.749878 -31.929212
-13.947890 45.429634 21.266372 2.601880 -19.089404 -12.508989 -0.321171 12.393637 -19.762968 -17.381319 -30.392091 54.042321 41.011396 41.446452 81.735337 24.491648 74.224560 38.904631 105.868212 85.387842 57.699491 181.812204 0.146521 143.574866 120.839188 19.493637 89.373005 19.993456 -138.618443 -39.522231 -13.974960 -30.145989 35.965532 111.973636 -50.243835 -78.243833 0.373497 -33.678529 -31.268613
-14.018762 45.607485 21.454534 2.571366 -18.573926 -12.358695 -0.088918 12.458216 -19.620169 -18.310708 -30.575799 55.937620 42.684004 41.443136 83.088876 33.655487 79.903310 48.194774 111.856806 89.491632 62.384653 181.658375 -0.083664 145.984283 120.337961 18.281104 87.782377 19.982490 -138.420750 -39.335602 -14.164048 -30.585263 36.035822 113.524144 -51.019529 -79.798944 0.728559 -32.630085 -30.516684
-14.072853 45.781078 21.636541 2.529738 -17.987916 -12.152854 0.152160 12.561243 -19.566330 -19.062778 -30.857630 57.938125 44.575372 41.578777 84.396140 43.882401 83.443014 58.659673 117.557063 91.199773 67.473718 181.651039 -0.655382 148.627047 119.755933 17.582999 86.386559 20.070871 -138.031511 -39.172675 -14.517873 -31.217468 36.231661 115.045603 -51.655583 -81.097008 1.058723 -31.602688 -29.759226
-14.125775 45.880918 21.814987 2.405019 -17.316422 -11.904602 0.496981 12.633230 -19.476358 -19.794628 -31.200598 59.902426 46.668155 41.728375 85.751195 54.924369 85.951032 70.061786 123.485066 91.816266 72.696196 181.831561 -1.519076 151.377537 119.053121 17.298045 85.053593 20.144863 -137.530667 -39.087602 -14.910325 -31.926176 36.685202 116.546441 -51.953236 -82.136734 1.289895 -30.504615 -29.078239
-14.190498 45.925111 22.016534 2.248764 -16.659598 -11.672317 0.862957 12.801492 -19.341098 -20.465881 -31.626952 61.951878 49.000119 41.983974 87.108005 66.642313 87.641395 82.088622 129.384615 91.732309 78.076452 182.114222 -2.705023 154.120937 118.101935 17.477078 83.798764 20.169094 -136.986042 -39.070151 -15.497257 -32.752823 37.423665 118.067675 -52.137798 -82.949540 1.423290 -29.292943 -28.451102
-14.246113 45.910396 22.235539 2.057768 -16.068624 -11.465902 1.240454 13.022238 -19.274189 -21.184045 -32.115498 63.846785 51.549757 42.472148 88.476433 78.969944 88.749122 94.613406 135.273973 91.070600 83.761704 182.433629 -4.336265 156.844666 116.795880 18.203014 82.630850 20.073668 -136.374248 -39.246311 -16.356023 -33.691657 38.453456 119.677045 -52.386403 -83.496139 1.440609 -27.856629 -27.888158
-14.290818 45.812787 22.465934 1.849420 -15.528599 -11.242265 1.574295 13.288003 -19.325532 -21.918357 -32.692219 65.699521 54.316239 43.180596 89.932227 91.937905 89.389431 107.655181 141.276056 90.123513 89.757237 182.677890 -6.332797 159.593517 114.935896 19.422937 81.382059 19.892567 -135.844594 -39.457716 -17.525432 -34.815271 39.760881 121.383977 -52.605656 -83.781177 1.262057 -26.230496 -27.530522
-14.328867 45.640039 22.721972 1.603318 -14.954571 -11.037762 1.894839 13.530980 -19.425234 -22.906052 -33.309549 67.439457 57.273096 43.819529 91.507480 105.318723 89.634574 121.050568 147.309886 89.183583 96.085879 182.816529 -8.627699 162.260132 112.371290 21.038449 79.882778 19.639295 -135.448088 -39.650563 -19.047690 -36.072698 41.481252 123.208949 -52.834505 -83.820211 0.949608 -24.379843 -27.262770
-14.365989 45.394668 23.003802 1.313731 -14.400091 -10.871491 2.267545 13.817387 -19.481561 -24.078138 -34.011050 69.022811 60.268319 44.376965 93.261746 119.020144 89.367698 134.696781 153.303610 88.433581 102.773351 182.825381 -11.225859 164.795280 109.035951 22.969496 78.021852 19.189809 -135.251146 -39.924160 -20.946698 -37.353478 43.666810 125.192299 -53.069702 -83.605183 0.501223 -22.304838 -27.100005
-14.382044 45.092639 23.332212 1.035543 -13.932248 -10.800995 2.639324 14.200665 -19.475545 -25.386343 -34.747693 70.500775 63.320785 44.984773 95.125889 132.709291 88.100308 148.303460 159.166699 88.344351 109.771228 182.715278 -14.144985 167.080238 104.830392 25.144247 75.487701 18.626276 -135.134104 -40.250353 -23.415709 -38.493566 46.269897 127.385091 -53.659650 -83.162553 -0.015235 -20.142844 -27.097724
-14.385257 44.747180 23.709480 0.764135 -13.543930 -10.897376 3.118955 14.495297 -19.168409 -26.918235 -35.375858 71.705976 66.451921 45.749341 97.062760 145.856258 85.391961 161.420483 165.028435 89.456920 116.760363 182.485770 -17.348802 169.005586 99.795908 27.383246 72.286918 18.069279 -134.976696 -40.535523 -26.549748 -39.404775 49.454121 129.807212 -54.533101 -82.470313 -0.572719 -17.854849 -27.151696
-14.372002 44.368281 24.138560 0.555739 -13.190501 -11.220034 3.660347 14.503980 -18.245346 -28.708170 -35.910969 72.503715 69.555307 46.532160 99.129957 156.700864 80.936137 172.118308 170.867837 92.005278 123.271760 182.156487 -20.738736 170.501466 94.444413 29.488915 68.575680 17.559873 -134.398589 -40.885796 -30.424343 -39.942581 53.256515 132.428366 -55.750357 -81.560033 -1.108152 -15.497236 -27.225170
-14.348094 43.967838 24.617197 0.374122 -12.861496 -11.710342 4.265328 14.257182 -16.976893 -30.595498 -36.283259 73.088823 72.563773 47.316538 101.397382 161.943252 77.297025 177.407661 176.374035 94.147553 128.796440 181.698482 -24.168901 171.834869 88.869353 31.693430 64.626396 16.128535 -132.968989 -42.410537 -35.021583 -40.308604 57.585325 135.038236 -57.502188 -80.586158 -1.670230 -12.981158 -27.330401
-14.306543 43.556871 25.127301 0.201999 -12.577963 -12.144159 4.751152 14.073700 -16.266475 -32.410853 -36.158045 74.209193 75.775717 48.085754 103.437136 161.373874 74.237210 176.688634 181.274136 95.529170 133.857187 181.050433 -27.597050 173.187602 81.628151 33.422312 59.468148 14.451203 -131.037398 -44.102545 -40.371841 -40.761855 62.122087 137.435072 -60.254030 -79.659847 -2.264079 -10.340144 -27.610015
-14.237337 43.135485 25.671730 0.055661 -12.360013 -12.475578 5.037783 14.133689 -16.401538 -34.243679 -35.304510 76.249117 79.389816 48.541106 105.027464 157.597353 69.614476 172.546944 185.832932 98.660252 138.689573 180.603261 -32.218050 174.201625 73.817249 33.554725 52.690323 12.876571 -128.394893 -46.368706 -46.517229 -41.290765 66.927419 139.491355 -63.839654 -78.806559 -2.881211 -7.570828 -28.085953
-14.133715 42.773651 26.236808 -0.060604 -12.172603 -12.781330 5.276206 14.363381 -16.967774 -36.107662 -34.038422 78.638912 82.924924 48.438100 106.510544 153.592117 64.558422 168.324439 190.342100 103.845957 143.161817 180.434637 -37.676867 174.599306 66.183556 31.884491 45.225080 11.710714 -125.581333 -48.428244 -53.308735 -41.723054 72.009817 141.039254 -67.990292 -78.089225 -3.522701 -4.626386 -28.541390
-14.016794 42.537007 26.800856 -0.093116 -12.113898 -13.230237 5.527383 14.545040 -17.224287 -37.798168 -33.037167 80.822462 85.797797 47.818018 108.685542 151.161444 61.185955 166.087880 195.151236 109.124648 146.664324 181.195233 -43.541356 173.899622 60.160265 28.771571 37.883849 10.982805 -122.747215 -50.115960 -60.716106 -41.845034 77.375183 142.087619 -72.472426 -77.545494 -4.158982 -1.524378 -28.745121
-13.898065 42.503065 27.333762 -0.070581 -12.108243 -13.799612 5.912603 14.453858 -17.198474 -39.483302 -32.050864 82.609991 88.214530 46.929356 111.084195 149.501025 59.341571 165.091259 199.981737 113.793834 149.215495 183.074300 -49.339763 172.102367 55.875752 24.993382 31.005234 10.667050 -120.221793 -51.160726 -68.414597 -41.725537 82.794986 142.496365 -77.138586 -77.331866 -4.853931 1.757653 -28.517817
-13.748629 42.679724 27.791621 0.068192 -12.079979 -14.371917 6.240537 14.179391 -17.158284 -41.013179 -31.153572 84.168735 90.295661 46.000293 113.495874 148.061330 58.535261 164.674399 204.571119 117.973978 150.927277 185.619529 -54.735008 169.668005 52.908008 21.507569 24.788934 10.770923 -118.094449 -51.445200 -76.154512 -41.498921 87.954183 142.346565 -81.797813 -77.510155 -5.541817 5.039954 -27.917674
-13.543575 43.053483 28.165876 0.376551 -12.017204 -14.917581 6.434017 13.809343 -17.240637 -42.378295 -30.277890 85.590357 92.132039 45.056176 115.734181 146.579288 58.280563 164.362492 208.747424 121.863771 152.142833 188.502730 -59.619021 166.810800 50.742421 18.724458 19.382000 11.253271 -116.344554 -51.001699 -83.580929 -41.225144 92.675688 141.764961 -85.950916 -78.049084 -6.273989 8.275667 -27.024506
-13.289604 43.582310 28.456261 0.843701 -11.995276 -15.428578 6.506781 13.418808 -17.429787 -43.363751 -29.663146 86.904540 93.726123 44.461680 118.161139 145.394934 58.202487 164.273713 212.641616 125.333821 153.040456 191.626845 -63.721355 163.713747 49.009035 16.890831 14.643746 11.987416 -114.917960 -50.017011 -90.422982 -40.929714 96.829037 140.922539 -89.494357 -78.850586 -7.086307 11.499746 -25.913874
-13.008518 44.207238 28.674669 1.390329 -12.077219 -15.925551 6.585881 13.106934 -17.650011 -44.254592 -29.373065 87.849750 95.024194 43.921070 120.803111 144.379858 58.147354 164.337562 216.173916 128.474424 153.619683 194.955975 -66.980400 160.429013 47.468179 15.894024 10.526005 12.896580 -113.825021 -48.600064 -96.366190 -40.466962 100.327481 140.104296 -92.345011 -79.677736 -8.007049 14.812665 -24.523147
-12.717955 44.827241 28.843634 2.012203 -12.212196 -16.409357 6.565551 12.901493 -17.860781 -45.093828 -29.371176 88.469453 96.044447 43.325710 123.519149 143.723204 58.107459 164.562794 219.397561 131.325222 153.877072 198.243276 -69.476418 157.104610 46.008349 15.467602 6.989640 13.772781 -113.170518 -46.953910 -101.318644 -39.779384 103.110066 139.491027 -94.881614 -80.412008 -9.055920 18.510880 -23.276298
-12.401651 45.390338 28.972761 2.687056 -12.435732 -16.955965 6.573902 12.930615 -17.864051 -46.215611 -29.776162 88.477328 96.589878 42.165883 126.087696 143.157036 57.934443 164.747004 222.222308 134.005593 153.963624 201.470035 -71.543916 153.629232 44.419538 15.368018 4.131653 14.499334 -112.954581 -45.230124 -104.655703 -39.046450 104.545348 139.022558 -97.950001 -81.349650 -10.501915 23.899938 -22.783206
-12.054163 45.848259 29.069950 3.416587 -12.673946 -17.533212 6.534310 13.146345 -17.812889 -47.369886 -30.634519 88.046247 96.671642 40.726950 128.535254 142.626644 57.715624 164.758192 224.638146 136.586954 153.947560 204.605379 -73.574122 149.942583 42.621811 15.403502 2.039653 15.007573 -113.137050 -43.551376 -106.559468 -38.443040 104.584642 138.735048 -102.016095 -82.793538 -12.014864 30.711420 -23.370792
-11.674346 46.154961 29.096925 4.148500 -12.968840 -18.001635 6.426462 13.601394 -17.902126 -48.454424 -31.927480 87.251131 96.270724 39.066401 130.809338 141.912015 57.355619 164.174880 226.446357 139.168970 153.847334 207.552387 -75.850145 146.316476 40.608412 15.644560 0.440780 15.179972 -113.598572 -42.070045 -107.800589 -38.068589 103.766570 138.890189 -107.148716 -84.820595 -13.298598 38.383863 -25.045865
-11.275198 46.261105 29.054625 4.785109 -13.196289 -18.283274 6.278870 14.198240 -18.257114 -49.475708 -33.579269 86.217464 95.430652 37.181644 132.822577 140.731485 56.761300 162.666979 227.447649 141.901210 153.582350 210.262825 -78.309888 142.922091 38.545172 16.059725 -0.744467 14.930578 -114.319649 -40.883071 -110.351357 -37.751166 103.606211 139.344247 -113.621016 -87.035919 -12.898408 44.216688 -27.459095
-10.849579 46.128744 28.969988 5.235568 -13.069794 -18.438097 6.239511 14.546677 -18.729448 -50.549499 -35.531829 84.903281 94.185454 35.111779 134.663081 139.432014 56.040268 160.837677 228.011085 144.653407 153.244310 212.577480 -80.631353 139.839476 36.803590 16.667635 -1.475553 14.123504 -115.220606 -40.120323 -115.121759 -36.911575 105.004931 139.692299 -121.262769 -89.099012 -11.066284 47.143806 -29.267924
-10.415367 45.752720 28.857083 5.437169 -12.464853 -18.518499 6.244512 14.353994 -19.235421 -51.624595 -37.806344 83.416745 92.579321 32.962957 136.529812 138.471499 55.317938 159.069191 228.447070 147.185222 152.963411 214.341663 -82.625536 137.222940 35.420196 17.227465 -1.990395 12.694914 -116.462293 -39.734731 -121.210504 -35.173043 107.527224 139.963212 -129.442726 -91.484189 -8.768746 48.996420 -30.252130
-9.997604 45.163597 28.736479 5.418176 -11.388750 -18.604559 6.459103 13.639265 -19.433087 -52.639097 -40.548531 81.950987 90.488928 30.661020 138.698124 137.957759 54.825409 157.605645 228.927874 149.448828 152.886066 215.581233 -84.125425 135.033140 34.340415 17.549358 -2.647318 10.626211 -118.192421 -39.669547 -127.781542 -32.349757 110.392570 140.507510 -137.750217 -94.698517 -6.841875 51.187138 -30.374104
-9.611996 44.378895 28.593895 5.263692 -10.069260 -18.730581 6.937592 12.486738 -19.281757 -53.510994 -43.814885 80.697824 87.951670 28.245709 141.385585 137.970245 54.627617 156.669008 229.722867 151.424447 153.112856 216.378822 -85.285635 133.301920 33.405858 17.712502 -3.615915 7.952436 -120.351785 -39.910817 -134.493596 -28.581043 113.132986 141.826501 -145.986250 -99.038610 -5.358824 54.413388 -30.226852
-9.284986 43.455509 28.383047 4.993559 -8.627682 -19.009450 7.887539 10.748950 -18.445331 -54.218434 -47.882461 79.415764 84.932378 25.777255 145.018877 138.969296 55.084274 157.251158 231.394624 152.961526 153.441798 216.896878 -86.196311 132.011355 32.494478 18.132866 -4.624517 4.947126 -122.401443 -40.470968 -141.658260 -23.625886 115.887847 143.890666 -153.589822 -104.020120 -4.057253 58.209597 -29.901137
-8.866491 42.562975 28.049850 5.133206 -7.189638 -19.304502 8.797189 8.745128 -17.403660 -54.689871 -52.411248 78.333377 81.705018 23.388048 149.072704 140.414728 55.827945 158.633753 233.411879 154.360253 153.804850 216.809301 -87.363133 130.835771 31.467395 18.857995 -5.382036 2.229523 -124.200911 -40.752856 -150.782764 -17.591922 118.837997 145.443455 -161.143301 -108.334204 -1.550727 60.606038 -29.899047
-8.381550 41.827340 27.506992 5.534244 -5.833399 -19.183455 9.339663 6.805913 -17.323467 -55.061997 -56.642202 77.764163 78.478559 21.090465 152.568790 140.797765 56.078401 158.632851 234.682486 156.031273 153.993472 216.210485 -89.135936 130.008881 30.501613 19.732253 -6.440900 -0.086237 -126.073722 -40.382336 -161.585719 -10.373362 121.978627 146.386978 -169.337479 -112.915116 2.020263 62.660019 -29.912697
-7.869562 41.386866 26.707041 6.050530 -4.696065 -18.535527 9.854638 5.066391 -18.309432 -55.675980 -60.313705 77.497949 75.277120 18.810913 154.948565 139.601403 55.590503 156.743156 235.058966 157.934109 154.144023 215.239519 -91.316474 129.769592 29.966615 21.049388 -8.156773 -1.849448 -128.208607 -38.898211 -172.075674 -2.908848 124.438574 147.094257 -177.878562 -118.013497 5.217665 65.678553 -29.704995
-7.311042 41.269397 25.766868 6.752457 -3.472403 -17.946655 9.963975 2.792314 -18.784747 -56.101856 -64.369683 77.126045 72.157137 16.793407 157.193512 132.026109 56.253274 151.882671 232.334267 164.487484 152.074039 214.083933 -92.534037 130.015233 30.442549 23.487195 -10.739300 -3.084116 -130.494971 -36.187360 -181.607299 3.968288 125.334996 146.333456 -186.002580 -122.185828 7.541625 68.539705 -28.759106
-6.704777 41.483650 24.763095 7.662805 -2.295814 -17.314936 10.080502 0.845629 -19.663172 -56.807459 -68.215947 76.682103 69.033186 14.799850 158.564754 131.162049 55.880431 149.067417 233.442506 167.959283 154.092305 213.283981 -92.094835 130.605866 32.708550 27.617884 -14.444083 -3.646764 -132.713745 -32.048173 -190.707460 10.294172 125.614719 144.311119 -192.671427 -126.404836 9.565447 71.325507 -27.195944
-6.181990 41.944608 23.755338 8.498274 -1.081997 -16.816887 10.350351 -1.731597 -20.531520 -57.308613 -71.232630 76.362464 66.649635 13.187605 159.559175 129.866102 56.299135 147.801318 235.123853 170.569385 153.410652 213.914886 -89.263346 131.136832 36.975697 33.185184 -19.128448 -3.127744 -134.315369 -26.523279 -198.785498 16.380667 125.533891 141.635365 -197.255208 -131.632608 11.350443 74.163437 -25.235997
-5.766334 42.593154 22.824030 9.372730 -0.343586 -16.496109 10.776148 -4.501878 -21.630716 -57.525076 -72.670146 76.503726 64.633117 11.730237 159.913498 127.302801 56.493202 146.648628 236.760530 172.761903 150.799785 216.352334 -84.512478 130.674291 43.266352 39.584447 -22.100651 -1.179184 -135.347015 -20.248651 -206.326614 21.879934 125.211287 138.289174 -200.147547 -138.030842 13.069936 77.129549 -23.008177
-5.316803 43.237318 22.160024 10.459555 -0.308255 -16.124764 10.728574 -6.993753 -22.694588 -57.563748 -73.127386 77.439688 62.017114 9.904613 159.478319 129.046370 55.828945 145.775375 238.752104 174.189631 151.550327 221.017217 -79.564710 127.654132 49.773941 46.027258 -23.013209 1.438652 -136.940580 -15.175850 -213.952438 26.383752 124.513037 133.727495 -201.731413 -145.136206 14.929803 80.609722 -20.430218
-4.899828 43.907437 21.433129 11.416151 -0.286414 -16.142280 10.503580 -9.587349 -23.323843 -56.826880 -73.867096 79.083345 58.259185 7.751454 158.420323 130.999681 54.120162 145.915776 240.143413 175.553866 149.549218 226.265439 -75.754530 123.800771 53.413763 48.710081 -24.637488 0.684570 -140.477867 -14.583149 -220.474722 29.337961 123.784625 128.615495 -201.728599 -151.531094 16.661997 83.435760 -17.708968
-4.470735 44.537772 20.813565 12.249934 -0.197898 -16.263024 10.729880 -12.279569 -24.098297 -56.097402 -74.347292 80.631756 55.303953 5.880749 157.189386 132.813670 51.903711 145.474369 241.677146 176.430876 148.439162 231.939455 -71.993691 119.851542 55.380581 48.621419 -26.712206 -1.288090 -145.500501 -15.362286 -225.377651 30.127275 123.215329 122.927996 -200.444346 -155.838703 18.198576 85.663106 -14.327946
-4.012049 45.166659 20.242846 12.974851 0.343144 -16.697582 10.506741 -15.259922 -24.142528 -55.053415 -75.735398 82.450369 52.823959 4.247054 155.740334 133.944490 48.813562 145.388172 241.308124 178.423324 144.283033 237.962233 -68.381655 115.692545 54.693751 48.652660 -28.549504 -3.047146 -149.361634 -16.106643 -228.897903 28.634641 122.809492 116.609415 -198.109555 -157.993108 19.490175 87.147470 -9.949502
-3.512147 45.788888 19.726941 13.660058 1.078849 -17.204026 11.264703 -18.261527 -24.951403 -54.616511 -76.312153 83.418316 51.259030 3.030081 154.792741 135.264534 45.836491 144.533674 241.786511 179.432567 143.375042 244.064406 -65.241762 111.608078 51.258480 49.086018 -30.366741 -4.674628 -151.815270 -16.985564 -232.307602 26.267605 122.453694 110.412467 -195.541814 -159.467268 20.077846 88.020832 -5.502877
-2.978847 46.347098 19.191273 14.543643 1.603291 -17.842088 11.373764 -21.086204 -25.357473 -53.954137 -77.005083 84.542442 50.313492 2.128074 153.913218 135.759108 43.020346 142.901914 240.753158 181.597655 142.319736 250.130543 -62.581274 107.600280 45.283314 49.530654 -32.371128 -5.993666 -153.794837 -17.355208 -236.476940 24.514536 122.301217 105.972857 -193.345375 -161.786978 20.228558 88.681093 -2.533889
-2.450296 46.697296 18.627976 15.333869 2.191660 -18.462804 12.219515 -24.213664 -26.247459 -53.639016 -77.128641 85.162671 51.070738 2.125276 153.038871 136.131708 41.098758 141.670486 240.943310 182.174041 142.789613 256.017237 -60.420502 103.892600 37.739326 49.698598 -34.293120 -7.680932 -156.325408 -18.016238 -240.749770 23.651933 122.129178 105.029772 -192.346460 -165.154534 20.812527 91.043778 -1.008916
-1.935411 46.771034 18.049415 16.054225 2.990904 -19.364334 11.877733 -27.293236 -25.529152 -52.695449 -79.061045 86.367305 52.566850 2.600721 152.016501 136.967149 39.584744 138.457469 239.222595 185.846606 144.922763 261.669984 -58.151643 100.379527 29.861351 50.068026 -35.659325 -9.728183 -159.896859 -18.657881 -245.139396 22.906385 121.766686 106.128948 -190.892135 -168.421810 22.622251 93.368221 -0.591784
-1.390788 46.590947 17.440407 16.695865 3.862346 -20.198854 12.270357 -30.450445 -25.401682 -52.213928 -80.156088 86.976606 54.365451 3.296850 151.740179 137.521269 39.492126 136.844780 239.928863 187.138249 146.840885 266.924230 -55.925060 97.329922 22.180162 51.009912 -36.500695 -12.224299 -164.212501 -19.578742 -249.181284 22.177978 121.551686 108.313966 -188.181561 -170.638876 24.270172 94.135730 0.042422
-0.788808 46.220054 16.833477 17.529472 4.724803 -21.164123 11.859865 -33.492468 -24.507716 -51.553213 -80.990949 87.918086 55.096718 3.354832 151.180199 135.660630 39.408928 134.084413 238.489551 190.183284 147.455970 271.523297 -53.533267 94.705081 14.568399 52.306463 -37.286016 -15.266745 -169.048548 -21.487481 -252.200118 20.410523 121.774746 110.320225 -185.494059 -171.437024 24.858953 93.803906 1.101688
-0.267240 45.591974 16.219241 18.270160 5.211868 -21.957173 11.723725 -36.401357 -24.026420 -50.844587 -80.258759 89.056931 55.835232 3.420156 150.043833 136.252138 39.324637 131.979581 238.358494 191.934668 149.561649 275.672555 -51.000029 93.035598 7.319179 53.620530 -38.844502 -18.341725 -173.719755 -24.002408 -253.883104 18.597022 122.594082 110.361657 -184.415067 -172.345713 26.214589 94.330670 0.964215
0.220330 44.746780 15.630589 18.867884 5.452188 -22.786409 11.703131 -39.668762 -23.459854 -50.128988 -78.634206 90.307573 57.203948 3.888005 148.915022 134.166471 38.650381 128.500379 236.712309 195.483730 151.599628 279.107730 -48.268196 92.509516 0.669831 53.795430 -40.984437 -21.100737 -177.736043 -27.140484 -256.124663 17.693096 123.394006 107.733407 -183.365267 -174.863102 28.920349 95.072381 0.068454
0.811686 43.750314 15.091882 19.550571 5.772685 -23.652047 11.294082 -42.761960 -22.773259 -49.556045 -77.006319 91.735014 58.767706 4.486007 147.109311 133.630329 39.309231 126.631953 238.122743 196.207552 153.554838 281.688039 -45.381679 92.597646 -4.947407 53.131184 -43.292693 -23.290358 -180.797307 -30.495125 -259.354495 17.179582 123.956117 105.296450 -182.313964 -177.670583 31.981046 96.026811 -0.855637
1.475864 42.674851 14.594641 20.217307 6.352497 -24.709019 9.893650 -45.637039 -20.919249 -48.661468 -76.537693 93.634428 60.353437 5.111668 146.113483 132.273102 38.806529 124.267205 236.956037 198.024738 153.902002 283.854438 -42.099831 92.924751 -9.343228 52.501919 -46.321380 -24.604990 -182.556258 -32.879001 -262.786419 15.533144 124.317366 101.443855 -181.110799 -179.517015 34.741907 96.698929 -1.192621
2.222924 41.609082 14.163890 20.551500 7.512300 -25.909324 8.673453 -48.829053 -18.877910 -48.011172 -76.300870 95.247985 61.380499 5.412980 146.499361 131.492493 37.960935 121.841231 235.498857 200.418405 155.463343 285.833991 -38.739457 93.680511 -12.960742 51.545949 -50.685628 -24.874238 -182.717396 -33.942137 -267.923268 13.853236 123.892241 96.829714 -179.504229 -182.502354 36.843755 97.238234 -0.202213
3.136426 40.646285 13.704557 21.120019 8.961471 -26.891370 6.554981 -51.361435 -16.407231 -47.613997 -76.381903 96.788309 61.587850 5.183535 147.065270 131.888822 38.076358 120.454798 237.004969 201.359359 156.254620 287.732811 -35.920641 93.695934 -16.838445 50.835947 -56.104854 -24.508083 -181.934902 -33.592954 -273.961346 12.962598 124.086765 93.233674 -177.460431 -186.627884 39.179594 97.335455 1.361291
4.070529 39.711897 13.131962 21.223421 10.930942 -27.309080 7.214765 -55.033167 -16.684211 -48.424590 -73.911663 96.894634 63.749728 6.116431 148.218875 131.648126 37.343182 119.321888 238.556132 202.297144 158.528417 289.591387 -34.321178 93.442691 -20.578977 50.549465 -61.660789 -24.091206 -181.003756 -33.137766 -279.974508 13.116367 123.815388 90.658153 -175.560013 -190.863189 41.662856 96.986931 3.205847
5.095863 38.833439 12.434991 21.260909 12.931630 -27.148339 11.559814 -59.161466 -21.133532 -50.381238 -68.816581 95.550733 69.264115 8.878721 149.796239 132.134927 36.232111 116.746210 239.103831 203.554390 166.669279 291.222355 -33.463767 92.364826 -23.411045 51.152438 -66.593450 -24.228896 -181.086155 -31.894163 -285.529966 13.957466 123.893812 88.748671 -173.782074 -194.728830 44.247069 96.127782 5.542778
6.165044 38.065283 11.638881 21.693092 14.760903 -26.985922 10.578431 -60.508065 -19.687904 -51.050449 -68.216794 96.052978 74.892758 11.317112 151.336515 129.817253 34.560238 112.521411 234.942743 205.713850 169.822777 292.224562 -31.594379 91.829318 -22.981985 50.939424 -71.465000 -25.357706 -183.075585 -28.661536 -290.589797 14.803387 124.625448 87.364588 -172.327694 -197.815829 46.984376 94.895991 8.083169
7.213965 37.462727 10.872282 21.362776 16.019430 -26.575066 16.015277 -61.725157 -22.835184 -53.740154 -66.656417 92.986229 81.697341 14.294707 155.706784 120.882491 38.323560 108.995968 240.639777 205.383078 177.369931 292.152736 -30.147120 93.314789 -22.001796 49.211516 -77.368278 -25.166903 -182.682111 -29.767692 -293.707177 16.105122 125.058359 86.769842 -171.645850 -199.763349 49.644837 93.747550 10.785105
8.159572 36.855695 10.108942 20.661215 17.507460 -26.247621 15.066211 -60.831762 -18.913335 -55.297737 -69.160576 92.137087 85.847787 15.265389 158.783347 113.761015 41.366986 102.757662 241.195071 204.970330 185.568836 291.106433 -29.890195 95.999122 -22.332736 47.403675 -83.043673 -24.643486 -181.718631 -29.054033 -295.848196 16.908541 125.183530 86.375849 -171.157041 -200.942362 52.291536 92.478419 13.540187
9.047864 36.385264 9.365575 19.390975 18.928251 -25.796651 14.361029 -58.757208 -14.663052 -57.455374 -72.989976 90.933211 87.835304 15.069928 161.204253 104.903188 44.956175 94.906995 243.550803 203.786152 195.578177 289.402328 -30.287135 98.799526 -22.833556 46.738257 -88.132629 -23.916090 -180.309167 -31.176409 -296.763906 17.719879 124.767776 86.503799 -171.150894 -201.334251 54.756496 91.336725 16.244102
9.883740 36.177098 8.579596 18.703054 20.095895 -24.955445 10.309630 -54.802139 -9.069981 -58.824212 -76.338866 91.083380 89.170380 14.310115 161.415825 94.122063 47.751020 86.711055 246.555868 203.342176 202.017379 286.889447 -31.142227 100.880986 -24.527245 46.632567 -92.742071 -23.587643 -179.530990 -32.528161 -296.759152 18.596095 124.693887 87.111283 -171.358381 -200.447611 57.024481 90.526719 18.961070
10.653097 36.160507 7.801647 17.450039 20.593568 -23.921643 9.518963 -51.141619 -6.142547 -60.829310 -78.292491 90.043299 90.640141 13.742153 162.207622 81.088279 49.130275 76.697123 250.149941 201.639615 214.365651 284.641904 -31.885806 102.334867 -26.729247 47.741902 -97.423592 -23.766323 -179.429206 -34.173936 -294.769900 19.781532 124.416923 88.262006 -172.030909 -198.110060 59.073131 90.379221 21.401785
11.367738 36.302173 6.991717 16.176521 21.006694 -22.448743 8.472068 -47.297438 -3.989945 -62.097553 -79.621694 89.584146 91.895359 13.135626 163.367456 68.677511 47.465700 63.924335 253.283413 201.020322 224.796757 282.282211 -33.016475 103.264961 -29.645394 49.420797 -102.243841 -24.478595 -180.041533 -36.068638 -291.381498 20.929856 124.095590 89.789742 -172.771206 -194.123839 60.825334 90.908834 23.630153
11.980539 36.623933 6.168181 14.902283 21.380799 -20.424950 7.840220 -43.141404 -4.045944 -63.223421 -80.113843 89.301800 92.966005 12.431870 164.219304 57.744093 43.452031 52.286444 254.845341 199.545930 234.930831 279.864160 -34.954313 103.735349 -33.724284 51.439008 -107.222809 -25.636434 -181.219453 -38.209427 -286.403192 22.225395 124.223027 91.872676 -173.194787 -188.745857 62.226650 91.757813 25.600290
12.493669 37.085492 5.338592 13.093773 21.653585 -18.124327 8.900966 -39.942328 -6.358766 -65.061486 -79.038375 88.210595 94.808428 12.027355 165.273516 44.132267 37.174233 44.468363 252.785192 195.489262 243.907613 277.565282 -37.503838 104.427514 -38.974931 53.583452 -112.897904 -27.040809 -182.718789 -40.592132 -279.614257 23.796400 125.077101 94.536778 -172.975319 -182.525959 63.174926 92.589771 27.469639
12.880542 37.691595 4.528544 11.262724 21.781082 -15.648944 8.279397 -36.018542 -8.393582 -65.951740 -77.944698 88.302735 96.304889 11.520162 165.590724 30.958369 31.228998 36.343655 251.443524 192.354957 249.108583 275.041254 -40.583837 105.400802 -45.235230 55.448220 -118.895152 -28.511045 -184.361368 -42.809686 -271.815192 25.567492 126.910843 97.541289 -172.265458 -175.844012 63.828903 93.533075 29.188998
13.122519 38.407549 3.773562 8.835715 21.482089 -13.606404 7.536614 -32.535111 -9.727245 -66.584926 -76.927280 88.615824 97.971673 11.133655 166.292731 19.645091 26.172153 30.635434 250.447956 188.250354 253.774285 272.602740 -43.273609 107.120439 -51.756564 57.057898 -125.235357 -29.992375 -186.076401 -44.663106 -263.011979 27.535112 129.733187 101.058796 -171.165210 -169.702416 64.137075 94.477711 30.887939
13.225827 39.200858 3.095454 5.848885 20.698473 -11.993103 6.970257 -29.182000 -10.571793 -67.374946 -76.067209 88.940606 99.587710 10.699798 166.852150 15.129433 20.487245 27.256210 250.329083 183.862887 260.243540 270.412435 -45.300926 109.479886 -58.018352 58.655240 -131.767873 -31.327271 -187.685880 -45.818268 -253.296527 30.055086 132.963443 105.556544 -170.377839 -163.527856 64.226953 95.972798 32.405163
13.188999 40.087752 2.469955 2.593885 19.429566 -10.768302 6.021806 -26.036261 -10.808000 -67.638236 -75.284770 89.715252 101.640209 10.439163 168.300615 11.880730 15.743842 24.718374 250.059045 179.843812 265.066254 268.448127 -46.577505 112.159602 -63.670730 60.512799 -137.984738 -32.500526 -189.115657 -46.067652 -243.569764 33.055527 137.017925 110.942073 -169.342041 -159.138818 63.841443 97.639364 34.011972
13.012569 41.006193 1.855852 -1.100514 17.591417 -9.846088 6.204069 -23.086693 -11.118760 -68.464853 -74.641079 89.795288 104.158657 10.339067 170.299620 6.254647 11.310755 20.430018 249.989131 177.740374 269.519237 266.835219 -47.015597 115.338522 -68.335100 62.668147 -143.605164 -33.398269 -190.216137 -45.486447 -233.539713 37.683141 140.808421 117.832142 -169.242539 -155.509296 62.872048 100.729772 35.710350
12.756311 41.870331 1.267027 -4.658195 15.143132 -9.214062 5.448280 -19.815214 -10.653814 -68.786084 -74.719688 90.430072 105.986108 10.158842 172.729501 5.132434 8.311579 18.757014 249.510280 172.111642 273.661337 265.358532 -46.342407 118.496720 -71.891634 65.282122 -148.113895 -34.136531 -191.079528 -44.378263 -225.647061 43.262490 144.567647 123.993601 -169.175712 -155.995961 61.568452 104.101317 37.518857
12.469429 42.772869 0.657327 -8.145142 12.532778 -8.740095 4.634873 -16.332878 -10.089527 -69.149655 -75.484532 90.914845 108.056052 10.090332 175.460347 3.634323 5.023707 15.021194 248.744261 168.106774 276.369152 263.725816 -45.193108 121.820044 -74.489148 68.235468 -150.627992 -34.917604 -191.981728 -43.469626 -220.795618 51.298856 146.486971 129.607129 -170.314728 -160.395736 60.003895 108.672285 39.526588
12.189746 43.654022 0.059549 -11.410617 10.032644 -8.645413 3.751884 -13.516646 -9.330600 -69.566727 -76.338975 91.122865 110.943937 10.163290 178.396003 1.739513 1.938594 13.037344 249.392774 162.740704 276.231182 261.890080 -43.596326 125.209525 -76.305767 71.329530 -151.125312 -35.459487 -192.696316 -43.037507 -222.448592 62.352613 142.329681 134.466918 -174.095511 -167.736728 58.230914 115.009471 41.147515
11.896337 44.435834 -0.501249 -14.697321 7.017452 -8.764434 4.176189 -10.499888 -8.777363 -70.699322 -77.249098 90.325618 114.401038 10.247925 181.015558 5.353036 0.770271 10.667729 247.057641 158.348141 281.123975 261.902757 -41.780452 126.933847 -77.359522 74.695044 -150.913057 -35.281650 -192.412357 -41.861970 -236.328671 73.490718 126.048081 138.557409 -179.882430 -176.792671 56.452859 122.093361 42.062074
11.598241 45.061364 -1.064235 -17.331176 3.987735 -8.934601 3.344219 -7.527592 -8.088490 -70.297926 -78.735135 90.632574 116.692293 10.362562 185.418490 8.240448 -0.729743 9.305066 244.602707 152.752331 283.887059 263.419496 -40.668155 127.028623 -77.778417 77.902522 -150.362721 -34.203743 -190.802537 -39.581356 -262.677874 78.919667 97.290007 141.256016 -184.735730 -182.879326 55.021183 127.352142 42.937110
11.314907 45.523834 -1.501587 -19.701655 1.077122 -9.277797 3.213106 -4.767125 -7.630488 -69.993996 -80.121951 90.576108 118.556443 10.435331 190.389816 4.129978 -4.859963 6.664683 243.384939 150.962958 282.653527 266.302874 -40.076572 125.849664 -77.627163 81.323675 -149.417833 -32.378833 -188.068876 -36.721781 -299.531198 78.765154 58.231174 143.116109 -189.508038 -188.060530 53.983141 131.485308 43.815534
11.020696 45.772099 -1.880328 -21.662128 -1.727431 -9.297101 2.584470 -2.470575 -8.085820 -69.617304 -79.856509 90.718409 120.264086 10.461899 194.352404 5.208696 -5.027301 7.268206 243.600199 147.974723 283.818730 268.680053 -39.659674 124.670446 -76.899618 85.033738 -147.650931 -30.218686 -184.909668 -34.466808 -338.051689 65.808012 18.452437 144.695167 -199.963719 -198.388746 53.051780 137.529779 42.297774
10.663051 45.843267 -2.136773 -23.321737 -3.468245 -9.570702 1.285785 -1.300417 -8.537569 -69.008939 -79.427621 91.198025 120.744098 10.829318 197.849912 4.409086 -6.829066 6.849249 242.025759 146.544632 284.753974 269.328101 -38.643226 125.145035 -75.419960 88.353551 -144.919265 -28.216864 -182.027096 -33.187708 -345.916734 45.597656 9.728748 141.946193 -213.712384 -211.294976 52.670109 143.629166 39.862914
10.327198 45.706419 -2.043923 -25.070886 -4.391245 -10.314665 1.646750 -0.617784 -7.648859 -69.412658 -80.117935 90.461505 122.042681 11.488531 201.171488 5.153772 -6.126672 7.172052 240.730700 145.558749 288.251687 270.149746 -36.372786 125.719412 -72.628571 92.076803 -142.132999 -26.173546 -179.127284 -32.021863 -346.455663 31.349523 8.793758 134.760780 -225.009872 -224.098930 53.664165 145.297071 40.047452
9.989908 45.618634 -2.099879 -26.104561 -5.385556 -10.957101 0.031482 0.104055 -7.243457 -68.868811 -80.875116 91.085128 121.605262 12.527669 204.010688 5.528242 -6.248870 6.956850 241.141331 144.713568 289.994041 269.584370 -34.101222 126.432990 -68.990682 96.256784 -137.943826 -24.132998 -176.354911 -30.737545 -347.125486 18.604696 8.249419 123.169293 -233.975261 -239.917361 55.134346 146.450307 40.720673
9.659963 45.612282 -2.056541 -26.862422 -6.605531 -11.644098 -1.237092 1.219416 -6.885902 -68.707584 -81.258808 91.305252 122.298553 13.118436 205.800444 4.704093 -6.395170 6.837291 242.852649 145.469861 291.413108 268.439985 -30.990996 126.542177 -64.669822 101.169206 -133.039395 -22.384910 -174.124772 -28.865179 -347.898773 7.275415 8.224744 108.569088 -239.956130 -258.948837 56.664472 148.560835 40.734251
9.076321 45.644135 -2.064784 -28.156584 -7.977980 -11.950697 -1.353462 2.463434 -6.646121 -68.836306 -81.825680 91.214717 123.132984 13.650943 207.457529 8.544017 -5.030098 8.101960 240.393070 143.142706 296.586758 267.067090 -27.406011 127.398478 -59.707553 106.257349 -126.985101 -20.431818 -171.581059 -27.040205 -347.793396 -3.851861 8.162009 91.523196 -243.278115 -280.239301 57.992746 151.928979 39.480437
8.492427 45.693073 -2.094417 -28.956478 -9.353350 -12.077375 -2.358420 4.105593 -6.783945 -68.314029 -82.619498 91.818008 123.621807 14.522480 209.452109 8.386492 -6.237877 8.834932 239.866354 141.835121 298.410664 264.150190 -23.741220 128.272783 -54.468061 111.688647 -119.454640 -18.722074 -169.540062 -25.545672 -348.671786 -15.683188 8.584491 73.718109 -243.380595 -303.059919 59.472902 155.714680 37.188509
7.833995 45.750708 -2.081081 -29.774868 -10.158752 -12.090943 -3.133103 5.506837 -7.199941 -67.900563 -83.204538 92.377120 124.582773 15.431422 211.146077 7.422520 -7.715782 9.496968 239.505474 141.463244 300.250389 260.219170 -19.722757 129.496835 -48.682696 117.724744 -110.740514 -17.409841 -168.343795 -24.318320 -350.940392 -29.923585 10.408688 56.171059 -239.163199 -326.743300 61.228712 159.078685 34.865780
7.185056 45.866570 -2.000093 -30.497788 -10.432905 -12.009375 -3.938131 6.524917 -7.993341 -67.602719 -82.926911 92.798994 126.337080 15.930363 212.398242 6.144806 -9.435900 10.501670 239.386300 141.505441 301.988235 255.548850 -15.599643 130.800499 -42.796521 124.092461 -101.412094 -16.673812 -168.541475 -23.193738 -357.814841 -49.060904 15.928988 41.189176 -229.095924 -350.220463 62.963129 162.264176 32.744630
6.530633 45.988778 -1.825714 -31.073915 -10.284683 -11.738308 -4.759821 7.349611 -9.696090 -67.509487 -81.454603 93.022887 128.346891 16.235073 212.980912 4.393796 -11.155576 12.928656 239.658661 142.048387 304.152941 250.927162 -11.825372 132.067090 -36.807719 130.456504 -92.157345 -16.445132 -169.958766 -22.250516 -375.618358 -66.617827 31.680637 33.180543 -219.402328 -367.825604 64.497053 166.189130 29.171588
5.848060 46.025433 -1.597313 -31.407020 -9.798874 -11.411199 -5.690987 8.082073 -11.803855 -67.461895 -79.511789 93.253802 130.222980 16.666100 213.214122 2.015371 -13.039455 16.166935 239.990035 143.043354 306.907775 246.934261 -8.582812 133.287822 -30.565544 136.623864 -83.632654 -16.781488 -172.594905 -21.751352 -395.559505 -70.671496 50.348640 33.588470 -219.073291 -375.332746 65.855229 169.333790 25.981614
5.199482 45.952210 -1.320439 -31.277738 -9.107296 -11.124523 -7.086633 8.910772 -13.594320 -67.555755 -78.200441 93.536244 131.446226 17.587232 212.596209 -1.031071 -15.182134 19.698056 240.929022 144.690741 309.884863 243.459661 -6.219428 134.440184 -24.002461 142.556703 -75.987255 -17.884160 -176.675042 -22.064644 -411.531875 -69.570852 65.059922 35.820101 -224.357043 -380.574589 66.552318 172.237085 21.559625
4.228010 45.582666 -1.044037 -31.481291 -7.578532 -10.474047 -8.445883 8.782335 -15.580488 -67.357174 -76.567192 94.327105 131.668084 19.306467 212.957539 -5.240509 -16.939581 24.529880 241.666791 147.060188 313.273183 242.107202 -3.797378 136.619588 -15.835010 147.935750 -69.738226 -19.698472 -181.814322 -23.974123 -423.445692 -67.338207 77.353777 37.058540 -233.965316 -385.673598 67.240412 174.408457 13.999875
3.263761 45.144285 -0.646007 -31.050470 -6.750634 -10.031824 -10.514287 8.944379 -17.630781 -66.579537 -74.079877 95.517477 132.408900 20.528050 214.047665 -9.864018 -18.143955 30.323957 242.370000 149.793575 317.175052 241.667529 -3.175152 137.517567 -7.092721 152.938194 -64.364288 -22.529116 -188.815279 -26.884499 -431.405758 -64.730065 85.998406 31.731177 -245.130408 -395.190948 68.913924 174.574567 4.743305
2.131998 44.650878 -0.213110 -30.417192 -6.606882 -9.418944 -12.892957 9.328039 -19.822063 -65.683416 -71.802732 97.551104 132.678761 22.930388 215.843636 -14.953871 -18.644241 36.876646 242.997503 153.011141 320.722871 242.723558 -4.476585 137.836988 2.265821 157.364335 -59.241079 -26.131703 -196.853374 -31.201414 -433.795068 -63.426107 89.949206 17.545204 -252.857783 -409.181525 70.278016 174.884193 -4.899877
0.931558 44.167151 0.109493 -29.571003 -7.446831 -8.132124 -15.787315 9.766441 -23.151268 -64.802840 -68.685058 100.158953 133.668633 25.538217 217.934862 -20.468390 -17.703330 44.327579 244.109431 156.082131 322.518527 245.024622 -8.443026 137.714796 11.862961 161.714345 -53.610001 -30.415990 -205.627599 -37.403800 -432.696801 -64.613856 90.545407 -0.376860 -255.528797 -424.103794 71.095822 174.960883 -15.190279
-0.238601 43.763246 0.279006 -28.567331 -8.502496 -5.993908 -18.832280 8.859902 -28.019593 -63.586152 -63.412296 103.249005 135.876163 27.492473 220.696444 -26.004996 -14.544336 52.677687 246.352793 158.199366 322.432604 248.509138 -15.178004 137.831428 21.289392 166.076582 -46.933655 -35.314544 -214.904116 -45.984488 -430.666896 -69.103367 89.912965 -24.296246 -256.699355 -443.133248 71.039145 172.161120 -25.964937
-1.401402 43.491997 0.305549 -27.588068 -9.562935 -3.271301 -21.538681 6.312651 -32.870033 -62.190177 -57.011664 106.316853 139.382646 28.402360 224.177737 -30.255689 -10.335271 59.834158 248.698471 159.558369 322.467875 253.149815 -24.339835 137.617998 28.694810 170.704568 -39.327130 -40.446837 -223.194845 -57.185718 -428.803128 -74.253398 89.121763 -53.288487 -256.688372 -466.376354 70.730297 169.006296 -34.369741
-2.423683 43.356995 0.393276 -26.234258 -11.791040 -0.971881 -24.138710 4.536367 -36.183856 -61.352632 -51.945040 108.722869 143.548610 28.561191 227.776960 -32.528598 -6.860257 64.500673 250.327744 161.180252 323.744628 256.853362 -32.759445 134.921726 30.976790 175.598358 -33.931000 -46.566812 -229.425918 -69.449794 -427.255708 -77.192196 87.831670 -81.660915 -252.134166 -490.914492 71.618338 166.274904 -45.080154
-3.540223 43.373460 0.613712 -25.193907 -15.446493 0.376661 -26.102907 4.936870 -37.918048 -61.619713 -49.539424 110.864646 147.225697 29.019848 231.661602 -34.431885 -3.921780 67.816183 252.729102 162.236404 323.864758 259.785343 -36.771423 131.396147 31.002174 181.249807 -29.577813 -52.379389 -231.945848 -80.399318 -424.420305 -77.645672 85.216725 -102.177390 -240.242506 -508.088647 72.753802 162.110783 -60.969062
-4.583316 43.754281 1.016424 -24.495319 -19.298597 1.391749 -27.406172 5.532396 -40.828197 -61.946886 -46.347980 112.539237 151.237710 29.266732 234.344091 -36.546601 0.432763 72.077982 257.429721 161.398162 322.381623 260.664498 -38.059819 128.791509 30.041009 186.995444 -26.571514 -58.402175 -232.514775 -88.450396 -421.240743 -77.015779 81.863806 -110.967112 -227.988299 -513.903433 72.033367 157.857939 -74.945835
-5.460114 44.294519 1.396676 -23.904339 -22.841980 2.657024 -28.112589 5.566145 -44.775548 -62.090265 -42.403962 113.754465 155.241170 29.470846 236.385634 -38.799870 6.004345 76.036091 263.090363 159.415099 320.173232 260.050382 -38.018998 126.862554 31.622253 191.109417 -25.374607 -63.892854 -232.463986 -93.909500 -419.508661 -77.050374 79.578302 -115.322854 -219.494290 -514.557820 70.352151 155.625123 -85.295655
-6.318676 44.947104 1.748736 -23.578766 -24.847240 4.126055 -27.841222 4.096968 -48.306677 -61.830246 -38.154024 114.577571 159.057019 29.488836 238.420785 -39.771273 11.795720 79.549041 268.418621 157.749106 318.790719 259.658302 -38.531867 125.904046 36.689731 193.320978 -25.573514 -68.119806 -232.304569 -97.038478 -418.761138 -77.824391 78.931592 -119.695336 -213.770277 -515.130135 69.057748 155.691362 -93.098641
-7.090644 45.639333 2.194114 -23.018210 -26.398686 5.214903 -27.059236 2.614551 -51.219032 -62.297800 -34.839166 115.457818 162.405192 30.417462 241.081390 -40.040700 16.738121 81.670717 272.011164 157.672608 317.546341 259.192401 -39.550180 124.613741 43.338988 193.888621 -27.062297 -71.379684 -232.176544 -98.014424 -418.831025 -78.380239 79.003186 -123.808326 -209.157727 -516.148871 68.504974 157.485106 -99.472163
-7.794254 46.369700 2.575864 -22.542245 -27.905071 6.188403 -25.478202 1.724841 -53.891244 -63.164633 -32.307232 115.519563 165.868808 31.026906 243.606893 -40.060408 20.874940 81.842858 273.445367 160.417825 315.472286 258.321224 -40.658613 123.910259 50.509922 193.322671 -28.266632 -73.270301 -232.180232 -97.699709 -419.491613 -79.009374 79.417246 -127.375651 -204.647808 -516.724192 69.155542 160.176091 -104.597954
-8.367612 47.085962 2.972363 -21.914843 -29.605373 6.878685 -23.653165 1.787344 -56.377696 -64.618664 -30.685789 115.284673 169.119896 31.919810 246.259083 -39.359484 24.389158 80.966483 273.536891 164.659578 312.420147 256.276074 -41.622073 124.117556 56.698698 191.531249 -28.593107 -74.343133 -232.185505 -97.053054 -421.050481 -79.058839 79.658147 -129.081368 -199.528335 -516.515243 71.052942 162.891515 -107.936585
-8.774032 47.768835 3.455287 -20.911275 -30.981608 7.200986 -22.018138 2.421653 -58.616724 -66.789893 -29.770619 115.193640 171.974574 33.506985 248.772428 -37.832957 27.586781 80.121671 272.994055 169.295077 308.752008 253.187627 -42.829582 125.245493 61.526706 187.999714 -27.941172 -75.633000 -232.031826 -96.510710 -423.678028 -78.463567 79.544458 -128.785525 -193.688715 -515.813864 74.139859 164.838351 -108.839611
-9.101625 48.371481 4.055004 -19.584254 -31.766950 7.125464 -20.413391 3.390390 -60.798854 -69.063881 -28.679858 115.214691 174.603787 35.651231 251.222909 -35.565833 31.212366 80.270200 272.476791 173.404023 304.832791 249.520252 -44.132332 127.328264 65.252533 183.326731 -26.357415 -76.997733 -231.768836 -95.953421 -427.129431 -77.547967 79.427997 -127.963799 -187.258447 -516.199907 77.326300 165.751506 -107.228560
-9.467106 48.801116 4.679014 -18.256554 -32.256870 6.938127 -18.642574 4.682280 -62.646283 -71.069156 -27.479873 115.107648 177.011606 37.789453 253.818354 -32.040168 35.148509 81.799076 272.677380 176.126769 300.994880 246.362738 -45.713073 129.700060 68.725199 179.235092 -24.132580 -77.854813 -231.616550 -95.141544 -430.686894 -77.139794 79.821859 -128.325280 -180.997540 -518.447093 79.569006 166.195824 -104.167919
-9.795927 49.036516 5.321733 -16.747226 -32.757734 6.715688 -17.152219 6.131955 -64.560901 -73.036340 -26.432252 115.103864 179.214069 40.267599 256.441447 -27.007505 38.707440 85.080504 273.689805 177.281836 297.959407 243.469661 -48.028394 132.285956 71.127288 176.676203 -21.152341 -78.481114 -231.514453 -93.826971 -433.571065 -77.364719 80.127647 -129.166800 -180.034935 -520.418778 79.546002 167.467468 -105.287796
-10.176159 49.084300 5.915453 -15.365603 -33.116824 6.608108 -15.831182 7.492497 -65.941733 -75.010538 -26.153602 115.243473 180.919348 42.814156 259.943094 -20.644894 41.414900 89.683628 275.264137 177.364057 295.413987 239.998040 -51.196567 136.339974 70.410016 175.994919 -17.372805 -76.701221 -231.441752 -92.810817 -435.396638 -78.247904 80.239102 -131.039338 -185.092936 -521.495926 78.138136 170.119809 -112.810416
-10.619862 48.948344 6.417702 -14.349078 -33.702148 6.802900 -14.252956 8.778914 -67.135651 -76.613802 -25.806432 115.093537 182.298446 45.039056 263.952005 -13.040486 44.142577 95.160818 277.077852 176.848282 292.733029 235.675486 -54.981793 141.058583 65.742019 175.820776 -14.624830 -72.749117 -231.328344 -92.050938 -437.126861 -79.641461 80.555319 -133.662431 -188.063890 -523.283960 77.042615 173.393423 -119.365820
-11.070474 48.606424 6.907614 -13.477485 -34.750524 7.123077 -12.518958 10.320727 -68.519959 -78.456115 -25.163699 114.493437 183.456805 47.764797 268.420069 -4.387254 47.228784 102.038272 279.265835 175.633137 289.507813 231.784409 -58.918708 144.806144 59.079422 178.085202 -13.002541 -67.250213 -231.394733 -91.112326 -439.301238 -80.746018 81.102527 -134.616403 -184.799552 -525.939265 78.461730 174.856722 -120.315490
-11.577293 48.142595 7.382122 -12.745859 -36.409857 7.498720 -10.923205 11.877927 -69.481185 -80.393833 -24.258908 113.431547 184.457141 50.820811 272.966188 5.923085 49.685672 109.774445 281.287407 174.729162 284.947269 228.485237 -60.019850 147.101825 54.402265 178.381619 -12.805051 -63.589751 -231.410989 -90.018198 -441.069902 -81.774317 81.979619 -134.388220 -180.430826 -529.297040 78.318931 177.288570 -118.831385
-12.198520 47.535862 7.908820 -12.071818 -38.410289 7.557851 -9.600806 13.332536 -69.490379 -82.356905 -23.216201 112.214469 185.169707 54.633481 278.079049 18.128331 50.974716 118.330896 282.962170 174.218100 279.197233 226.766119 -58.071628 147.215029 52.811378 178.490588 -14.637218 -60.503209 -231.407219 -88.323307 -442.134455 -82.180249 82.922226 -133.936840 -178.549519 -531.766454 76.774475 180.640363 -118.892638
-12.971841 46.837506 8.511000 -11.601781 -40.883402 7.221699 -8.424062 15.100136 -68.898386 -83.787133 -21.353919 110.856914 186.116453 58.627735 283.033422 31.547749 50.403968 127.632316 284.200292 173.880333 272.982936 226.630745 -54.333537 145.098640 53.038348 178.939482 -18.494745 -57.474273 -231.283620 -85.997799 -442.878591 -81.972795 83.561088 -134.361050 -178.691641 -531.300362 74.357838 184.398510 -121.006787
-13.884516 46.192908 9.203131 -11.329859 -43.337673 6.557394 -7.418551 17.033078 -68.151416 -85.013015 -18.202835 109.272788 187.790942 63.253631 287.415972 44.175071 47.038061 135.803026 284.973606 173.469361 266.906417 227.384401 -50.173815 141.861349 53.962828 179.538926 -22.926997 -54.670924 -230.930280 -83.222761 -443.794601 -81.296163 83.861575 -135.875453 -178.823669 -528.721119 72.037268 188.234385 -123.708905
-14.684018 45.780005 9.989440 -10.409882 -44.304401 5.510607 -7.402178 17.656246 -67.933581 -85.162603 -13.016745 108.129121 191.092724 68.530109 290.438741 53.594275 40.818477 140.009589 285.290882 173.480371 261.608102 226.951832 -46.767716 139.813440 54.347986 179.034995 -26.001591 -52.792608 -230.487165 -80.381088 -445.455348 -80.124307 83.755488 -136.543131 -177.156993 -526.257989 70.648219 191.625684 -124.871759
-15.489425 45.774779 10.635679 -9.655902 -43.800115 4.612183 -8.036389 17.237553 -68.890415 -83.840019 -6.188346 108.829215 196.151654 73.794293 291.412507 59.790670 33.567357 139.657916 285.381723 174.521141 257.635145 225.810466 -43.746194 139.841676 53.611114 178.466791 -27.469231 -51.485416 -229.914413 -76.979381 -447.170982 -78.372084 84.002570 -136.488667 -174.802668 -524.482139 71.250703 193.704260 -125.417532
-16.213062 45.759010 11.337560 -8.854591 -42.241875 3.216744 -7.923810 16.760393 -68.917954 -82.097631 -0.565966 110.130674 202.258622 78.170866 290.655094 64.133858 29.152149 139.657670 285.126329 174.145959 254.710977 224.432366 -40.332554 140.424113 52.596070 177.732164 -28.465592 -50.016762 -229.163174 -73.868653 -449.159360 -75.507946 84.330324 -135.860864 -172.178578 -522.442700 72.418645 195.314163 -125.504507
-16.926032 45.689148 11.901787 -8.759843 -40.828118 1.956603 -6.906863 17.268081 -68.177739 -80.335497 2.938734 111.597634 208.237045 81.591015 289.695698 67.757587 27.286228 140.879195 284.630922 172.614235 251.755172 223.771218 -36.291841 140.877761 52.006816 177.533856 -29.495591 -48.225917 -228.082023 -70.939950 -450.763170 -72.388414 84.996834 -135.147205 -170.059648 -520.444459 73.854166 196.510949 -125.605116
-17.599067 45.531921 12.401074 -8.877813 -39.366711 0.435273 -5.485274 18.186258 -66.718872 -79.466273 4.595252 112.752633 213.419943 84.970586 289.512840 71.315303 26.709914 142.836645 284.093358 170.835394 248.768303 223.661812 -31.707579 140.918728 52.103429 177.406282 -30.403648 -46.595615 -226.880374 -68.413531 -452.017930 -68.980471 85.964583 -134.405473 -168.274606 -519.310047 75.043104 197.696438 -125.669238
-18.365131 45.203904 12.813315 -8.902609 -38.011659 -1.398991 -4.284551 19.199274 -64.746969 -78.936858 4.727080 113.926531 217.642694 88.259745 290.091822 75.568749 26.125661 145.004629 283.358922 169.888456 245.678107 223.804044 -26.363583 140.848828 52.961762 177.407170 -30.854068 -45.053338 -225.459558 -66.140540 -452.904024 -65.219769 86.938719 -133.262673 -166.765940 -518.642273 75.655273 199.198109 -125.835676
-18.972038 44.904470 13.390194 -8.857091 -36.875969 -4.026433 -3.319134 20.208950 -62.548366 -78.914148 4.498536 115.105285 222.189305 91.765613 291.547772 80.677149 26.710896 147.427639 283.236033 168.701069 242.640230 224.469454 -21.296907 138.574512 54.231156 176.377027 -32.483307 -44.563429 -224.785801 -64.428758 -453.827767 -60.563253 87.660861 -131.894423 -165.650624 -517.974444 76.490879 200.157532 -126.199657
-19.590319 44.610133 13.933391 -8.848198 -35.980549 -6.920848 -3.133018 21.134400 -60.439039 -78.678875 4.128192 116.292440 227.079980 95.071158 293.063528 86.688508 27.129689 149.038962 283.389193 168.012545 239.726034 225.307587 -16.353235 135.706706 55.543549 175.154751 -34.055019 -44.666647 -224.452925 -63.018460 -454.593759 -55.847653 88.282729 -130.846016 -164.892118 -517.309075 77.215241 201.051468 -126.561725
-20.121169 44.321908 14.446140 -8.776874 -35.184442 -9.890852 -3.574203 22.063657 -59.024377 -78.541138 3.957047 117.528595 232.344130 98.754249 294.729602 92.622256 26.886884 149.621291 283.548309 167.391326 237.574852 225.604509 -12.112581 132.946968 55.939509 173.985668 -35.304452 -44.844061 -224.336675 -62.328721 -455.369477 -51.583177 88.586584 -130.567016 -164.430889 -516.223676 77.706652 202.071939 -126.662894
-20.550875 43.989686 14.928869 -8.768711 -34.366927 -12.822535 -4.012307 23.156382 -57.756223 -78.978802 3.900233 118.745393 237.680229 103.255911 296.708636 97.905516 26.437224 149.930357 283.482384 166.325966 236.009919 225.380260 -8.263392 130.577917 55.756914 173.097006 -36.222423 -44.624016 -224.110241 -62.225673 -456.205192 -47.559861 88.781845 -130.570623 -164.170304 -514.862774 78.008506 203.188484 -126.585986
-20.877745 43.655586 15.294572 -9.059329 -33.320409 -15.497610 -4.308150 24.117977 -56.489233 -79.744658 3.735065 119.816954 242.295661 108.265841 299.503822 102.633728 26.085790 150.020761 283.459025 165.193275 234.703851 224.971569 -4.802364 129.089701 55.225187 173.054112 -36.899090 -43.669204 -223.434858 -62.387829 -457.180543 -43.599225 89.334974 -130.290721 -163.961423 -513.566186 78.438562 204.125654 -126.438713
-21.082656 43.269724 15.576645 -9.647477 -31.955825 -17.849607 -4.212475 24.604488 -55.588563 -79.840479 4.033744 120.667805 246.193376 113.086056 302.932523 106.673963 25.428688 150.328953 283.507246 164.191710 234.116892 225.204041 -1.892861 128.240818 55.247437 173.224334 -36.970752 -42.389517 -222.700599 -63.150208 -458.304956 -39.873599 90.159119 -130.002938 -163.853697 -512.150588 78.810746 205.060229 -126.130931
-21.190769 42.801489 15.811789 -10.354220 -30.729581 -19.849728 -3.841243 24.629447 -54.978163 -78.413714 4.915180 121.844837 250.379135 116.833159 306.316909 110.383794 24.926348 151.380379 283.574155 163.139205 234.005450 226.593343 0.901219 127.091352 57.155142 172.295114 -36.627132 -41.818335 -222.426312 -64.197665 -459.582174 -36.674629 90.671267 -129.925320 -163.963827 -509.900287 78.920288 206.253121 -125.495082
-21.269791 42.317023 15.941947 -11.409473 -29.381831 -21.259263 -3.255981 24.013770 -54.925123 -76.272627 6.162554 123.289327 254.879628 120.190607 309.670067 113.555167 24.331033 152.454590 283.869082 162.274776 234.048617 228.573906 3.995097 126.716921 60.111962 171.044466 -35.849269 -41.329693 -222.073861 -65.080672 -460.979302 -33.889899 91.603868 -129.746533 -164.425316 -507.479941 79.106431 207.314806 -124.821010
-21.283598 41.865706 15.986768 -12.562190 -27.839755 -22.239072 -2.531681 22.803007 -55.399979 -74.201502 7.196006 124.584973 259.435501 123.652720 313.191795 116.274053 23.694374 153.573224 284.442381 161.718512 234.114679 231.038880 6.472265 127.362292 63.281525 169.920135 -34.270782 -40.669518 -221.634666 -66.001545 -462.725044 -31.542602 92.982118 -129.528882 -165.108171 -505.178659 79.314738 208.315346 -124.057177
-21.262293 41.486196 15.991521 -13.572949 -26.426646 -23.055042 -2.069691 21.729531 -56.018845 -72.937534 8.039429 125.622369 263.554597 127.634884 316.744750 118.368039 23.236867 154.287976 285.134662 161.070914 233.822702 233.815462 7.871911 128.171054 66.033190 168.660115 -32.253239 -40.260451 -221.366813 -67.018055 -464.849233 -29.564081 94.439332 -129.400871 -166.001887 -502.915407 79.465747 209.344410 -123.173651
-21.276707 41.256794 15.988084 -14.355032 -25.511783 -24.010717 -1.773783 20.875107 -56.519747 -71.798559 9.267920 126.450707 267.576895 131.482876 319.679955 120.697215 23.281122 154.969643 286.055535 160.571532 233.362565 236.434074 8.628102 128.540540 67.988092 167.454833 -30.227934 -40.230139 -221.269866 -67.692851 -466.970908 -27.767065 95.623919 -129.404614 -167.477536 -500.660243 79.762382 210.201558 -122.369642
-21.209750 41.147465 15.944413 -14.838712 -24.867841 -24.924856 -1.838254 20.198693 -57.423511 -70.542474 10.844628 127.250796 271.421472 134.984168 322.099263 122.731109 23.149113 154.904961 287.038263 160.123431 233.080014 238.426632 8.976267 128.878689 69.407105 166.483921 -28.322640 -40.154679 -221.124492 -68.038226 -469.150230 -26.432491 96.698888 -129.510427 -169.305063 -498.732818 79.973223 211.057271 -121.684956
-21.049499 41.118936 15.856836 -15.087370 -24.559682 -25.720643 -1.943796 20.164209 -58.603788 -70.136023 12.538742 127.492735 274.098415 139.107102 324.083952 123.459330 22.129207 153.915485 287.762918 159.416943 233.205526 239.813351 8.869963 128.974831 70.271623 165.656936 -26.747345 -40.031612 -220.960158 -68.254934 -471.346874 -25.575145 97.561179 -129.578579 -171.334407 -496.932817 80.115039 211.922424 -121.089733
-20.859837 41.086082 15.707304 -15.361319 -24.228769 -26.213940 -1.960890 20.233356 -59.693135 -70.090185 14.159363 127.477858 275.956663 143.231061 325.585200 123.466652 21.178161 153.118607 288.377499 158.410337 233.391553 241.012814 8.616541 129.353428 71.102734 164.943659 -25.418511 -39.751769 -220.737070 -68.402220 -473.751538 -24.863596 98.664856 -129.387852 -173.224485 -495.219751 80.201652 212.797740 -120.524412
-20.625713 41.095957 15.525503 -15.467612 -23.836503 -26.596487 -2.181958 20.060264 -60.737662 -69.665109 15.744315 127.816062 277.995639 146.695661 326.784363 123.723795 20.538433 152.606698 289.237939 157.648662 233.610501 241.920437 7.970266 129.762584 71.655521 164.258687 -24.206518 -39.491163 -220.563365 -68.645006 -476.463942 -24.208487 99.801010 -128.969804 -174.935843 -493.523187 80.363958 213.614494 -119.939324
-20.474159 41.167368 15.322844 -15.561442 -23.705468 -26.925470 -2.020633 19.818170 -61.441370 -69.061293 17.004968 128.142340 280.349923 149.748687 327.768894 124.223273 20.200773 152.870890 290.138349 156.895387 234.055666 242.771752 7.366353 130.010137 72.027391 163.700442 -23.125586 -39.475246 -220.461281 -68.683556 -479.157441 -23.470401 101.105412 -128.396915 -176.915218 -491.975029 80.592476 214.258321 -119.614562
-20.353396 41.321782 15.126579 -15.420694 -23.840883 -27.290116 -1.897072 19.741451 -62.042221 -68.683925 17.745067 128.494600 282.249262 152.749859 328.719738 124.856637 20.038279 153.228956 291.102116 156.163929 234.624183 243.335898 6.610635 129.884120 72.084457 163.290999 -22.294093 -39.722785 -220.469340 -68.502884 -481.802855 -22.846609 102.330420 -127.797484 -179.041169 -490.655163 80.843225 214.799628 -119.490840
-20.233552 41.540112 14.919714 -15.138375 -24.060053 -27.586043 -1.947145 19.749401 -62.792429 -68.576650 18.173048 128.972181 283.743461 155.858852 329.647851 125.447093 19.830057 153.228655 292.153227 155.488642 235.313568 243.616510 5.716228 129.649968 71.888991 162.982234 -21.695652 -40.152811 -220.586546 -68.262994 -484.238774 -22.422374 103.553188 -127.223147 -181.164252 -489.662819 81.165324 215.259053 -119.457987
-20.142734 41.805953 14.665671 -14.937118 -24.278104 -27.651824 -1.889099 19.595289 -63.636265 -68.729339 18.547061 129.035223 284.863749 159.074833 330.104928 125.975053 19.494547 153.168590 293.291082 154.938333 236.163107 243.864774 4.880211 129.676045 71.746609 162.843540 -21.132677 -40.656342 -220.763913 -67.882894 -486.365039 -22.140268 104.935079 -126.603321 -183.163749 -489.017557 81.647767 215.606601 -119.476032
-20.039978 42.128457 14.391485 -14.612367 -24.570926 -27.574707 -2.141462 19.490689 -64.771305 -68.849803 18.938897 129.334345 285.949640 161.988045 330.391413 126.389113 19.079018 152.604649 294.475792 154.403038 237.053217 244.042987 3.867833 129.539770 71.654565 162.566835 -20.685971 -41.465300 -221.179953 -67.449081 -488.232249 -22.152458 106.278529 -126.045732 -184.915637 -488.685282 82.210937 215.914793 -119.454790
-19.956927 42.459797 14.106784 -14.268584 -25.026457 -27.403779 -2.249558 19.496391 -65.941003 -69.005210 19.216023 129.580928 287.040612 164.699097 330.526979 126.595616 18.700843 152.178254 295.694298 153.868657 238.056026 244.515253 3.000817 129.054812 72.025492 161.920248 -20.393832 -42.722727 -221.944975 -66.869997 -489.662163 -22.447137 107.502287 -125.588464 -186.479314 -488.596927 82.755214 216.242628 -119.454435
-19.859494 42.803850 13.858356 -13.824034 -25.689677 -27.299115 -2.232330 19.784415 -66.986944 -69.266799 19.404958 129.633603 287.956322 167.358062 330.401467 126.520116 18.245117 151.793113 296.954605 153.343006 239.133775 245.182180 2.105348 127.841948 72.455009 160.744062 -20.283789 -44.538342 -223.158550 -66.415947 -490.684451 -22.994689 108.447886 -125.261243 -187.873601 -488.861009 83.273769 216.579739 -119.503817
-19.755485 43.110737 13.644535 -13.367052 -26.497232 -27.213127 -2.128024 20.287320 -67.795959 -69.436885 19.401940 129.667235 289.110788 169.702552 330.316390 126.202607 17.929653 151.488159 298.377825 152.877037 240.175870 245.645295 1.395754 126.200613 72.506768 159.106402 -20.378021 -46.659819 -224.622655 -66.316588 -491.266711 -23.709576 109.133247 -125.044603 -188.989162 -489.406058 83.737190 216.946315 -119.593238
-19.619620 43.373341 13.448413 -13.009954 -27.377090 -27.099406 -1.932979 20.920581 -68.517022 -69.543600 19.286352 129.734758 290.379537 171.834705 330.273852 125.673773 17.630943 151.171170 299.936283 152.447077 241.123764 245.603439 0.746885 124.574509 71.628686 157.773736 -20.472734 -48.462159 -225.846830 -66.768139 -491.446591 -24.592366 109.618696 -124.878698 -189.894968 -490.069679 84.177724 217.303534 -119.752928
-19.456004 43.590450 13.267145 -12.799710 -28.235985 -26.960953 -1.821096 21.564645 -69.160802 -69.502782 18.958993 129.974484 291.742624 173.804436 330.505231 125.057540 17.404724 150.667116 301.578807 151.941684 241.978166 245.492244 -0.201080 123.309640 70.145974 160.312941 -20.476928 -48.035221 -225.295989 -66.635694 -491.374300 -25.492016 109.956039 -124.813265 -190.541200 -490.722481 84.598142 217.691297 -119.913356
-19.262835 43.765148 13.125799 -12.768405 -28.979297 -26.875693 -1.666137 22.195506 -69.623766 -69.599846 18.454626 129.892535 292.757754 175.923284 330.548398 124.236852 17.129571 150.092423 303.234390 151.259457 242.799920 245.697723 -1.497234 122.235470 68.066223 166.188802 -20.180224 -45.996543 -223.370272 -65.669141 -491.060658 -26.264837 110.104944 -124.797501 -190.988167 -491.445115 85.050151 218.060374 -120.066379
-19.031225 43.885783 13.020974 -12.939763 -29.495076 -26.794086 -1.527811 22.654865 -70.054880 -69.798338 17.903036 129.487273 293.345205 178.171154 330.324149 123.207925 16.869152 149.539806 304.850249 150.277358 243.842043 246.130730 -2.762189 121.478944 64.916707 170.937041 -18.977793 -45.453338 -222.271841 -64.893504 -490.526373 -26.958051 110.064721 -124.922562 -191.215162 -492.067592 85.529883 218.449353 -120.108603
-18.721420 43.937725 12.953592 -13.212680 -29.697195 -26.643128 -1.578243 22.858224 -70.645739 -69.984072 17.568490 128.959449 294.019372 180.285589 329.928162 122.071900 16.445875 148.773801 306.596400 149.285601 245.084700 245.910415 -3.798766 121.118351 61.429676 171.512990 -17.588480 -46.642843 -222.856300 -66.336594 -489.861495 -27.796288 109.872233 -125.259208 -191.212785 -492.560021 85.882601 218.998104 -120.039700
-18.376651 43.896298 12.908424 -13.729921 -29.518749 -26.263541 -1.669170 22.689123 -71.285305 -70.070344 17.376049 128.506799 294.819187 182.212112 329.531028 120.734276 15.823267 147.992550 308.445196 148.367323 246.605483 245.470988 -4.508331 121.237647 60.386625 171.527961 -17.313519 -46.933419 -223.077639 -68.081741 -488.997941 -28.652261 109.600835 -125.595062 -190.920221 -492.843446 86.205942 219.665987 -119.820219
-18.002975 43.793272 12.894345 -14.296672 -29.177076 -25.799038 -1.805427 22.406683 -71.969929 -70.026856 17.327428 128.175002 295.736345 183.969807 329.163536 119.398878 15.283921 147.270203 310.554085 147.579324 248.057198 246.061253 -5.061999 121.061278 61.090086 171.340664 -17.526399 -47.313243 -223.257697 -69.836874 -488.166078 -29.489086 109.258711 -125.890468 -190.377876 -492.978028 86.401367 220.453699 -119.520975
-17.669449 43.635535 12.924462 -15.029970 -28.579868 -25.316538 -1.874903 21.835169 -72.354755 -69.905005 17.107717 128.098586 296.571923 185.788003 329.036304 118.335773 15.140209 146.905922 312.932794 146.811064 249.299801 246.471146 -4.778045 121.084897 62.486150 171.164964 -18.331598 -47.555715 -223.326367 -71.322864 -487.264821 -29.924264 108.976993 -125.936640 -189.856323 -493.143865 86.658087 221.181743 -119.252166
-17.394942 43.461766 13.004604 -15.800912 -27.751526 -24.903353 -2.159629 20.796063 -72.463191 -69.583167 16.921232 128.245053 297.386491 187.596377 329.059963 118.020683 15.498621 146.785738 315.543729 145.995444 250.220429 246.593188 -3.995742 121.775006 64.089400 171.492622 -18.622787 -47.497573 -223.184982 -72.505696 -486.232588 -30.162283 108.656405 -126.004819 -189.375888 -493.339810 86.911459 221.920264 -118.942895
-17.194460 43.345947 13.070844 -16.554925 -27.077271 -24.550755 -2.273276 19.793576 -72.600676 -69.277154 16.759223 128.273972 298.010634 189.454735 328.894837 117.997706 15.842757 146.803674 318.244386 145.109678 251.122232 246.654114 -3.135888 122.545970 65.443895 172.029557 -18.799966 -47.495356 -223.004310 -73.409213 -484.810871 -30.563666 108.276701 -126.242906 -189.195161 -493.796285 87.196490 222.558996 -118.713769
-17.068932 43.364057 13.076173 -17.236302 -26.872385 -24.266498 -2.214893 19.220388 -73.042753 -69.018344 16.701725 128.354267 298.624640 191.242974 328.701242 118.077319 15.936436 146.520344 320.964714 144.244306 252.175611 246.694985 -2.467818 123.107002 66.151099 172.766001 -18.965496 -47.719373 -222.854224 -73.953224 -482.748973 -31.444811 107.787652 -126.851680 -189.444490 -494.773002 87.614252 223.058064 -118.584378
-16.893439 43.411202 13.083603 -17.555335 -26.986993 -24.045109 -2.246092 19.065102 -73.671315 -68.779698 16.767454 128.355510 299.178241 192.891236 328.429400 118.098151 15.708610 146.126133 323.714985 143.509132 253.489822 246.375551 -2.244124 123.187284 66.408884 173.431904 -19.331141 -47.987454 -222.764147 -74.448379 -480.367314 -32.840834 106.907992 -127.711628 -189.674394 -496.180513 87.793940 223.567473 -118.714644
-16.680047 43.453268 13.104330 -17.678577 -27.145281 -23.833236 -2.370858 19.072197 -74.336337 -68.536106 16.875289 128.477252 299.711433 194.499581 328.249575 117.930033 15.185218 145.731115 326.395261 142.884320 255.154885 245.865828 -2.315956 123.067018 66.434887 174.037086 -19.809079 -48.244495 -222.694110 -75.048998 -477.906369 -34.220781 105.828023 -128.511826 -189.454298 -498.018599 88.096729 224.037267 -118.765283
-16.498767 43.477325 13.109337 -17.764076 -27.297763 -23.543572 -2.483369 19.036232 -74.957269 -68.296154 17.051586 128.579336 300.273940 196.018192 328.051773 117.843057 14.746269 145.614948 329.195474 142.409963 256.940952 245.306189 -2.390158 123.056158 66.532306 174.701404 -20.275481 -48.477718 -222.604212 -75.617229 -475.535747 -35.408169 104.817531 -129.152689 -188.784462 -500.167212 88.176301 224.567317 -118.995761
-16.315634 43.481373 13.149639 -17.655542 -27.479451 -23.327681 -2.633762 19.105571 -75.435772 -68.080566 17.204480 128.621259 300.945703 197.427123 327.886291 117.758322 14.338763 145.777492 332.125434 142.026708 258.748384 244.636913 -2.626783 122.774932 66.530509 175.214488 -20.882624 -48.842109 -222.574063 -76.291881 -473.375222 -36.444465 103.606846 -129.644353 -187.904870 -502.126275 88.327747 224.987661 -119.285934
-16.196584 43.479342 13.205286 -17.562513 -27.718982 -23.147153 -2.561767 19.268447 -75.710837 -67.886999 17.242814 128.572533 301.616646 198.806535 327.663436 117.615830 13.988575 146.288773 335.195413 141.674898 260.677148 244.047358 -2.782095 122.423518 66.493852 175.746313 -21.500425 -49.292277 -222.573872 -76.990835 -471.224586 -37.271181 102.406829 -130.065339 -187.084974 -503.965672 88.488304 225.297956 -119.756029
-16.143703 43.560099 13.301275 -17.443881 -28.202343 -23.039650 -2.498752 19.728590 -75.860165 -67.633619 17.244354 128.521784 302.563993 199.970044 327.163165 117.414285 13.617311 146.570163 338.400821 141.150408 262.621238 243.502828 -3.000324 121.873401 66.138709 176.495394 -22.102931 -49.995602 -222.681201 -77.500674 -468.959532 -38.031969 101.102079 -130.640714 -186.406477 -505.875119 88.896661 225.390983 -120.277227
-16.107813 43.650283 13.397438 -17.253085 -28.662923 -23.054018 -2.435117 20.217152 -76.148652 -67.446130 17.412456 128.681707 303.367223 201.167540 326.891460 117.174040 13.160496 146.590189 341.840285 140.838992 264.462356 242.873740 -3.204572 121.281962 65.614041 177.126258 -22.715770 -50.752940 -222.741662 -77.997058 -466.549513 -38.717528 99.673736 -131.363129 -185.656372 -507.905161 89.305516 225.441609 -120.846551
-16.098208 43.711519 13.473987 -17.076902 -29.064504 -22.969989 -2.398855 20.661428 -76.442692 -67.289152 17.539067 128.851491 304.213156 202.282855 326.628607 116.922539 12.764826 146.690197 345.409496 140.455873 266.333992 242.234681 -3.313538 120.939482 65.311819 177.887742 -23.224551 -51.339906 -222.732715 -78.412894 -463.910383 -39.535467 98.223379 -132.245822 -184.905870 -510.075904 89.617293 225.452564 -121.675763
-16.072711 43.748469 13.522670 -16.906450 -29.321517 -22.748606 -2.377882 21.004230 -76.892528 -67.145240 17.722948 129.020593 305.181786 203.366150 326.355127 116.580988 12.248318 146.780178 349.078510 140.111905 268.226364 241.505899 -3.474168 120.847152 65.124208 178.660605 -23.774768 -51.791818 -222.693714 -78.858707 -461.331576 -40.445764 96.812242 -133.188347 -183.874935 -512.217141 89.833496 225.553993 -122.515343
-16.065277 43.758301 13.560362 -16.856258 -29.289699 -22.374754 -2.415960 21.018418 -77.305871 -67.016177 17.878691 129.088649 306.103178 204.387414 325.971625 116.298983 11.732947 146.850010 352.837491 139.766967 270.149145 240.858042 -3.486643 121.144743 65.233805 179.404986 -24.242530 -52.117584 -222.634674 -79.329615 -459.023246 -40.967898 95.578129 -133.391095 -182.483585 -514.118885 90.295558 225.546124 -123.175536
-16.057914 43.763985 13.602057 -16.799678 -29.148881 -21.988927 -2.447704 20.952307 -77.662174 -66.905910 17.918062 129.185269 306.997660 205.446612 325.648694 115.976626 11.120666 146.909719 356.646633 139.471384 272.192300 240.199148 -3.516085 121.492850 65.344802 180.069045 -24.750681 -52.435202 -222.585784 -79.854740 -456.975227 -41.367263 94.409900 -133.433073 -181.121659 -515.670540 90.774662 225.508886 -123.866450
-16.059607 43.753456 13.647833 -16.704561 -28.955842 -21.600086 -2.555619 20.821528 -77.995371 -66.782236 17.983984 129.300385 307.925336 206.423753 325.296857 115.754112 10.491478 146.959156 360.495854 139.185322 274.265645 239.519052 -3.531458 121.831177 65.504574 180.632726 -25.293234 -52.716479 -222.536975 -80.405076 -455.217601 -41.730291 93.349589 -133.453782 -179.739201 -516.962320 91.217238 225.531958 -124.537872
-16.069413 43.726787 13.703648 -16.584720 -28.678479 -21.226285 -2.648418 20.647655 -78.248976 -66.670207 17.985237 129.474008 308.936450 207.348711 324.986439 115.531420 9.869339 147.088219 364.395428 138.858893 276.439093 238.818001 -3.517340 122.170146 65.664032 181.105908 -25.921311 -52.986589 -222.508275 -80.967624 -453.670344 -42.018289 92.414911 -133.373869 -178.486449 -518.183995 91.605124 225.545469 -125.299875
-16.078340 43.716025 13.776482 -16.454609 -28.319113 -20.903937 -2.593572 20.428783 -78.402847 -66.636965 17.971601 129.377894 309.995348 208.184603 324.544443 115.278690 9.170226 147.336579 368.335245 138.592133 278.702727 238.066353 -3.492437 122.479417 65.714985 181.458483 -26.631859 -53.318332 -222.499628 -81.519633 -452.242999 -42.199473 91.602399 -133.273274 -177.303351 -519.415778 92.048766 225.549171 -126.052125
-16.091304 43.711123 13.846363 -16.312833 -27.904009 -20.583108 -2.660268 20.133883 -78.581108 -66.542735 17.989851 129.442084 311.052525 209.031164 324.151106 115.196140 8.478658 147.363927 372.385356 138.395233 280.976497 237.264161 -3.451292 122.818372 65.738932 181.770609 -27.375574 -53.643309 -222.501062 -82.048727 -450.955590 -42.335251 90.911198 -133.101276 -176.139951 -520.667178 92.523150 225.543064 -126.774772
-16.103288 43.709077 13.899230 -16.122470 -27.580447 -20.279265 -2.622830 19.911023 -78.740039 -66.442564 18.002949 129.366624 312.168141 209.798358 323.736733 115.153629 7.796213 147.500380 376.405769 138.148267 283.300373 236.412163 -3.468522 123.057975 65.691960 182.073077 -28.227874 -53.986515 -222.492333 -82.498925 -449.828609 -42.503615 90.266530 -132.919538 -175.036643 -521.789132 92.989050 225.547217 -127.517883
-16.099300 43.705830 13.932146 -15.865157 -27.250805 -19.953078 -2.755097 19.690932 -78.998692 -66.326683 18.072725 129.431484 313.312498 210.536005 323.361564 115.201454 7.101054 147.385783 380.406512 137.901506 285.684383 235.430637 -3.520076 123.357137 65.610647 182.346161 -29.101281 -54.277854 -222.493494 -82.901271 -448.901725 -42.738228 89.654887 -132.707324 -174.013290 -522.741261 93.439679 225.571560 -128.271335
-16.095562 43.694443 13.954366 -15.609935 -26.972123 -19.639270 -2.706378 19.565980 -79.191467 -66.304273 18.095939 129.306669 314.466007 211.203997 322.835967 115.199760 6.373089 147.540378 384.307560 137.675181 288.208301 234.419414 -3.522556 123.656545 65.555459 182.649777 -30.001869 -54.508506 -222.474588 -83.227098 -448.185211 -42.974304 89.166023 -132.505588 -172.999935 -523.573670 93.830058 225.676212 -129.014910
-16.079086 43.702936 13.974924 -15.291706 -26.731161 -19.408748 -2.694571 19.472017 -79.399467 -66.255622 18.085506 129.232247 315.498814 211.912151 322.280099 115.368698 5.697746 147.574119 388.218855 137.489509 290.802298 233.338742 -3.505772 123.925982 65.427106 182.973924 -30.880470 -54.743591 -222.455614 -83.474399 -447.618715 -43.186955 88.675212 -132.344341 -172.166447 -524.246033 94.303343 225.691129 -129.758472
-16.073817 43.692221 13.987862 -15.024540 -26.398922 -19.127660 -2.723190 19.259400 -79.601545 -66.101813 18.053447 129.388235 316.611233 212.660399 321.904165 115.618478 4.998245 147.557167 392.090479 137.374666 293.456127 232.298477 -3.417700 124.314907 65.377690 183.288591 -31.728944 -54.885577 -222.426531 -83.696489 -447.202292 -43.385577 88.356509 -132.133015 -171.292784 -524.858565 94.712601 225.806245 -130.471995
-16.073793 43.694257 13.992206 -14.779249 -26.125072 -18.879392 -2.615173 19.177074 -79.787879 -66.077593 17.971877 129.324660 317.653220 213.348772 321.308354 115.787607 4.107123 147.499533 395.892709 137.429813 296.189596 231.277882 -3.215277 124.764129 65.355170 183.683594 -32.483260 -54.999805 -222.387490 -83.804522 -446.866274 -43.619289 88.072523 -132.031791 -170.529032 -525.331432 95.176302 225.891814 -131.145916
-16.073061 43.708081 13.986956 -14.520268 -25.858137 -18.669830 -2.525281 19.078740 -80.031403 -66.016121 17.941809 129.321723 318.754929 214.007203 320.772786 116.096113 3.222966 147.401056 399.645570 137.614966 298.962762 230.267288 -3.019549 125.233253 65.319175 184.138963 -33.161446 -55.040277 -222.338422 -83.854553 -446.630632 -43.840174 87.816364 -131.950690 -169.865165 -525.684362 95.688491 225.917837 -131.800193
-16.072607 43.721618 13.984153 -14.251254 -25.603534 -18.502125 -2.538747 19.011109 -80.293211 -65.938667 17.937002 129.499335 319.836640 214.665606 320.257680 116.445354 2.219647 147.081936 403.338708 138.020925 301.795569 229.317154 -2.803121 125.682065 65.274834 184.554621 -33.756533 -55.114361 -222.289244 -83.901805 -446.515038 -44.024753 87.600400 -131.900447 -169.211052 -525.937352 96.153381 226.014306 -132.444444
-16.069431 43.730797 13.976829 -14.007390 -25.364611 -18.379614 -2.378557 18.991840 -80.436843 -65.988910 17.891747 129.397688 320.888298 215.244068 319.573158 116.794227 1.205090 147.021570 406.952397 138.566998 304.718098 228.436756 -2.538143 126.100482 65.274205 184.970621 -34.268408 -55.134742 -222.240026 -83.919686 -446.469686 -44.184518 87.463209 -131.899846 -168.596786 -526.160508 96.612691 226.111240 -133.079187
-16.070571 43.731655 13.972010 -13.742079 -25.084478 -18.272166 -2.441918 18.880569 -80.627521 -65.931372 17.871762 129.566762 321.950338 215.822407 318.989369 117.343989 0.225487 146.770069 410.546224 139.233898 307.640272 227.606765 -2.284603 126.538666 65.288877 185.346950 -34.725283 -55.154635 -222.190712 -83.947949 -446.524437 -44.293869 87.401225 -131.810029 -167.992300 -526.353666 97.077458 226.218830 -133.674124
-16.079048 43.732132 13.972740 -13.506177 -24.835825 -18.240585 -2.361454 18.814294 -80.691821 -65.931837 17.728166 129.606323 322.932655 216.400569 318.326430 117.925101 -0.890501 146.657125 414.000032 140.101783 310.572308 226.877396 -2.015359 126.866037 65.288487 185.683884 -35.144076 -55.178769 -222.151288 -84.001805 -446.598995 -44.302386 87.380625 -131.710431 -167.507521 -526.536715 97.542908 226.266805 -134.309154
-16.081913 43.736257 13.971035 -13.265074 -24.602753 -18.259005 -2.233656 18.749788 -80.711095 -65.955435 17.494831 129.586228 323.895493 216.998539 317.674530 118.587479 -2.014489 146.682697 417.353628 141.100602 313.534124 226.178409 -1.753163 127.143384 65.259855 186.001282 -35.532939 -55.239278 -222.111810 -84.021333 -446.723414 -44.290249 87.417296 -131.641951 -166.992511 -526.749926 97.991098 226.355379 -134.904132
-16.091189 43.733830 13.967060 -13.030825 -24.364782 -18.291622 -2.216358 18.626076 -80.742999 -65.913962 17.295764 129.756205 324.869041 217.646355 317.103881 119.389890 -3.112678 146.606213 420.607229 142.189744 316.506021 225.518954 -1.498018 127.380392 65.224290 186.269313 -35.910584 -55.277042 -222.072249 -84.073372 -446.868132 -44.246942 87.457779 -131.563186 -166.567413 -526.902977 98.432376 226.394516 -135.519887
-16.090904 43.730873 13.956831 -12.810413 -24.097358 -18.328925 -2.181419 18.488926 -80.803412 -65.975365 17.059571 129.815695 325.753441 218.264036 316.384908 120.203953 -4.309910 146.548211 423.730374 143.419930 319.467618 224.930191 -1.293726 127.636565 65.196635 186.518437 -36.223014 -55.314570 -222.042592 -84.158490 -447.072464 -44.220619 87.557780 -131.504911 -166.071993 -527.075753 98.857419 226.514085 -136.065619
-16.085112 43.741311 13.955500 -12.543870 -23.836438 -18.419847 -2.239083 18.366876 -80.822557 -66.085687 16.792817 129.884202 326.648989 218.861637 315.707982 121.117914 -5.409550 146.368194 426.763279 144.620472 322.369356 224.331006 -1.162115 127.852153 65.076868 186.778899 -36.478862 -55.389580 -222.012854 -84.270088 -447.276823 -44.157497 87.616745 -131.446280 -165.716495 -527.238312 99.313669 226.544220 -136.632033
-16.075927 43.757181 13.952141 -12.253071 -23.573829 -18.538709 -2.348145 18.204146 -80.885436 -66.201322 16.580638 129.970946 327.486069 219.449115 315.023542 122.141227 -6.432705 146.086244 429.665918 145.801220 325.141156 223.710866 -1.084880 128.037606 64.860036 186.980800 -36.705840 -55.548443 -222.003046 -84.406542 -447.521371 -44.076314 87.690449 -131.407990 -165.320904 -527.390762 99.764297 226.604886 -137.158968
-16.075345 43.774442 13.937962 -12.008109 -23.327808 -18.650219 -2.310521 18.052723 -80.937414 -66.368108 16.377469 129.878151 328.325281 219.956297 314.322218 123.134691 -7.451848 145.853157 432.368023 146.922587 327.732530 223.210678 -0.995204 128.243345 64.729170 187.239623 -36.866721 -55.644745 -221.973512 -84.519752 -447.746057 -44.024039 87.798913 -131.420927 -164.955229 -527.553211 100.188124 226.675633 -137.675577
-16.076340 43.798088 13.916946 -11.762921 -23.053270 -18.753152 -2.281992 17.889543 -81.040413 -66.530298 16.164484 129.925033 329.187087 220.513163 313.734795 124.056671 -8.266779 145.567847 434.979778 147.873978 330.223964 222.759270 -0.901277 128.519093 64.615516 187.525712 -36.913887 -55.750470 -221.954278 -84.647450 -447.971180 -43.995318 87.938563 -131.413113 -164.619635 -527.765329 100.696789 226.706355 -138.112531
-16.083957 43.826107 13.897161 -11.512515 -22.782373 -18.887437 -2.237243 17.744437 -81.043883 -66.814652 15.865281 129.820682 329.972258 221.019676 313.062076 124.998322 -8.719305 145.260160 437.550661 148.525810 332.565326 222.316497 -0.857787 128.744667 64.429058 187.779331 -36.968874 -55.908329 -221.945235 -84.787387 -448.186768 -43.926477 88.078185 -131.435652 -164.314230 -527.987229 101.065920 226.786705 -138.659288
-16.081348 43.862542 13.873856 -11.225637 -22.511726 -19.016572 -2.216187 17.663627 -81.106953 -67.142057 15.495580 129.794549 330.751337 221.575681 312.484761 125.850047 -8.849692 144.765641 440.120506 148.887974 334.746943 221.884214 -0.916331 129.000567 64.208498 188.051268 -36.940265 -56.091463 -221.936342 -84.960586 -448.421727 -43.891745 88.191150 -131.438890 -164.028646 -528.218362 101.505750 226.816826 -139.115312
-16.072095 43.925380 13.845608 -10.884216 -22.260451 -19.179648 -2.284944 17.636559 -81.286279 -67.519309 15.153345 129.837866 331.525033 222.131617 311.974272 126.709080 -8.551286 143.753229 442.759199 148.970032 336.619863 221.392208 -1.089328 129.246003 63.814744 188.361154 -36.840726 -56.379346 -221.937599 -85.153157 -448.676165 -43.909906 88.280899 -131.575794 -163.713146 -528.459440 101.945812 226.887246 -139.520780
-16.064237 43.995704 13.808392 -10.572615 -21.987907 -19.335355 -2.220483 17.666078 -81.417364 -68.101050 14.729725 129.659189 332.224499 222.627530 311.372150 127.365133 -7.892118 142.562700 445.447480 148.791696 338.303696 221.011166 -1.264248 129.559181 63.498404 188.709753 -36.600747 -56.664346 -221.938951 -85.357680 -448.889895 -43.932094 88.394737 -131.675310 -163.477818 -528.760242 102.435844 226.867875 -139.916097
-16.058967 44.084348 13.757533 -10.242391 -21.687910 -19.494953 -2.126856 17.674327 -81.575408 -68.755143 14.278547 129.376788 332.921097 223.083295 310.830216 127.940932 -6.666390 141.233613 448.283729 148.333745 339.848466 220.660736 -1.459424 129.982052 63.170999 189.156447 -36.201652 -56.966226 -221.940440 -85.554676 -449.093107 -44.015788 88.528267 -131.889737 -163.252463 -529.130985 102.896001 226.859064 -140.300719
-16.042145 44.190378 13.704868 -9.861249 -21.399094 -19.691029 -2.009322 17.749860 -81.718924 -69.528655 13.800752 129.007998 333.616929 223.538896 310.331230 128.266609 -5.029923 139.785996 451.148420 147.685929 341.373674 220.252154 -1.804310 130.381331 62.660838 189.621884 -35.741779 -57.362142 -221.951942 -85.807981 -449.295417 -44.108002 88.612019 -132.128111 -163.036998 -529.521726 103.376382 226.840705 -140.634729
-16.020766 44.307837 13.651483 -9.453650 -21.085583 -19.894862 -1.840897 17.836525 -81.889317 -70.438996 13.371107 128.438497 334.294812 223.854095 309.799048 128.281580 -3.000521 138.298777 454.031689 146.928024 343.120099 219.855129 -2.263055 130.776020 62.045862 190.066051 -35.235925 -57.844169 -221.983347 -86.124184 -449.487427 -44.228258 88.695389 -132.380650 -162.871543 -530.002408 103.916451 226.773031 -140.938522
-15.996059 44.445509 13.586637 -9.029016 -20.722611 -20.110461 -1.653103 17.890458 -82.019077 -71.388249 12.806809 127.892055 335.008840 224.238362 309.448714 128.038508 -0.562752 136.802296 457.001537 146.100588 345.177707 219.461027 -2.771482 131.264570 61.383108 190.578998 -34.577252 -58.364970 -222.004726 -86.459793 -449.659111 -44.389707 88.806447 -132.721217 -162.655368 -530.584012 104.396416 226.786814 -141.201170
-15.970080 44.592480 13.519463 -8.593781 -20.313850 -20.343432 -1.416471 17.893065 -82.131905 -72.405353 12.171720 127.178396 335.684892 224.611003 309.137886 127.697449 1.843128 135.076635 459.917727 145.363460 347.357139 219.130965 -3.320272 131.802857 60.730579 191.131519 -33.756315 -58.901577 -222.025995 -86.846374 -449.800332 -44.552842 88.942191 -133.050760 -162.510390 -531.316700 104.917026 226.729072 -141.444134
-15.926531 44.744891 13.463688 -8.095815 -19.830616 -20.601029 -1.167506 17.886187 -82.180385 -73.401311 11.458304 126.502098 336.319744 225.050007 308.889923 127.169188 4.127179 133.074474 462.610680 144.786487 349.897450 218.736043 -4.023136 132.334587 59.896661 191.654726 -32.865791 -59.544735 -222.057072 -87.328832 -449.952099 -44.692428 89.021434 -133.359580 -162.337395 -532.088675 105.459726 226.707325 -141.607498
-15.883645 44.912605 13.406608 -7.572741 -19.323599 -20.894824 -0.852569 17.913341 -82.156500 -74.423483 10.691544 125.794640 336.888371 225.483737 308.650320 126.367174 6.436876 131.156380 464.877920 144.369872 353.089470 218.337160 -4.791655 132.857534 58.935940 192.148521 -31.888637 -60.320433 -222.097890 -87.861033 -450.074714 -44.841589 89.104005 -133.732590 -162.185574 -532.980752 105.934328 226.732938 -141.780397
-15.832515 45.109896 13.351342 -7.021107 -18.813664 -21.216229 -0.514910 17.963425 -82.133134 -75.499128 10.009345 125.001396 337.442573 225.831093 308.390663 125.410866 8.417015 129.134493 466.817530 144.141211 356.784248 217.870330 -5.656357 133.353419 57.795449 192.666167 -30.873473 -61.168688 -222.128393 -88.421259 -450.145093 -45.011705 89.100275 -134.198669 -162.024723 -533.861464 106.492778 226.764849 -141.820982
-15.764526 45.349206 13.261146 -6.518717 -18.270872 -21.541153 0.002267 17.826340 -81.838678 -76.290283 9.503977 124.230035 338.144552 226.132195 308.373533 124.848768 9.843855 127.434514 467.944238 144.126526 360.988584 217.364446 -6.617773 133.912948 56.388041 193.150974 -29.754766 -62.061380 -222.198785 -89.010793 -450.162223 -45.187937 89.110227 -134.615037 -161.913145 -534.807910 107.118902 226.705863 -141.803388
-15.711653 45.542611 13.193525 -5.984823 -17.690716 -21.820247 0.380153 17.837474 -81.689643 -77.313493 8.869953 123.487771 338.729380 226.375268 308.232121 123.897022 11.053194 125.403079 468.545677 144.136116 365.556260 216.886633 -7.518627 134.526190 55.176891 193.663129 -28.593742 -62.963389 -222.218934 -89.562344 -450.141049 -45.414379 89.073405 -135.084053 -161.843040 -535.816920 107.631016 226.804368 -141.811652
-15.653385 45.751399 13.118998 -5.416192 -17.104436 -22.092208 0.754901 17.954365 -81.473283 -78.396413 8.213383 122.738827 339.229787 226.519221 307.978585 123.066116 11.797661 123.501049 468.437814 144.135296 370.401377 216.322432 -8.540619 135.120458 53.757038 194.130669 -27.464600 -63.907116 -222.219207 -90.166003 -450.070261 -45.710471 88.986621 -135.620127 -161.763400 -536.895107 108.113855 227.001870 -141.759716
-15.587853 45.954942 13.033672 -4.816782 -16.460435 -22.329306 1.161637 18.085853 -81.138809 -79.371866 7.451961 122.060002 339.657057 226.704237 307.721250 122.606226 12.070394 121.595372 467.700209 143.994034 375.275018 215.705461 -9.599071 135.786046 52.322934 194.570547 -26.292648 -64.863643 -222.219399 -90.744862 -449.921773 -46.030305 88.824479 -136.111463 -161.815241 -538.013072 108.586416 227.188293 -141.729062
-15.525292 46.145486 12.931849 -4.219549 -15.940726 -22.501373 1.532780 18.309775 -80.796282 -80.312165 6.536085 121.275405 340.094762 226.818670 307.524568 122.166539 12.061631 119.799442 466.482686 143.732821 380.189339 215.091113 -10.716539 136.467507 50.898361 195.042595 -25.075870 -65.707369 -222.209618 -91.335380 -449.779869 -46.481811 88.617306 -136.675159 -161.886425 -539.099892 108.999628 227.464888 -141.687370
-15.457001 46.335496 12.832559 -3.651813 -15.341382 -22.650304 1.838890 18.427280 -80.493711 -81.126952 5.571659 120.526761 340.552085 226.912599 307.384003 121.547273 11.918452 118.318056 464.854096 143.331506 385.175486 214.372071 -11.769349 137.179022 49.400685 195.407887 -23.979560 -66.535168 -222.189824 -91.873086 -449.626845 -46.912464 88.380974 -137.272377 -161.916451 -540.106989 109.472325 227.772698 -141.485374
-15.390024 46.507215 12.731871 -3.065844 -14.796433 -22.752339 2.067235 18.653749 -80.128788 -81.907430 4.463321 119.875216 341.033558 226.905755 307.271851 121.188087 11.558108 116.849838 462.984646 142.730340 390.083360 213.535209 -12.784609 137.826729 47.912288 195.715177 -23.096532 -67.204355 -222.159962 -92.332731 -449.533982 -47.349559 88.087864 -137.812126 -161.915836 -540.974915 109.924293 228.131556 -141.233572
-15.321440 46.664852 12.618873 -2.497697 -14.243811 -22.810134 2.375478 18.845137 -79.750703 -82.611637 3.312406 119.098227 341.505196 226.777758 307.122325 121.128651 11.037191 115.646195 460.934660 141.869463 394.502519 212.628652 -13.687847 138.564348 46.499699 196.013971 -22.278289 -67.701832 -222.129950 -92.697914 -449.441856 -47.805747 87.779371 -138.343788 -161.964781 -541.733777 110.375352 228.461399 -140.952210
