HIERARCHY
ROOT Hip
{
   OFFSET 0.00000 0.00000 0.00000
   CHANNELS 6 Xposition Yposition Zposition Zrotation Yrotation Xrotation
   JOINT Head
   {
      OFFSET 0.000000 23.756001 0.000000
      CHANNELS 3 Zrotation Yrotation Xrotation
      End Site
      {
         OFFSET 0.000000 14.154000 0.000000
      }
      JOINT LeftShoulder
      {
         OFFSET 7.854600 0.000000 0.000000
         CHANNELS 3 Zrotation Yrotation Xrotation
         JOINT LeftHand
         {
            OFFSET 0.000000 -11.478000 0.000000
            CHANNELS 3 Zrotation Yrotation Xrotation
            End Site
            {
               OFFSET 0.000000 -12.571000 0.000000
            }
         }
      }
      JOINT RightShoulder
      {
         OFFSET -8.371200 0.000000 0.000000
         CHANNELS 3 Zrotation Yrotation Xrotation
         JOINT RightHand
         {
            OFFSET 0.000000 -13.753000 0.000000
            CHANNELS 3 Zrotation Yrotation Xrotation
            End Site
            {
               OFFSET 0.000000 -11.776000 0.000000
            }
         }
      }
   }
   JOINT LeftHip
   {
      OFFSET 8.311300 0.000000 0.000000
      CHANNELS 3 Zrotation Yrotation Xrotation
      JOINT LeftKnee
      {
         OFFSET 0.000000 -23.427999 0.000000
         CHANNELS 3 Zrotation Yrotation Xrotation
         JOINT LeftFoot
         {
            OFFSET 0.000000 -17.863000 0.000000
            CHANNELS 3 Zrotation Yrotation Xrotation
            End Site
            {
               OFFSET 0.000000 0.000000 11.641000
            }
         }
      }
   }
   JOINT RightHip
   {
      OFFSET -8.311300 0.000000 0.000000
      CHANNELS 3 Zrotation Yrotation Xrotation
      JOINT RightKnee
      {
         OFFSET 0.000000 -21.203000 0.000000
         CHANNELS 3 Zrotation Yrotation Xrotation
         JOINT RightFoot
         {
            OFFSET 0.000000 -18.184000 0.000000
            CHANNELS 3 Zrotation Yrotation Xrotation
            End Site
            {
               OFFSET 0.000000 0.000000 11.692999
            }
         }
      }
   }
}
MOTION
Frames: 248
Frame Time: 0.016670
15.681957 41.453275 -25.056138 -2.915465 126.514242 2.553166 1.090445 -9.140613 -35.104573 16.992145 -10.983637 18.892916 11.107248 -3.354576 26.210089 -48.692374 -9.892615 44.890407 -43.520452 7.259585 43.339398 6.571650 -65.095890 -20.316790 32.004337 -61.801218 -9.132679 -1.873449 -60.714467 -21.428175 -9.874006 -61.929824 13.103113 26.758045 -49.502510 -14.609010 -1.468788 -52.159361 -4.195626
15.671092 41.450033 -25.098736 -3.224547 127.676767 2.363260 0.969745 -10.387655 -35.460092 16.121118 -14.602299 19.905881 9.390054 -3.134386 27.479796 -52.542511 -13.602324 45.938982 -48.751910 6.473413 39.141547 7.131757 -65.292538 -21.141672 32.187164 -62.002784 -10.222207 -1.704924 -61.326281 -21.335851 -12.241323 -63.182289 15.865804 29.568118 -48.485163 -16.785526 -1.584607 -52.970108 -4.365233
15.658694 41.444501 -25.133926 -3.326598 127.783222 2.364309 0.975068 -10.382893 -35.931276 14.914162 -18.057960 21.049198 7.697496 -2.886548 28.782359 -56.928735 -17.083169 47.478083 -53.249220 5.086553 34.517129 7.137906 -65.148161 -21.283143 32.226765 -62.046770 -10.410000 -1.672575 -61.462721 -21.306526 -12.873209 -63.950604 16.386594 29.629029 -48.169783 -16.585781 -1.621370 -52.632280 -4.407667
15.644029 41.440982 -25.169081 -3.425299 127.836594 2.367930 0.979556 -10.308579 -36.384226 13.511964 -21.422665 22.300694 5.939661 -2.577370 29.967421 -61.579797 -20.433187 49.313156 -57.061244 3.365773 29.776032 7.121715 -65.002398 -21.394990 32.259038 -62.070915 -10.580548 -1.635655 -61.567687 -21.269259 -13.397183 -64.679760 16.763709 29.463479 -47.927407 -16.228099 -1.631931 -52.217267 -4.413069
15.613001 41.431136 -25.192682 -3.507288 127.833383 2.419282 1.023646 -10.144330 -36.820785 11.940339 -24.668246 23.557831 4.098186 -2.200685 31.031339 -66.381543 -23.513083 51.346992 -60.229407 1.552161 25.171528 7.164886 -64.804603 -21.590909 32.357895 -62.090422 -10.740889 -1.613346 -61.699954 -21.250301 -13.866204 -65.431122 17.073704 29.378641 -47.630884 -15.869063 -1.685876 -51.782437 -4.472159
15.609712 41.430897 -25.223906 -3.550391 127.971995 2.420600 1.064073 -10.097930 -37.199112 10.198235 -27.807575 24.953015 2.132694 -1.756238 31.902017 -71.234174 -26.228603 53.595070 -62.754344 -0.200887 20.703746 7.142051 -64.809554 -21.629225 32.469534 -62.084022 -10.921157 -1.604520 -61.818785 -21.245261 -14.604509 -66.040266 17.766126 29.473796 -47.385489 -15.709505 -1.683263 -51.527494 -4.466627
15.591357 41.426148 -25.246784 -3.608363 128.087699 2.430769 1.049405 -9.947736 -37.518748 8.437266 -30.848795 26.305755 0.074678 -1.241081 32.607685 -75.912874 -28.568221 55.940479 -64.885069 -1.673106 16.471787 7.152649 -64.705278 -21.740402 32.527714 -62.105421 -11.094715 -1.579265 -61.945472 -21.223638 -15.192018 -66.668206 18.260123 29.348343 -47.162784 -15.357137 -1.691718 -51.156143 -4.468481
15.579839 41.422233 -25.268120 -3.633810 128.240695 2.441131 1.049018 -9.781791 -37.787752 6.561022 -33.761266 27.617779 -1.995155 -0.703219 33.171828 -80.454724 -30.536232 58.347533 -66.830259 -2.796319 12.457001 7.166015 -64.685436 -21.808722 32.635385 -62.090907 -11.286886 -1.563156 -62.065908 -21.211562 -16.006128 -67.228480 19.037324 29.542938 -46.909524 -15.224302 -1.722062 -50.951207 -4.510135
15.597555 41.408228 -25.296235 -3.590648 128.227690 2.434158 1.022795 -9.362326 -37.905938 4.715501 -36.527350 28.881820 -4.125188 -0.114144 33.546956 -84.786622 -32.237352 60.735961 -68.991953 -3.505595 8.664347 6.987513 -64.789481 -21.561915 32.759141 -61.969384 -11.299354 -1.650624 -62.033089 -21.285294 -16.855621 -67.612951 19.910061 29.648516 -46.652781 -15.033262 -1.740060 -50.686421 -4.527695
15.578737 41.407232 -25.305841 -3.579774 128.446939 2.483088 0.959462 -9.149469 -38.074828 2.832174 -39.133320 30.115192 -6.153187 0.448678 33.730469 -88.859511 -33.638395 63.114677 -71.235711 -3.888988 4.800101 7.068416 -64.713782 -21.699827 32.849098 -62.024770 -11.530086 -1.626278 -62.225571 -21.278660 -17.678915 -68.172139 20.724121 29.796840 -46.433938 -14.862227 -1.759108 -50.480702 -4.544939
15.556491 41.405348 -25.312042 -3.540469 128.634565 2.551763 0.897504 -8.845998 -38.211224 0.925584 -41.583705 31.318446 -8.095060 0.977802 33.702875 -92.676856 -34.752197 65.373475 -73.652976 -3.985951 0.739561 7.023189 -64.320281 -21.839552 32.575382 -62.376819 -11.465346 -1.579743 -62.462271 -21.251350 -18.564852 -68.660272 21.616601 30.025115 -46.194595 -14.684137 -1.795788 -50.278235 -4.578048
15.536752 41.395754 -25.313789 -3.513356 128.809363 2.598705 0.775041 -8.543804 -38.326346 -0.934384 -43.865425 32.540824 -9.923997 1.473088 33.581185 -96.208522 -35.604144 67.553706 -76.292598 -3.873513 -3.628612 7.187345 -64.493638 -21.940092 32.938355 -62.173552 -11.814933 -1.636177 -62.575803 -21.319684 -19.595430 -69.079522 22.648714 30.419952 -45.939081 -14.582348 -1.876760 -50.153601 -4.670875
15.528731 41.392564 -25.309262 -3.455026 128.997166 2.639630 0.627559 -8.261896 -38.402124 -2.763204 -45.912839 33.805366 -11.622929 1.932178 33.367971 -99.658259 -36.193384 69.694711 -78.979779 -3.641143 -8.215806 7.270327 -64.474124 -21.996955 33.036710 -62.171114 -11.999678 -1.669294 -62.718991 -21.365972 -20.831011 -69.308347 23.947724 31.040799 -45.674247 -14.553823 -1.948811 -50.118371 -4.746932
15.522148 41.387915 -25.299282 -3.410486 129.189572 2.638589 0.426290 -7.917624 -38.351912 -4.438788 -47.942894 34.786645 -13.312014 2.456460 33.368510 -103.331255 -36.574454 71.904017 -81.637392 -3.374521 -12.612660 7.294970 -64.556277 -21.975157 33.196895 -62.098748 -12.152556 -1.715713 -62.807319 -21.418756 -22.298327 -69.437240 25.485123 31.925547 -45.379931 -14.647312 -2.054508 -50.199766 -4.870750
15.510893 41.379914 -25.273833 -3.356912 129.312324 2.649521 0.203637 -7.512174 -38.319438 -5.901222 -49.846540 35.573729 -15.018725 3.120374 33.659401 -107.499644 -36.677641 74.044735 -84.094723 -3.096330 -16.711135 7.408681 -64.797520 -21.945702 33.581117 -61.835984 -12.415803 -1.795759 -62.848969 -21.502207 -23.823915 -69.547821 27.061997 32.752417 -45.055001 -14.562269 -2.164051 -50.191587 -4.982434
15.493724 41.380877 -25.224259 -3.268786 129.444147 2.729590 -0.000723 -7.085537 -38.317778 -7.205800 -51.598114 36.237876 -16.676310 3.891695 34.170115 -112.010724 -36.679349 76.049061 -86.227450 -2.805130 -20.587831 7.669033 -64.776694 -22.063543 33.821188 -61.696737 -12.725652 -1.842237 -62.960527 -21.565202 -25.405300 -69.800319 28.703177 33.591717 -44.686062 -14.396709 -2.259897 -50.141819 -5.067682
15.492302 41.389756 -25.169315 -3.132226 129.344918 2.795154 -0.224925 -6.533992 -38.212620 -8.304445 -53.200931 36.903819 -18.303300 4.752108 34.641808 -116.685231 -36.802453 78.000501 -88.137628 -2.564554 -24.274219 7.793287 -64.771900 -21.981156 34.024529 -61.525647 -12.841167 -1.915519 -62.965451 -21.633706 -27.015932 -70.096954 30.403549 34.190814 -44.252014 -14.064704 -2.281332 -49.927511 -5.040092
15.470541 41.405553 -25.090892 -3.002546 129.082393 2.905524 -0.497315 -5.958016 -38.255907 -9.242971 -54.512635 37.714699 -19.936547 5.735972 35.212866 -121.365495 -36.974905 79.925105 -89.912692 -2.447234 -27.900930 7.951971 -64.642474 -21.926007 34.229886 -61.339122 -12.936910 -1.957004 -62.925652 -21.665818 -28.490939 -70.696727 31.879075 34.314799 -43.752839 -13.352671 -2.271159 -49.438306 -4.953184
15.475694 41.426215 -25.016119 -2.837705 128.549105 2.953251 -0.758993 -5.302126 -38.160694 -10.134835 -55.672947 38.593127 -21.375640 6.724637 35.950387 -126.003384 -37.315147 81.977392 -91.524774 -2.477808 -31.390836 7.847261 -64.675280 -21.497341 34.469670 -61.024325 -12.781954 -2.035827 -62.674150 -21.701251 -29.978329 -71.253749 33.347162 34.147862 -43.218316 -12.434641 -2.241823 -48.828438 -4.838178
15.478203 41.466760 -24.927783 -2.677073 127.955220 2.986521 -0.987838 -4.816031 -38.047596 -11.002818 -56.616907 39.528682 -22.738968 7.778171 36.744239 -130.534710 -37.945358 84.234715 -93.036479 -2.721743 -34.636439 7.769398 -64.793763 -21.031604 34.780553 -60.616904 -12.680339 -2.087699 -62.364005 -21.700576 -31.411712 -71.914679 34.729203 33.622006 -42.656136 -11.295073 -2.151767 -48.102150 -4.641270
15.474918 41.516055 -24.833858 -2.536409 127.031642 2.978404 -1.208255 -4.205002 -37.910067 -11.817935 -57.404106 40.464711 -24.074460 8.936622 37.569005 -134.950236 -38.822928 86.805591 -94.458989 -3.204262 -37.558261 7.616526 -65.063036 -20.382236 35.243281 -59.951774 -12.535468 -2.164173 -61.840669 -21.690866 -32.767938 -72.682946 35.906219 32.621735 -41.976686 -9.756848 -2.098054 -47.139438 -4.474012
15.497870 41.566114 -24.747321 -2.347497 125.878214 2.928607 -1.334959 -3.516242 -37.736785 -12.641399 -57.979345 41.414036 -25.312983 10.149310 38.382432 -139.150105 -39.715241 89.699105 -95.649184 -3.822826 -40.258726 7.177895 -65.688736 -19.288225 35.875347 -59.037710 -12.194473 -2.310207 -61.059828 -21.713574 -34.166905 -73.362167 37.167362 31.624254 -41.220035 -8.306868 -2.065549 -46.194219 -4.335249
15.565156 41.613016 -24.699278 -2.176141 124.480963 2.678990 -1.471834 -2.739438 -37.393848 -13.399028 -58.503104 42.263431 -26.548751 11.532938 39.214257 -143.083966 -40.599758 93.061662 -96.609037 -4.557498 -42.668598 5.959064 -66.790364 -17.337305 36.463890 -57.954162 -11.346577 -2.512465 -59.914843 -21.727948 -35.781466 -73.656152 38.665978 30.841507 -40.412307 -7.105717 -2.043044 -45.322639 -4.200852
15.677083 41.644878 -24.659774 -1.977074 122.999863 2.334120 -1.542774 -2.026409 -36.925085 -14.128992 -58.912636 43.107298 -27.588333 12.962336 39.947724 -146.694637 -41.267265 96.869875 -97.252885 -5.295703 -44.834998 3.989990 -68.693733 -14.442747 37.446987 -56.452757 -10.240065 -2.869629 -58.423949 -21.850503 -37.629513 -73.616359 40.490526 30.467729 -39.614076 -6.203519 -2.039720 -44.599581 -4.106983
15.836556 41.646733 -24.634871 -1.780105 121.668277 1.862841 -1.606740 -1.594122 -36.315726 -14.664269 -59.317126 43.910870 -28.577098 14.549990 40.344080 -149.958593 -41.735840 101.097038 -97.558290 -5.966397 -46.741768 0.427088 -71.894469 -9.739509 39.058269 -54.355216 -8.784398 -3.431180 -56.450322 -22.107316 -39.790947 -73.098249 42.735961 30.539647 -38.882495 -5.549212 -2.085455 -44.040869 -4.073072
16.022671 41.599616 -24.642663 -1.609085 120.217012 1.279071 -1.512392 -1.241526 -35.523964 -15.230745 -59.578866 44.628115 -29.499000 16.195248 40.413010 -152.885315 -42.217088 105.472881 -97.537082 -6.528878 -48.490402 -6.889157 -74.997629 -1.496893 40.990308 -52.296832 -6.701994 -4.074361 -54.466275 -22.457367 -42.329882 -72.180551 45.256352 31.139573 -38.188766 -4.904314 -2.265126 -43.594553 -4.222001
16.253859 41.482510 -24.686293 -1.433758 118.693579 0.588116 -1.309139 -0.905283 -34.541271 -15.816573 -59.831023 45.228225 -30.380005 17.931933 40.303003 -155.546726 -42.621934 109.842665 -97.018582 -6.711177 -49.949221 -17.837994 -74.073538 10.231656 45.981151 -50.938140 -7.582840 -4.438793 -54.212919 -22.955634 -45.215733 -70.886954 48.043182 32.051598 -37.478576 -4.096949 -2.594093 -43.154276 -4.575726
16.504330 41.259217 -24.759907 -1.228421 117.367512 -0.137182 -0.901443 -0.882113 -33.165561 -16.309956 -60.257001 45.471793 -31.443408 19.956670 39.801206 -157.998736 -43.266192 114.100789 -96.131272 -6.542586 -51.018665 -26.603529 -71.000698 19.786727 52.737339 -49.557325 -10.042920 -4.689733 -54.819983 -23.595993 -48.402873 -69.265829 51.099954 33.567603 -36.888684 -3.327299 -3.164554 -42.863351 -5.288197
16.757095 40.916242 -24.895665 -1.064701 116.336249 -0.861733 -0.366861 -1.102182 -31.633222 -16.899537 -60.730490 45.538985 -32.475302 21.995675 39.136154 -160.220528 -43.932723 117.843658 -94.774148 -5.784523 -51.807285 -33.206928 -68.003795 26.777463 58.377169 -48.220261 -11.067107 -4.968643 -55.166239 -24.208450 -51.861261 -67.219976 54.292798 35.855416 -36.423070 -2.521982 -3.927327 -42.701909 -6.283049
17.019049 40.467586 -25.059385 -0.795811 115.797770 -1.415359 0.329274 -1.789220 -29.988369 -17.504991 -61.251381 45.448782 -33.525987 24.114878 38.194059 -162.234355 -44.680041 120.955451 -93.008318 -4.386005 -52.248816 -38.751464 -65.456913 32.637263 63.285698 -46.731314 -11.058617 -5.348048 -54.988593 -24.805137 -55.478444 -64.728548 57.727092 39.237917 -36.120684 -1.964036 -4.745382 -42.708029 -7.376655
17.248584 39.928092 -25.252378 -0.536335 115.574232 -1.809415 0.995870 -2.695704 -28.331565 -18.000200 -61.994028 45.241524 -34.604033 26.324304 36.961610 -164.039123 -45.428042 123.449044 -90.852929 -2.212246 -52.153364 -43.190175 -63.385296 37.013208 66.813874 -45.529898 -9.693054 -5.850657 -54.473685 -25.468233 -58.958480 -62.178982 60.960545 43.039064 -35.877498 -1.369179 -5.626940 -42.741456 -8.574684
17.496178 39.360561 -25.487880 -0.311897 115.833178 -2.126898 1.513458 -3.892739 -26.689412 -18.566717 -62.691718 45.327447 -35.388019 28.155419 35.436183 -165.475075 -45.832325 125.073837 -88.221715 1.056407 -51.507584 -46.870698 -61.940042 40.350012 68.933623 -44.809757 -7.630862 -6.436295 -54.014744 -26.278898 -62.265125 -59.620031 64.100014 46.953896 -35.772556 -0.991868 -6.359814 -42.864044 -9.587201
17.720257 38.797159 -25.748469 -0.061642 116.281771 -2.202572 1.955936 -5.205819 -25.313591 -19.338992 -63.054531 45.961200 -35.769779 29.352991 33.521390 -166.603531 -45.930287 125.599324 -85.305033 5.377874 -50.444717 -50.432037 -61.332469 43.454661 70.407277 -44.508900 -5.741929 -7.079163 -53.924016 -27.346522 -65.157580 -57.489491 66.900870 50.280817 -35.607337 -0.669111 -6.974042 -42.884634 -10.417013
17.923829 38.286907 -26.045096 0.129047 116.992138 -2.127241 2.336769 -6.602416 -24.168790 -20.330032 -63.164995 47.135873 -35.788108 29.874110 31.123697 -167.351902 -45.710071 124.961589 -82.395482 10.560643 -49.219006 -54.213810 -61.522041 46.503596 71.336797 -44.993455 -4.515625 -7.518475 -54.668674 -28.509493 -67.664143 -55.744261 69.398082 53.198588 -35.493942 -0.619633 -7.411715 -42.918224 -11.010497
18.130836 37.914111 -26.400568 0.204888 117.812813 -2.131955 2.636153 -8.003542 -23.195550 -21.599917 -63.211557 48.728123 -35.680150 29.763424 28.359494 -167.734816 -45.211501 123.396602 -79.881262 16.289404 -48.044292 -57.994064 -62.081468 49.432261 71.368906 -45.877906 -3.826067 -7.700179 -55.770004 -29.515884 -69.806261 -54.243354 71.567159 55.363034 -35.350348 -0.800565 -7.534266 -42.881823 -11.131403
18.359276 37.721452 -26.819982 0.117803 118.690670 -2.285179 2.796311 -9.128087 -22.383022 -23.100449 -63.456986 50.554878 -35.577714 29.150749 25.713465 -167.779048 -44.178937 121.102205 -77.975147 22.470593 -47.095466 -61.347045 -62.704367 51.985693 70.365353 -46.644902 -3.140310 -7.635222 -56.601901 -30.144050 -71.578101 -53.024603 73.302260 56.593298 -35.282742 -1.083868 -7.283930 -42.871458 -10.714823
18.613705 37.745532 -27.301168 -0.049678 119.628660 -2.562273 2.914897 -9.971798 -21.610828 -24.753297 -64.120757 52.253734 -35.471884 28.190315 23.219669 -167.482481 -42.970718 118.566715 -77.133661 28.516972 -46.735416 -64.221359 -62.839509 54.113598 68.917852 -46.913827 -1.757546 -7.131471 -56.794826 -29.964665 -72.942677 -52.140090 74.559274 56.682347 -35.405173 -1.447053 -6.581799 -42.979307 -9.654997
18.902768 37.979540 -27.810432 -0.149719 120.739494 -2.895066 3.168738 -10.884331 -20.746109 -26.433061 -65.167736 53.641690 -35.275082 27.081068 20.749437 -166.999573 -42.226671 116.355360 -77.914440 33.369688 -47.033372 -67.241594 -62.881939 56.655753 67.325550 -46.968158 -0.913320 -6.223700 -56.780131 -29.213030 -73.855478 -51.534471 75.450334 55.778757 -35.810351 -2.011044 -5.459224 -43.294148 -8.014045
19.191425 38.391573 -28.304765 -0.117575 122.072815 -3.119138 3.484931 -11.972590 -20.041728 -28.026614 -66.473334 54.830443 -34.833350 25.911402 18.566566 -166.452666 -41.833659 114.572878 -80.060499 36.921766 -47.845461 -69.642542 -63.447697 58.979674 64.687718 -46.818563 -0.478159 -5.256662 -56.522653 -28.260942 -74.158123 -51.457201 75.756463 53.490504 -36.615094 -2.375608 -4.041762 -43.901837 -5.969665
19.471045 38.930754 -28.766064 0.027480 123.606097 -3.159897 3.851324 -13.039833 -19.680917 -29.460959 -67.993017 55.869315 -34.165248 24.753724 16.802684 -166.058892 -41.414596 113.048073 -83.059390 39.578388 -48.938070 -71.734198 -64.354295 61.433467 61.927044 -46.470852 -0.731005 -4.223569 -56.075143 -27.120572 -73.985319 -51.815410 75.590721 50.351649 -37.774286 -2.526433 -2.409371 -44.785738 -3.644135
19.781558 39.525058 -29.217696 0.101119 125.334381 -3.229025 3.970084 -13.439498 -19.718379 -30.532301 -69.629359 57.000948 -33.370931 23.693921 15.338937 -165.850148 -40.065514 111.494929 -85.957132 42.157369 -49.549440 -73.434041 -65.376180 63.585346 58.733596 -46.119128 -1.082322 -3.070059 -55.606394 -25.781353 -73.703246 -52.211339 75.421975 47.944042 -38.930108 -2.775420 -1.046132 -45.712199 -1.744945
20.027473 40.116166 -29.604845 -0.079139 126.611749 -3.182240 3.887176 -14.106384 -20.349821 -31.331287 -70.644373 58.313314 -32.299374 22.597952 14.260778 -165.683942 -39.165247 110.211290 -89.586906 43.600659 -51.526117 -74.847296 -66.904455 65.115212 54.963922 -45.917193 -1.099622 -1.881498 -55.235067 -24.382867 -73.424376 -53.126734 74.704265 47.165619 -38.893392 -1.385528 -1.199866 -45.619209 -1.923663
20.252042 40.648126 -29.960236 -0.404183 127.761243 -3.138930 3.621438 -14.745815 -21.219397 -31.972098 -71.552748 59.578599 -31.153958 21.571467 13.756311 -165.747395 -38.268990 109.067521 -93.341276 44.638117 -53.828577 -76.106858 -68.490528 66.170948 50.894547 -45.911408 -0.606212 -0.673178 -55.062963 -22.981114 -73.818103 -54.177552 74.450858 48.872363 -38.463056 0.333466 -1.741410 -45.226938 -2.615217
20.485778 41.089038 -30.312078 -0.864500 128.807177 -3.189276 3.177249 -15.483175 -22.213642 -32.560215 -72.417490 60.681620 -30.019685 20.625938 13.907704 -166.040710 -37.331041 108.018902 -97.054618 45.362278 -56.450561 -77.338034 -69.926234 66.918334 46.815165 -46.033170 0.253030 0.485994 -55.087432 -21.660516 -74.856510 -55.302368 74.755013 52.561174 -37.949293 2.022614 -2.620925 -44.638872 -3.766230
20.712075 41.436815 -30.653200 -1.348659 129.662098 -3.215874 2.760083 -16.202300 -23.205032 -33.294829 -73.223624 61.505457 -28.623166 19.663356 14.735109 -166.663897 -36.614359 107.166529 -100.732313 45.923651 -59.229925 -78.522990 -71.201976 67.589346 43.182112 -46.069722 1.067267 1.521523 -55.120808 -20.469034 -76.193240 -56.797415 75.245933 56.826102 -37.653870 3.711208 -3.418888 -44.076980 -4.795545
20.949862 41.671409 -30.997607 -1.827734 130.326088 -3.261073 2.376657 -16.808783 -24.016921 -34.067023 -74.006828 62.050848 -27.361323 18.808007 15.590130 -167.544936 -36.147311 106.538493 -104.367572 46.367494 -62.150179 -79.719980 -72.133184 68.363384 40.488668 -46.045498 1.422382 2.367549 -55.135589 -19.483005 -77.563881 -58.616301 75.808659 61.038252 -37.301060 5.114847 -4.091627 -43.270751 -5.614572
21.174493 41.801133 -31.306684 -2.226676 130.763138 -3.198797 2.118697 -17.427363 -25.044190 -34.955662 -74.454144 62.463917 -26.045311 17.903893 16.718447 -168.560353 -35.861300 105.898818 -107.861022 46.718853 -65.414238 -80.845596 -72.857867 69.230811 38.807168 -45.984696 1.330429 2.930478 -55.099153 -18.818800 -78.681525 -60.906743 76.218040 64.664433 -36.750663 6.391089 -4.555116 -42.160736 -6.107153
21.439762 41.787900 -31.617331 -2.556067 130.672324 -3.244715 1.914191 -17.677443 -25.656123 -35.876320 -75.103059 62.699784 -24.934565 17.056963 17.816434 -169.697293 -35.865190 105.546114 -111.345122 47.159499 -68.801192 -81.854080 -72.864472 70.125443 38.337606 -45.696595 1.060640 3.147260 -54.804765 -18.509789 -79.481982 -63.383527 76.296369 67.451998 -35.982680 7.825280 -4.983106 -40.829402 -6.537688
21.660630 41.671609 -31.915853 -2.953555 130.685165 -3.344533 1.591441 -18.158983 -26.038245 -36.737573 -75.782854 62.902552 -24.145296 16.247738 18.651587 -170.665486 -36.075840 105.550444 -114.919545 47.533803 -72.303133 -82.902657 -72.622669 71.044165 38.744303 -45.508311 0.497351 3.142658 -54.592452 -18.486406 -80.089425 -66.276788 76.160352 69.157127 -35.105960 9.181906 -5.346431 -39.444776 -6.854964
21.955018 41.421303 -32.227270 -3.294305 130.221832 -3.653329 1.234498 -18.410903 -25.997230 -37.480028 -76.367355 63.163240 -23.561936 15.465693 19.175133 -171.512771 -36.522627 105.767487 -118.555159 47.765210 -75.896236 -84.031974 -71.372328 71.976745 40.362924 -45.295226 0.178401 2.955229 -54.345701 -18.680484 -80.425730 -69.206441 75.860992 69.708617 -33.985508 10.831165 -5.821777 -38.003999 -7.324761
22.274809 41.052079 -32.543892 -3.662058 129.619751 -4.129519 0.874367 -18.588703 -25.418260 -38.103983 -77.252240 63.383124 -23.236616 14.780237 19.194071 -172.217646 -37.146711 106.300707 -122.212507 48.039733 -79.576130 -85.284727 -69.555703 72.845477 42.688331 -45.155897 0.173118 2.581213 -54.165070 -19.120030 -80.603527 -72.267199 75.478631 69.019997 -32.739258 12.698601 -6.320089 -36.653298 -7.843858
22.653026 40.595974 -32.855691 -3.922584 128.979776 -4.701927 0.593193 -18.823245 -24.435799 -38.594131 -78.107141 63.629598 -23.010325 14.162255 18.707755 -172.751098 -37.839555 106.957136 -125.831168 48.393646 -83.483380 -86.620534 -67.194438 73.827549 45.638463 -45.086065 0.265112 2.109688 -54.035286 -19.693051 -80.631708 -75.210744 75.279900 67.243540 -31.401142 14.475350 -6.678982 -35.377907 -8.138437
23.071451 40.098962 -33.158597 -4.064027 128.594512 -5.275671 0.412833 -19.391558 -23.318058 -38.991067 -78.766582 63.924109 -22.781258 13.560805 17.915154 -173.183599 -38.573466 107.565111 -129.480880 48.781617 -87.515050 -87.892343 -64.721766 74.926212 48.697326 -45.027199 0.190145 1.569571 -53.912770 -20.352195 -80.588002 -78.012030 75.290657 64.252300 -30.070536 15.937741 -6.783004 -34.297791 -8.020973
23.516986 39.594037 -33.449547 -4.088233 128.512946 -5.900185 0.214655 -20.257088 -21.810618 -39.257858 -79.818362 64.196012 -22.896529 13.137087 16.857556 -173.343248 -39.395513 108.439423 -133.351930 48.810560 -91.304043 -89.025164 -62.212013 76.140811 51.773370 -44.936894 -0.232215 0.996839 -53.783122 -21.045766 -80.586083 -80.894452 75.704335 59.789365 -28.918895 16.844288 -8.005675 -33.847334 -9.767780
23.987548 39.165961 -33.712565 -4.012844 128.944805 -6.467543 -0.041198 -21.501992 -20.463054 -39.362763 -80.690455 64.618323 -22.858160 12.655517 15.742150 -172.970279 -39.754973 109.129354 -137.044563 48.172904 -95.355916 -90.002632 -59.902712 77.484589 54.571692 -44.968555 -0.998744 0.565836 -53.831702 -21.604834 -80.661474 -83.812391 76.502797 53.347858 -27.925843 16.869614 -10.170102 -34.348400 -13.382395
24.460194 38.870608 -33.965690 -3.910787 130.006736 -6.975451 -0.443613 -23.264731 -19.581032 -39.298528 -80.977780 65.266098 -22.526717 12.050843 14.635137 -172.314676 -39.695898 109.305457 -140.648471 46.873034 -99.628507 -90.895768 -57.936567 78.974083 56.947395 -45.115606 -2.077495 0.393139 -54.070954 -21.894245 -80.754495 -86.116371 77.279977 47.366542 -27.754556 15.964268 -12.188782 -35.306050 -17.291739
24.883239 38.744909 -34.219906 -3.745555 131.633632 -7.322088 -0.837032 -25.421484 -19.114390 -39.288150 -81.042421 65.899981 -22.100805 11.381822 13.832748 -172.000255 -39.633846 108.960662 -144.572510 45.503560 -103.676275 -91.528974 -56.475853 80.169004 58.329262 -45.559011 -2.916177 0.496413 -54.623857 -21.920422 -80.933083 -87.034676 77.998923 43.823914 -28.725747 13.728397 -13.145756 -36.208803 -19.590022
25.271575 38.805990 -34.511177 -3.483281 133.677812 -7.641983 -1.217768 -27.354249 -18.858147 -39.438059 -81.585216 66.294649 -21.825446 10.818703 13.526960 -172.219832 -39.200607 108.020200 -148.786341 44.206067 -107.409574 -92.099862 -55.142159 81.231214 59.140532 -46.391488 -3.618282 1.091901 -55.553979 -21.436042 -81.283329 -86.582169 78.767620 42.475922 -30.036232 11.120385 -13.228946 -36.743870 -20.326819
25.567782 39.053966 -34.752290 -3.022385 135.965939 -7.579909 -1.117728 -28.953561 -19.166277 -39.829370 -82.422577 66.335870 -21.481628 10.385542 13.478130 -173.034564 -38.461130 106.471530 -153.100370 42.891064 -110.998340 -92.598493 -53.886193 82.233080 60.389029 -47.522909 -4.122639 2.196840 -56.801025 -20.400337 -81.836806 -85.833983 79.546384 41.803753 -31.269593 9.183402 -12.713081 -37.168943 -19.982193
25.766759 39.523928 -34.937217 -2.506426 138.151668 -7.380482 -0.871783 -30.012309 -19.439666 -40.278667 -83.730189 66.199013 -20.902189 10.015660 13.299517 -173.863517 -37.536705 105.086012 -157.554924 41.437675 -114.423051 -93.023632 -52.562831 83.243627 62.011902 -48.568321 -4.612666 3.932417 -57.985956 -18.594107 -82.498174 -85.419678 80.310546 40.654666 -32.418199 7.652391 -11.633096 -37.634062 -18.598771
25.868260 40.130934 -35.011868 -2.000204 139.739988 -7.012311 -0.509622 -30.347039 -20.303835 -40.642812 -84.648686 66.103882 -20.075652 9.687898 13.207883 -174.524775 -36.391504 103.597065 -161.920863 39.411441 -117.783675 -93.332411 -51.377328 84.242139 63.767015 -49.273459 -5.189709 6.066559 -58.866060 -16.250468 -83.002078 -85.840943 81.061102 38.666466 -33.246564 6.341043 -10.272057 -37.924707 -16.519921
25.866239 40.799989 -35.004246 -1.583884 140.741089 -6.620978 -0.171606 -30.296540 -21.276072 -40.956587 -85.371620 66.022412 -19.132700 9.403586 13.322072 -174.985854 -35.546774 102.459210 -166.379105 36.964741 -120.698732 -93.372074 -50.466424 84.829802 65.062490 -49.892514 -5.863821 8.308975 -59.663103 -13.747973 -83.256331 -86.769207 81.761319 36.387317 -33.591786 5.102783 -8.772154 -37.781775 -13.881647
25.759625 41.443309 -34.947299 -1.332420 141.258803 -6.343453 -0.065250 -29.934216 -21.882731 -41.157012 -86.225360 65.994169 -18.280902 9.247941 13.566512 -175.183834 -35.095858 101.877237 -171.029262 34.312446 -123.038126 -92.976558 -49.908192 84.639602 65.631807 -50.719643 -6.429223 10.145236 -60.620251 -11.732836 -83.340636 -87.735180 82.334433 34.429218 -33.544227 3.926452 -7.411206 -37.316981 -11.203285
25.589509 42.023992 -34.854993 -1.109760 141.701946 -6.198798 -0.066982 -29.630887 -22.206921 -41.310398 -87.023338 65.959431 -17.617245 9.268998 13.885495 -175.238762 -35.060628 101.660037 -175.840392 31.636702 -124.784237 -92.836013 -49.826117 84.546711 65.901954 -52.152381 -7.408366 10.464419 -62.062487 -11.499879 -83.345499 -88.403002 82.783027 32.990807 -33.399864 2.910446 -6.188060 -36.836330 -8.578666
25.361855 42.496971 -34.734344 -0.910577 142.096895 -6.196761 -0.070380 -29.425626 -22.170651 -41.479483 -87.842496 65.863753 -17.060879 9.451541 14.187737 -175.190158 -35.394054 101.787673 -180.792034 29.249568 -126.285922 -91.833676 -50.023581 83.741910 65.145743 -52.601548 -7.918856 9.803303 -62.208455 -12.261227 -83.377765 -88.742565 83.102270 32.090315 -33.299098 2.169078 -5.236160 -36.495118 -6.299865
25.108111 42.848276 -34.586737 -0.670443 142.388435 -6.369571 -0.041992 -29.324977 -21.793568 -41.682274 -88.579494 65.707629 -16.753182 9.773662 14.504854 -174.980444 -36.075222 102.175662 -185.814900 27.140815 -127.664596 -89.934139 -50.239470 82.273378 63.151984 -52.222305 -8.044833 8.807806 -61.200121 -13.288422 -83.440057 -88.731814 83.379589 31.598337 -33.292149 1.693746 -4.534708 -36.316416 -4.376539
24.832041 43.059882 -34.415049 -0.438181 142.365881 -6.728760 0.002009 -29.273511 -21.033484 -41.866157 -89.199033 65.560322 -16.651277 10.106658 14.653502 -174.388964 -37.302354 102.954706 -190.918472 25.185945 -128.708891 -87.710345 -50.391251 80.571630 60.430652 -51.550187 -8.305712 8.098854 -59.789782 -13.937437 -83.544893 -88.584828 83.627436 31.314105 -33.209985 1.491817 -4.243151 -36.127138 -3.095369
24.528608 43.110504 -34.216301 -0.256673 141.731247 -7.243901 0.094489 -28.969356 -20.042324 -42.079153 -89.714043 65.375791 -17.213853 10.509776 14.822660 -173.535313 -39.093100 103.975430 -196.102681 23.452486 -129.607716 -85.680666 -50.274253 78.827780 58.004309 -51.506747 -8.898020 8.235823 -59.139200 -13.698343 -83.687958 -88.540726 83.828086 30.981601 -33.051320 1.701603 -4.328160 -35.890069 -2.434930
24.186446 42.976970 -33.994348 -0.230695 140.544147 -7.903851 0.162080 -28.402867 -19.050062 -42.298272 -89.822383 65.192120 -18.064957 10.836851 15.094291 -172.411528 -41.337958 104.903550 -201.176884 21.718774 -130.402204 -84.028593 -50.051131 77.078234 56.353032 -52.369448 -9.738364 8.802243 -59.572814 -13.094484 -83.880392 -88.712437 83.936365 30.669626 -32.811785 2.224667 -4.867120 -35.583991 -2.542088
23.812348 42.648334 -33.748996 -0.393301 138.957316 -8.737091 0.096946 -27.556186 -17.860234 -42.515527 -89.917979 65.016304 -19.266365 11.081988 15.565030 -171.109107 -43.795962 105.716425 -206.031072 19.978539 -131.191842 -82.668648 -49.603805 75.469144 56.200306 -53.017598 -10.751230 9.694269 -60.263661 -12.141959 -84.064732 -89.067586 83.988733 30.645102 -32.639862 2.648956 -5.811501 -35.352407 -3.326557
23.390689 42.110342 -33.465967 -0.782192 137.186112 -9.597941 -0.058687 -26.622266 -16.808880 -42.688132 -89.746022 64.901113 -20.777029 11.258476 16.382837 -169.709997 -46.355756 106.288481 -210.615686 18.116085 -131.556246 -82.032758 -49.453920 74.557273 57.970445 -52.841960 -12.037548 10.090195 -60.796846 -11.741508 -84.202538 -89.785521 83.922589 31.014485 -32.616937 2.873145 -7.186452 -35.340942 -4.845171
22.932448 41.358251 -33.117213 -1.197239 135.538930 -10.277398 -0.081278 -25.856514 -15.879109 -42.858655 -89.507997 64.803995 -22.610296 11.476740 17.797269 -168.635554 -48.983648 106.626445 -214.929811 16.316992 -131.683793 -82.124023 -50.321023 74.621599 60.579516 -51.134153 -13.068624 7.572617 -59.823619 -14.525572 -84.148142 -90.937958 83.713606 31.557714 -32.620939 3.010953 -8.934233 -35.535500 -7.080522
22.393319 40.464959 -32.719357 -1.630954 133.852460 -10.790108 0.214761 -24.877832 -15.331442 -42.945996 -89.313521 64.787971 -24.855760 11.999634 19.049532 -168.226248 -51.605979 106.589644 -219.023171 14.684613 -131.362037 -82.355518 -51.438663 74.821096 62.567907 -48.917381 -13.435122 4.065577 -58.093443 -18.345830 -83.776580 -92.610685 83.308746 31.715321 -32.393531 3.370093 -10.840644 -35.729853 -9.756579
21.796543 39.480276 -32.291514 -2.140928 131.773173 -11.260338 0.711329 -23.272447 -14.578651 -42.927753 -89.828831 64.837504 -27.769253 13.113553 20.481248 -168.481096 -54.403392 106.609868 -223.144725 13.540371 -130.500217 -83.126435 -51.918645 74.830747 64.313949 -47.509437 -13.596278 1.248244 -57.185557 -21.501599 -82.974709 -94.651676 82.736212 31.478378 -31.680145 4.104318 -12.752172 -35.595910 -12.616299
21.168592 38.579664 -31.848163 -2.686618 129.323184 -11.813441 1.147650 -21.002961 -13.451425 -42.693730 -90.934120 65.070768 -30.936136 14.800484 21.922221 -169.116058 -57.211567 107.019290 -227.482988 13.050450 -129.249090 -84.413768 -51.591305 74.513068 66.553944 -47.035842 -12.400282 -0.725856 -57.125206 -23.874144 -81.747631 -96.567755 82.059108 31.167246 -30.551597 5.287549 -14.302656 -34.973055 -14.941616
20.359194 37.991573 -31.353139 -3.215968 127.712981 -11.935435 1.482266 -19.280311 -13.159422 -42.282986 -91.327286 65.468681 -33.138644 16.322791 23.337756 -169.463332 -59.340410 107.385832 -231.458609 12.311074 -127.316680 -85.299425 -51.928528 73.579087 68.088373 -47.204943 -10.161623 -1.952690 -57.325607 -25.447545 -80.339615 -98.514366 80.799362 31.211017 -29.668204 6.644837 -15.014219 -34.204775 -15.877849
19.449998 37.766802 -30.814867 -3.478820 126.769226 -11.498816 2.118604 -17.702676 -13.786145 -41.980371 -91.146921 65.746390 -34.289127 17.513653 24.978318 -169.740747 -60.680842 107.372985 -235.111832 11.282359 -124.751151 -86.414782 -53.364739 73.612610 69.065739 -47.048221 -8.627263 -2.559112 -57.177084 -26.246867 -78.587091 -99.856327 79.097013 32.712645 -29.129637 7.944920 -14.864947 -33.043134 -15.078969
18.478383 37.888293 -30.217926 -3.281469 127.092950 -10.280684 3.036804 -16.981590 -15.467732 -41.720445 -90.240528 66.001313 -34.572635 18.561476 26.827661 -170.039677 -61.332763 106.969382 -238.453187 10.007349 -121.559841 -87.298103 -56.438410 74.269039 68.479299 -47.138445 -8.034970 -3.007152 -57.086991 -26.916990 -76.833898 -100.112781 77.008375 36.184020 -29.221578 9.126242 -13.951563 -31.722090 -12.515353
17.520286 38.291063 -29.618411 -2.795359 128.311592 -8.696483 4.017468 -16.398196 -17.758362 -41.556934 -89.469543 66.193788 -34.169568 19.576803 29.497497 -170.696481 -61.216615 106.227152 -241.662721 8.871897 -118.190235 -87.645582 -60.459106 74.732911 66.072948 -47.686974 -7.589823 -3.090894 -57.095901 -27.208555 -75.359301 -98.930468 75.028802 41.721944 -30.108867 9.358554 -12.561090 -30.438482 -8.658751
16.624900 38.940117 -29.050421 -2.322755 129.944677 -7.246389 4.601333 -15.662891 -19.947713 -41.249391 -89.305707 66.539245 -33.352671 20.803098 32.580019 -171.464932 -60.812958 105.621280 -244.701745 8.060620 -114.818239 -87.648122 -64.865945 75.041014 62.152263 -48.320235 -7.406666 -2.678772 -56.910010 -26.832021 -74.275773 -96.493825 73.753687 48.864826 -31.497192 7.789065 -10.978595 -29.259383 -4.532520
15.754382 39.810485 -28.466069 -2.453491 131.359632 -6.445467 4.398746 -14.768942 -21.274318 -40.606001 -89.423022 67.216124 -31.546680 22.299833 35.579166 -171.358996 -60.499248 105.464090 -246.415030 8.883766 -111.467451 -87.627236 -69.167932 75.237655 57.767281 -48.388260 -7.382418 -1.587319 -56.062015 -25.423680 -73.757328 -93.543423 73.169091 55.443647 -33.247681 5.922627 -10.028089 -29.230529 -2.212836
14.995875 40.821189 -28.009252 -2.732346 131.678643 -6.270506 3.853553 -12.574338 -22.314961 -39.912712 -90.182731 67.908459 -29.535029 24.031995 38.830595 -171.464522 -60.114353 105.333921 -249.461239 9.433240 -106.291411 -87.612865 -72.886731 75.396799 52.470630 -47.980808 -7.030882 0.105950 -54.502929 -23.070656 -73.465084 -90.716879 73.156886 59.727901 -35.703199 4.505352 -10.664030 -31.160962 -3.266938
14.293530 41.933545 -27.601788 -3.303903 130.888718 -6.630260 3.172572 -9.401600 -23.155441 -39.347555 -90.680460 68.447757 -26.514492 25.507802 42.317793 -171.549517 -59.285209 104.975254 -252.256918 10.182102 -101.038620 -87.580367 -75.923365 75.382995 46.917048 -47.151415 -5.914370 2.330667 -52.522867 -19.905169 -73.472065 -87.678435 73.539807 61.946797 -37.728039 4.132715 -11.083307 -33.033971 -3.881195
13.649665 43.086714 -27.232058 -4.115087 129.156896 -7.431942 2.526787 -5.428679 -23.921812 -38.860471 -90.614562 68.892068 -22.675017 26.477397 45.736022 -171.648705 -58.503712 104.102164 -254.215160 9.587182 -96.009913 -87.560081 -78.022262 75.341590 42.031075 -45.953100 -4.414525 5.055675 -50.556415 -16.035426 -73.645251 -84.683841 74.144627 62.057460 -39.309450 4.670640 -11.492195 -34.728831 -4.434961
13.029333 44.177179 -26.911053 -5.342178 126.803254 -8.683631 1.891446 -0.977941 -24.905209 -38.384850 -89.908048 69.339978 -18.148332 26.818289 48.936502 -171.777099 -57.932988 102.315271 -255.367878 7.675914 -90.525920 -87.661209 -79.390868 75.125421 37.442516 -44.530071 -2.036241 7.753557 -48.767954 -12.146131 -74.062562 -81.763949 74.758128 60.865298 -40.346136 5.638921 -11.794737 -35.970314 -4.743683
12.463978 45.118837 -26.597483 -6.606699 124.544784 -10.065586 1.544803 2.992558 -26.043113 -37.904125 -88.640849 69.867105 -13.398002 26.845813 51.839544 -171.990720 -57.806343 99.637167 -255.816539 4.786896 -84.507765 -87.904678 -80.063327 74.910434 33.576940 -43.146629 1.290079 9.882654 -47.550408 -9.085986 -74.588603 -78.769293 75.674166 59.457910 -40.810804 6.125021 -11.960768 -36.542151 -4.753713
11.933875 45.813927 -26.304690 -7.826639 122.403397 -11.573803 1.402608 6.638010 -26.815777 -37.454794 -87.819670 70.431948 -8.901316 27.081213 54.985212 -172.610505 -58.471528 96.802768 -255.672477 1.613687 -79.505383 -88.829943 -80.180082 75.135981 32.115099 -44.867519 3.045596 10.984263 -49.432336 -7.772661 -75.320259 -75.656749 76.791776 57.950330 -41.158853 6.327779 -12.268733 -36.993466 -4.985137
11.439937 46.252431 -26.034824 -8.937521 120.597563 -13.171619 1.281049 10.080601 -27.209332 -37.107789 -88.177558 70.897603 -4.709800 27.500271 58.895622 -173.565475 -59.439059 94.265094 -255.167343 -1.453983 -75.942647 -89.958502 -79.873079 75.730528 31.880618 -47.245641 3.777438 10.882309 -51.631582 -8.068917 -76.388440 -72.256810 78.340125 57.127009 -41.985327 5.454753 -12.278225 -37.713364 -4.748443
10.958142 46.434783 -25.739388 -9.739951 119.452017 -14.602248 0.916594 12.930078 -27.268634 -36.836607 -89.627334 71.217597 -0.733860 27.414960 63.713992 -174.234916 -60.664381 92.212683 -254.632649 -5.219280 -72.911136 -90.993556 -79.439348 76.751881 32.826186 -48.748317 3.169956 10.147953 -52.672240 -9.042678 -77.716604 -68.715712 80.339854 56.912343 -43.247914 3.461824 -12.136311 -38.835964 -4.307659
10.462522 46.404490 -25.435156 -10.365246 119.016442 -15.884435 0.303380 15.081034 -27.223529 -36.595682 -91.700214 71.344454 2.903550 26.717427 68.754132 -174.593282 -61.494850 90.383238 -254.319908 -10.299551 -69.882145 -92.022271 -78.945485 78.142179 35.252382 -49.691645 0.624083 9.865827 -53.222589 -9.392207 -79.259947 -65.110049 82.689740 57.286477 -44.404962 0.491768 -11.799558 -39.963929 -3.533302
9.933585 46.182098 -25.140874 -10.912138 119.128676 -16.999144 -0.617368 16.720259 -26.961508 -36.318315 -94.185440 71.293849 6.059612 25.554726 73.677531 -175.119015 -62.015789 89.096642 -253.901463 -14.438581 -68.082383 -93.083368 -78.814652 79.449874 38.095189 -50.359275 -2.770718 9.803437 -53.996446 -9.495771 -80.884569 -61.622937 85.038457 57.983259 -45.430057 -2.854481 -11.484020 -41.252912 -2.798885
9.394418 45.760483 -24.860384 -11.406256 119.510579 -18.023752 -1.774592 18.196220 -26.474346 -35.986860 -96.923813 71.047375 8.695404 23.977765 78.312251 -175.897097 -62.507405 88.355231 -253.589296 -17.761263 -67.672667 -94.148714 -78.716223 80.650785 41.554478 -50.573630 -6.398186 9.815585 -54.935826 -9.517083 -82.254022 -58.237041 87.074038 58.479171 -46.073646 -6.139558 -11.101806 -42.372530 -1.965263
8.864213 45.148520 -24.549775 -11.580449 120.019278 -18.737000 -2.608170 19.332161 -25.507478 -35.723925 -99.280037 70.535418 10.602956 22.269849 82.681270 -176.793368 -63.623321 88.250012 -253.253333 -19.766556 -68.416830 -95.075721 -78.614221 81.742304 45.335411 -50.291455 -9.453199 9.699403 -55.836083 -9.691877 -83.143667 -54.908796 88.887050 58.771749 -46.408820 -9.401488 -10.487299 -43.281854 -0.765482
8.328701 44.335112 -24.193184 -11.528139 120.538441 -19.122989 -3.306974 20.024185 -24.557078 -35.349074 -100.798368 70.041479 11.852403 20.685863 86.673332 -177.372472 -65.195399 88.973978 -252.232138 -19.546330 -69.293198 -95.896628 -79.072526 82.709732 48.233027 -49.703041 -11.097627 7.853069 -55.928079 -11.872369 -83.636028 -51.801589 90.330126 59.128866 -47.024473 -12.668300 -9.642286 -44.607764 0.717917
7.779842 43.338322 -23.775971 -11.056790 121.167050 -18.846440 -3.879238 19.981218 -23.971906 -34.881657 -100.903402 69.603193 12.433141 19.185996 90.710322 -177.384070 -66.834856 90.817002 -250.524372 -17.224238 -70.236570 -96.421057 -79.891664 83.546266 49.935168 -48.879108 -10.686620 5.558105 -54.876475 -14.473792 -83.553711 -49.031903 91.521639 59.643568 -47.760245 -15.907671 -8.673215 -46.260086 2.316025
7.196923 42.175040 -23.315143 -10.440917 121.780989 -18.084978 -4.355646 19.157193 -23.634428 -34.294984 -99.471494 69.419249 12.426747 18.197950 95.037103 -176.589855 -68.869057 93.473557 -247.159028 -11.997912 -69.423313 -96.849507 -81.351986 84.235289 50.804190 -48.132469 -9.237037 2.566638 -53.601132 -18.021065 -82.829048 -46.628680 92.239492 60.090119 -48.262178 -18.732704 -7.781173 -47.637964 3.828935
6.485502 40.852994 -22.804963 -10.036963 122.014841 -17.067688 -4.649746 18.306381 -23.335275 -33.945128 -97.346820 69.285480 12.151683 18.066330 99.429529 -175.298622 -71.450069 96.313447 -243.833819 -7.562846 -67.865695 -97.412192 -83.453348 84.562537 51.133258 -48.223980 -7.223270 -0.571397 -53.257283 -22.150855 -81.001030 -44.785735 91.624570 59.880016 -48.017814 -19.921534 -7.850958 -47.615585 3.881730
5.785986 39.474756 -22.270703 -9.835578 121.969461 -16.177120 -5.217828 17.686932 -22.685003 -33.313052 -95.773425 69.726362 12.168044 19.177441 103.258656 -173.459744 -73.877976 99.356802 -241.487731 -5.820771 -66.220159 -98.141281 -85.538134 84.591565 51.717947 -49.532576 -5.770646 -3.356147 -54.561740 -26.501930 -77.873411 -43.144051 89.705293 58.661906 -46.696490 -19.424868 -8.459429 -45.619353 2.986459
5.019989 38.080093 -21.766913 -10.302203 121.798611 -15.757415 -5.899930 17.623959 -21.572924 -32.441455 -95.814877 70.650370 12.825966 21.577797 106.376474 -171.735749 -76.198137 101.718394 -240.959238 -8.538549 -64.732032 -98.895552 -87.549563 84.342297 53.248647 -51.001818 -5.239542 -5.540003 -56.452459 -30.467585 -75.246452 -41.074090 87.537002 59.148134 -44.147484 -17.914748 -8.922852 -43.033532 2.192276
4.057948 36.973154 -21.103060 -11.392333 121.294037 -14.900170 -7.629761 18.411021 -22.162565 -30.930337 -95.628837 72.108698 14.127334 23.066386 107.513420 -169.318190 -76.456919 104.270911 -240.870665 -13.198494 -61.420647 -99.063745 -90.724856 84.026865 55.161014 -51.468709 -5.109548 -6.970047 -57.412487 -33.288235 -74.623539 -40.684978 85.582666 61.993898 -42.264791 -16.211780 -9.278720 -41.964228 1.712555
2.813548 36.303329 -20.161929 -12.491496 121.246376 -12.744752 -9.817897 18.374578 -24.439947 -29.240849 -93.955010 73.599202 16.038724 23.453913 106.647858 -165.879217 -77.075864 108.066795 -239.765895 -16.046531 -57.765560 -98.260372 -95.283099 83.339147 58.881804 -50.913098 -6.652358 -6.871327 -57.559678 -34.114701 -75.296203 -43.753703 84.014380 65.398064 -43.061081 -14.133324 -11.389556 -44.028680 -1.240912
1.511974 35.953640 -19.086128 -13.508938 122.493268 -10.038060 -11.472230 17.089103 -25.630254 -27.906990 -92.795039 74.644952 18.056713 22.976309 105.078130 -162.303026 -81.044914 112.592260 -238.186591 -16.750887 -56.858664 -96.478157 -98.753634 81.584834 67.183469 -49.330061 -9.904321 -4.932317 -57.454937 -32.803244 -74.751496 -47.658949 82.639210 67.732288 -42.885522 -11.571060 -13.579046 -44.753052 -4.371703
0.442082 36.011829 -18.071732 -14.395879 124.672836 -7.791601 -11.980917 16.810926 -24.422380 -28.084932 -94.592936 74.096856 19.730719 21.795135 103.953232 -159.335227 -86.780217 116.192583 -237.122967 -16.436500 -59.731514 -94.004242 -97.738108 79.744050 82.190631 -45.976787 -15.287837 0.419101 -57.147257 -27.337166 -75.572587 -51.387048 83.753699 70.797848 -42.085795 -12.107491 -14.519307 -45.317707 -5.688421
-0.290303 36.406571 -17.343582 -15.624355 127.813767 -6.428439 -11.456176 16.654025 -22.263430 -29.194513 -96.956844 72.385805 21.142763 19.941314 102.823608 -156.952310 -92.268554 118.141072 -236.265642 -15.958650 -63.332082 -92.756646 -92.425259 79.560912 97.303421 -41.072072 -19.924608 7.830719 -56.847460 -18.646691 -76.467690 -54.706373 84.972123 72.486503 -41.741642 -13.807115 -14.271440 -46.027108 -5.306544
-1.183965 36.681790 -16.554625 -17.402859 130.439264 -4.445269 -11.242453 16.781780 -21.294576 -29.566414 -100.377211 71.390032 22.188614 18.576106 102.400395 -155.164399 -96.867498 118.686695 -235.346189 -15.511243 -66.415120 -92.559418 -88.389840 79.853463 105.862994 -36.670251 -19.039422 10.562051 -55.851843 -15.180666 -77.362356 -59.117507 84.858769 73.750463 -41.863449 -14.109447 -14.856532 -47.067206 -6.082543
-2.060789 37.097902 -15.848282 -19.267062 132.358862 -1.982587 -11.146983 17.844479 -20.981120 -30.144456 -104.737276 70.145291 22.383449 16.847418 103.717707 -153.655747 -99.282749 118.644088 -234.001735 -14.612976 -68.674164 -92.456323 -84.495184 80.303005 112.822711 -36.682279 -18.531983 9.091789 -57.970650 -17.314680 -77.935027 -64.523930 83.185325 72.501611 -42.880160 -12.269736 -15.458340 -47.737264 -6.852992
-2.806704 37.907404 -15.054670 -20.974883 134.499539 1.369264 -11.525636 17.739369 -20.889102 -30.396667 -108.228562 69.221426 22.268467 15.710429 105.893989 -151.150256 -102.218931 118.939043 -232.261375 -12.296063 -71.249412 -91.435428 -80.542253 81.063479 115.862370 -37.594533 -16.624219 8.097107 -59.362752 -18.745034 -78.438760 -71.406247 81.830468 69.213394 -43.669064 -10.320178 -15.271984 -47.428871 -6.471668
-3.468567 38.953325 -14.299735 -22.914948 137.523031 4.980317 -12.360656 16.528226 -19.982868 -30.504735 -112.396821 68.835685 21.983901 15.460555 109.370194 -148.677468 -104.926097 118.761799 -230.563253 -9.560482 -73.927365 -89.547120 -76.948836 81.463373 114.663235 -38.390492 -13.320280 7.006265 -59.111244 -19.979109 -79.288606 -78.441267 80.848601 65.570888 -44.146713 -8.577543 -14.468134 -46.783135 -5.189062
-4.091233 40.232357 -13.623712 -25.597339 141.105097 8.627029 -13.969154 13.461895 -19.121367 -30.247100 -115.577620 69.376718 21.502440 15.849218 114.567988 -145.522658 -108.123165 118.665384 -228.955208 -6.314604 -76.762577 -87.344835 -74.308538 81.979257 112.309490 -39.793273 -11.462461 6.017587 -59.552474 -21.231221 -80.600009 -85.633702 79.782374 62.720808 -44.406212 -8.094891 -13.238163 -46.300186 -3.271921
-4.602083 41.847104 -12.889334 -28.711411 145.060732 13.000031 -15.232387 9.521175 -19.037776 -30.839131 -117.282626 69.728998 20.822733 16.579898 121.359211 -144.544807 -106.847306 119.310537 -227.564923 -6.358171 -74.891344 -85.096548 -73.484899 83.225104 109.953164 -41.504269 -11.619224 5.365129 -60.668363 -22.237470 -81.484669 -93.493658 78.322162 60.932398 -44.352284 -9.727824 -11.331514 -45.859618 -0.340869
-4.939529 43.802914 -12.031845 -32.031798 148.521275 18.316460 -15.929364 5.139582 -20.294396 -31.858417 -116.509462 70.172359 20.627962 17.814923 128.273534 -143.688520 -104.355339 120.403148 -226.052733 -6.642666 -71.909386 -83.020444 -74.336726 85.274160 108.231772 -42.279728 -13.331214 4.900759 -61.336069 -22.928346 -81.588365 -102.273654 76.292236 58.303219 -43.762702 -11.134901 -8.385676 -44.286728 4.217413
-5.139237 45.822667 -11.047354 -34.479444 149.808001 24.750558 -15.527289 2.681853 -22.510381 -32.972721 -115.007012 71.156897 21.837634 19.940732 134.800354 -143.589072 -101.483818 120.848559 -224.509110 -7.246740 -68.338146 -80.837891 -75.305520 87.718767 107.524875 -41.349190 -14.270036 4.279010 -60.514971 -23.487076 -81.685320 -111.805928 75.678769 53.187195 -41.824930 -9.421245 -4.283575 -40.124903 10.153622
-5.188696 47.668876 -10.234175 -36.021926 149.226069 31.102342 -15.035669 2.145035 -24.145398 -33.144975 -112.207673 72.368962 24.256647 21.632585 138.978845 -143.304459 -99.023857 121.138555 -222.774884 -7.214599 -65.467821 -79.126601 -73.964747 90.172383 108.422191 -39.895804 -14.667276 3.549451 -59.614219 -24.150893 -81.986469 -118.296595 76.674850 50.681950 -38.090797 -5.048120 1.121349 -35.268378 17.192057
-5.224103 49.273938 -9.651695 -36.874077 148.120329 36.706697 -13.994063 2.051331 -24.027262 -33.023118 -108.471764 73.093973 28.088005 23.199267 140.998163 -142.831686 -98.722564 121.036853 -221.259784 -7.164057 -65.129815 -78.287109 -70.010641 91.949496 109.943465 -38.467909 -13.544692 2.828791 -58.662985 -24.801505 -79.972554 -121.637336 75.834238 54.523979 -39.521718 0.877824 3.026264 -37.034334 21.651430
-5.235489 50.634493 -9.252342 -36.889435 146.317214 41.717791 -14.094181 2.947473 -22.667154 -31.626525 -104.845555 74.322000 33.158837 24.546947 139.957966 -141.476659 -99.145995 121.867801 -219.813888 -7.474179 -64.301832 -78.505539 -63.836007 92.657492 111.309960 -37.649652 -10.988683 2.304226 -58.067434 -25.343890 -76.642912 -121.971100 75.283404 60.447174 -39.909024 8.637399 4.321032 -38.264099 25.046439
-5.244569 51.823024 -8.908459 -36.589644 144.891904 46.370018 -14.837981 4.693653 -21.102158 -29.673132 -103.134873 75.920175 38.769752 26.097948 137.936066 -139.817729 -98.754017 122.982774 -218.306930 -7.517520 -64.338230 -79.715582 -57.164640 93.343243 112.886580 -36.822509 -8.424425 2.041693 -57.584765 -25.633256 -72.200864 -119.842076 74.227634 67.623941 -38.538099 17.279019 5.032433 -38.473387 27.322869
-5.258599 53.009733 -8.631579 -36.609831 143.863660 50.665500 -15.748272 7.111712 -20.079689 -27.852123 -103.670319 77.589480 44.425818 28.383179 137.082566 -138.104444 -97.814859 124.102338 -216.409080 -6.561310 -64.679610 -81.691590 -51.217604 93.383904 113.924229 -36.208738 -5.531441 2.115849 -57.194375 -25.580793 -66.674285 -116.557383 71.473135 74.741879 -38.895708 25.229344 4.103550 -41.590941 29.421214
-5.258315 54.265398 -8.429945 -37.178168 143.279856 54.832851 -16.075743 8.869591 -20.160149 -26.648605 -102.922352 78.578827 49.771507 30.717854 137.157357 -136.429450 -96.737643 125.244045 -214.369572 -4.830110 -65.102010 -84.098630 -46.700735 93.054415 114.624685 -35.611114 -2.695755 2.328713 -56.764111 -25.372759 -60.988706 -112.766778 67.336957 81.080281 -38.400075 32.253724 2.491022 -45.716471 31.376765
-5.262887 55.584373 -8.331365 -37.685255 142.729138 59.023209 -15.782006 10.239504 -20.436742 -26.025777 -100.853043 78.969247 54.825720 32.942040 138.020897 -135.394621 -96.181023 125.826592 -212.558246 -3.203140 -65.345499 -86.484818 -43.168257 91.668310 115.142168 -35.481989 0.321255 2.460399 -56.682586 -25.379794 -55.590165 -108.360473 62.777990 86.296688 -37.200468 37.208241 0.474713 -50.626800 33.223638
-5.299257 56.876134 -8.292956 -38.003261 142.030970 63.075301 -15.524135 11.751065 -20.891687 -25.388134 -98.289291 79.190299 59.200699 34.150738 138.792982 -134.704417 -95.592992 126.155588 -210.793599 -1.448486 -64.584582 -88.643520 -40.057700 89.514540 115.874610 -35.796752 3.002538 2.662506 -56.871389 -25.388276 -51.533685 -102.636180 59.088697 89.864608 -36.338693 39.281692 -1.781974 -56.562962 34.927788
-5.349758 58.127040 -8.283047 -38.059911 141.638589 66.938463 -14.748523 13.542612 -21.220640 -25.104627 -95.893862 79.054187 62.439363 34.262561 139.843233 -134.730276 -95.509274 125.742717 -209.653189 0.247060 -64.009077 -90.206568 -36.998995 87.286314 116.969845 -36.184006 5.271676 2.758665 -56.832102 -25.456129 -49.318802 -95.471981 57.600966 91.169522 -35.752513 37.854759 -4.037206 -62.839666 36.164240
-5.380122 59.380249 -8.380728 -39.306796 141.149097 70.092323 -15.155387 14.937564 -21.289592 -23.915352 -93.922259 80.002047 66.515968 35.147706 140.881558 -134.397701 -94.103170 125.835662 -207.969425 2.439803 -62.887915 -91.342442 -34.627874 85.157446 118.139883 -36.467920 6.714499 2.913266 -56.443136 -25.362951 -49.481886 -87.787602 58.153487 91.447497 -34.502226 33.558133 -6.078927 -67.355719 36.225732
-5.374668 60.635456 -8.445256 -40.387475 140.946773 73.267603 -15.105382 16.322586 -20.871666 -22.852266 -91.914935 80.996632 70.725571 36.619533 142.646561 -134.613562 -93.666837 125.341211 -206.460991 4.426033 -63.108783 -91.537738 -32.235211 83.089210 119.478819 -36.756448 8.161085 3.020135 -55.793906 -25.258890 -50.502282 -81.089980 60.625831 90.927836 -30.188364 29.626939 -8.212676 -68.440702 34.632590
-5.324009 61.908859 -8.537006 -41.468069 140.635234 76.287093 -15.097495 18.070997 -19.778109 -22.408321 -90.543310 81.419086 74.585010 37.649335 144.558932 -135.034670 -94.023906 124.552830 -204.836991 6.947811 -64.305418 -90.972662 -29.848558 80.844428 120.647287 -37.169326 9.347262 3.034231 -55.047104 -25.244029 -52.300879 -74.933193 63.968574 89.112303 -27.810633 24.006213 -9.556138 -69.933084 33.842119
-5.260925 63.167042 -8.646679 -42.485279 140.337820 79.205203 -14.809018 19.961699 -18.370332 -22.588890 -89.298180 81.287126 78.038852 38.272436 146.619723 -135.704685 -94.473326 123.456899 -203.466322 9.300612 -66.057608 -89.614076 -27.246231 78.602882 121.622679 -37.500669 10.470306 2.933738 -54.056033 -25.306841 -54.200481 -69.421626 67.289439 87.794384 -25.142848 19.035469 -10.252030 -70.035414 33.295632
-5.181360 64.420890 -8.774179 -43.687160 140.056512 81.980479 -14.254998 21.824022 -16.779077 -23.082981 -87.893183 80.887786 81.467314 39.185953 148.739021 -136.626063 -94.420207 122.151308 -202.568480 11.084746 -67.770599 -87.664426 -24.505860 76.686488 122.364082 -38.043047 11.300552 2.801791 -53.131266 -25.433587 -56.230704 -64.438757 70.671482 87.322985 -25.916991 12.885825 -11.165977 -71.872223 32.888682
-5.100886 65.700187 -8.863454 -45.187148 139.801951 84.558309 -13.475113 23.536538 -14.838857 -23.454296 -86.837236 80.547335 84.871972 40.648809 151.574643 -137.689824 -94.376146 120.695084 -201.952848 12.948110 -69.022682 -85.547969 -21.535312 75.824922 123.090814 -38.848135 11.571368 2.542989 -52.302713 -25.765263 -57.429118 -59.967695 73.081098 88.348353 -25.973316 9.370075 -12.955667 -72.497793 31.204795
-5.001184 66.984166 -8.938205 -46.908185 139.554890 86.921254 -12.519446 25.346694 -12.349240 -23.831548 -86.673755 80.128036 87.702060 41.946405 155.228357 -138.815057 -94.718891 119.099306 -201.468942 15.293538 -70.234145 -83.258141 -18.331929 75.777664 123.366139 -39.474802 11.688015 2.294773 -51.366759 -26.072898 -58.047012 -55.593218 74.954858 90.454709 -26.494715 7.156742 -15.318770 -73.203980 28.884402
-4.872377 68.290490 -9.005374 -48.732867 139.232819 89.202469 -11.473899 27.102317 -9.195031 -24.317446 -87.041766 79.592229 90.247365 42.915130 159.170810 -140.033331 -95.834015 117.212535 -201.256442 17.705483 -71.804228 -80.950890 -15.085410 76.228907 123.154007 -39.639583 11.869460 2.003259 -50.133548 -26.356004 -58.391670 -50.704562 76.393405 93.510686 -27.665254 5.618803 -16.085710 -74.289638 28.320442
-4.671144 69.591011 -9.089647 -50.511476 138.812421 91.501305 -10.370339 28.601605 -5.630835 -24.942084 -87.314222 78.872757 93.046185 43.943050 163.451877 -141.296219 -97.665811 114.913288 -201.354824 20.615509 -73.567025 -78.583205 -11.996006 76.964375 121.980294 -38.562681 12.483115 1.501652 -47.951616 -26.549123 -58.295016 -45.344786 77.390012 96.902790 -28.760390 4.975359 -15.294482 -75.287461 29.378454
-4.470835 70.824455 -9.230209 -53.397289 138.162282 92.912190 -8.918808 29.090681 -1.454991 -25.942165 -87.404435 77.836938 96.081719 44.653116 166.981378 -142.672352 -99.651517 112.173194 -202.173149 23.451036 -74.824210 -76.577492 -9.297321 78.662455 120.015248 -37.048339 13.116123 0.890102 -45.496051 -26.739238 -58.183376 -39.823257 79.047214 100.295461 -30.800837 3.404259 -14.782358 -77.087318 30.253025
-4.239063 72.053832 -9.410273 -56.505335 137.245043 94.258059 -10.133693 29.166933 0.850357 -25.406758 -86.883585 78.410763 98.509558 44.936702 170.161445 -142.508782 -101.075660 110.865288 -203.460912 25.997298 -76.399539 -75.037203 -7.004925 80.529938 117.445431 -35.730202 13.618951 0.191153 -43.385058 -27.208595 -57.745807 -34.737922 80.682395 102.856570 -31.811678 2.240311 -15.763296 -78.082012 29.422891
-3.992985 73.224739 -9.602382 -60.228034 136.212591 95.101881 -9.346962 29.507322 3.341282 -26.271675 -86.671344 77.740414 100.160045 44.786824 172.012591 -143.773214 -100.423336 108.272179 -205.187953 28.138298 -78.366790 -73.873461 -4.909461 82.940237 114.479073 -34.453759 14.314500 -0.344517 -41.474319 -27.527759 -56.947109 -30.136816 82.908039 103.968846 -31.708665 1.154544 -18.085740 -78.160074 27.070487
-3.678541 74.387797 -9.883425 -63.843363 134.926125 96.201241 -9.046866 30.157061 4.751809 -27.000754 -86.235503 77.234031 101.813423 44.678576 173.554970 -145.096809 -98.231214 105.932860 -207.394009 30.045640 -80.545450 -73.132611 -3.145916 84.860661 111.364718 -33.384363 15.038130 -0.839428 -39.841525 -27.915521 -56.213010 -25.932046 84.989089 103.588343 -31.576046 0.180420 -20.430877 -78.229551 24.680498
-3.316926 75.522202 -10.240587 -67.061905 133.480474 97.613519 -8.433401 31.686487 5.418915 -27.991447 -86.039408 76.713147 102.283647 44.261006 173.939182 -146.845488 -94.137396 103.611839 -209.750096 32.229904 -83.558957 -72.397683 -1.234640 85.938615 108.134687 -32.915942 15.653376 -0.877291 -38.924408 -27.967060 -55.685982 -21.667168 86.841744 102.100652 -31.037571 -0.463729 -21.538267 -77.836187 23.505437
-2.866929 76.554784 -10.737742 -70.025517 131.841775 99.341099 -8.187750 33.357158 5.737220 -28.966392 -86.197957 76.162989 102.742335 43.930230 174.804499 -148.501959 -89.593893 102.039235 -212.225521 34.516921 -87.440970 -71.687384 0.495497 86.378855 104.694116 -32.621933 15.966081 -0.763798 -38.318396 -27.921943 -55.436783 -17.866742 88.243975 99.556195 -30.353227 -0.994989 -22.065587 -77.227474 22.899804
-2.323126 77.479986 -11.321794 -72.912911 130.065749 100.999920 -7.593219 34.652674 6.571375 -30.049571 -86.724169 75.408423 102.942760 43.713484 176.229973 -150.529542 -85.595780 100.884216 -215.029272 36.384674 -91.653858 -71.018470 2.312078 86.720378 101.134877 -32.372993 15.926808 -0.746852 -37.888705 -28.079891 -55.208528 -14.526655 89.262404 96.154727 -29.642656 -1.443137 -22.540753 -76.522079 22.319554
-1.698319 78.285335 -11.966537 -75.927689 128.132546 102.723129 -7.577414 36.088076 6.429006 -30.705792 -87.355053 75.187644 102.154297 43.406590 176.686530 -152.259738 -80.183696 100.838679 -218.111095 37.278981 -95.870495 -70.468421 3.849070 87.090963 97.400526 -32.553720 15.443681 -0.775066 -38.018086 -28.640648 -54.800015 -12.009259 89.782126 92.332505 -29.047019 -1.820322 -23.162734 -75.924396 21.628653
-0.998456 78.955082 -12.701878 -78.440194 126.064842 104.811766 -7.914767 37.755623 5.753794 -31.184062 -87.845645 75.207684 100.867209 42.930478 175.944157 -154.099709 -74.573003 101.638583 -221.020933 37.182402 -100.454092 -69.681419 5.333995 87.105860 93.232540 -32.683627 14.617880 -0.644425 -38.385240 -29.105977 -54.246465 -9.910534 89.573826 87.947667 -28.522506 -2.328123 -24.164140 -75.336112 20.513363
-0.224141 79.487127 -13.501866 -80.492789 123.936624 107.341764 -6.385123 39.430583 3.728743 -32.773464 -86.645499 74.600474 98.549296 41.649278 172.033108 -157.512864 -67.483362 100.967668 -223.458777 34.261318 -104.404680 -68.695229 6.738541 86.966210 88.735639 -32.449542 13.507443 -0.395215 -38.575331 -29.205687 -53.876980 -7.931041 88.858569 83.915294 -29.533550 -3.185323 -24.637220 -76.064135 20.081396
0.638122 79.875973 -14.358616 -82.464221 121.635765 110.107246 -7.305641 40.663029 1.935649 -33.032038 -86.848137 75.127737 96.749548 40.145591 169.732933 -159.842409 -62.197308 102.847274 -225.524063 32.203772 -108.569969 -67.399173 7.875522 86.857924 84.210113 -32.132738 12.398257 0.021279 -38.745034 -28.906436 -53.173405 -6.096364 87.789958 80.395493 -30.743856 -4.407756 -24.379646 -76.814445 20.393941
1.548349 80.105685 -15.284275 -84.355527 119.095618 112.980550 -8.777999 40.757924 0.151027 -33.013378 -86.682074 75.855937 95.603695 38.522663 167.743722 -161.897599 -58.587594 105.472246 -227.625644 30.037922 -111.930818 -65.884797 8.769364 86.744277 79.729590 -32.190658 11.362021 1.062984 -39.419699 -28.022309 -51.587237 -4.278508 86.451829 77.551914 -31.200953 -5.916351 -24.251372 -76.816235 20.512098
2.580104 80.148238 -16.304885 -85.692428 116.478822 116.053862 -9.729752 39.191427 -0.092388 -33.379729 -86.192315 76.107889 95.094839 37.115453 167.105373 -164.114214 -59.002480 108.655619 -230.362582 28.484723 -114.137775 -64.190050 9.857861 86.489080 75.513233 -32.647071 10.474434 2.490995 -40.581975 -26.867985 -49.394832 -1.971216 85.134080 75.697081 -31.373258 -7.951926 -24.284454 -76.555759 20.428862
3.691804 80.028523 -17.378410 -86.308121 113.783206 120.129053 -11.162198 38.032826 -1.195975 -33.064806 -86.526114 77.006695 94.440104 35.621117 166.628516 -165.537995 -58.174176 111.621895 -232.914587 25.964517 -115.431044 -62.964618 10.769803 86.147680 71.498202 -32.560516 9.130437 4.413064 -41.134801 -24.299631 -46.704994 0.536370 83.637476 74.885723 -32.172049 -10.681389 -24.636357 -77.014317 20.089938
4.890719 79.687275 -18.525666 -85.853743 111.096510 125.393285 -12.796845 37.004165 -2.449903 -32.415955 -87.448886 78.140137 93.585182 33.923210 165.564414 -166.631535 -57.171385 114.792804 -235.479869 23.577786 -116.263111 -62.527889 11.420758 85.766385 67.702686 -33.852350 7.681468 6.054068 -42.924611 -22.642890 -42.960377 3.780333 81.841888 75.535342 -33.579095 -14.281588 -24.857980 -78.426431 19.975382
6.189666 79.095696 -19.737717 -84.426698 108.422457 131.667551 -14.350513 35.539339 -3.601893 -31.431960 -88.058111 79.455488 93.269006 32.344781 164.513371 -167.789908 -56.698309 118.053263 -238.568918 21.901903 -116.321755 -62.156764 11.899644 85.123739 64.031903 -35.825001 6.941652 6.858592 -45.250956 -22.398139 -38.438198 7.245368 81.085554 77.619007 -34.468208 -19.764006 -25.313123 -80.413183 19.643361
7.547705 78.304662 -21.022684 -80.993292 105.667944 140.061061 -16.407750 34.253897 -5.379472 -29.773075 -88.589842 81.361616 93.215874 30.725671 162.745690 -168.888202 -55.272708 120.998304 -242.002673 20.531875 -115.725780 -62.471512 12.229075 84.974964 61.197238 -36.887369 5.584958 7.671651 -46.576747 -21.753920 -32.703373 11.144295 81.592367 80.837727 -33.563386 -26.895019 -25.542362 -82.437986 19.529268
8.978572 77.252301 -22.351720 -75.597572 102.432661 150.619741 -19.558131 31.424368 -6.910500 -26.909957 -88.565656 84.354899 94.702649 29.964388 162.030419 -169.360606 -54.741439 125.219456 -246.122834 20.188622 -114.383368 -62.530443 12.415947 85.581608 59.648185 -37.159852 4.133683 8.957268 -47.120953 -20.167611 -25.782639 14.453189 83.587179 83.863590 -31.505699 -34.786167 -25.559111 -85.158771 19.624658
10.462260 75.941056 -23.708133 100.911503 83.083282 332.694007 -17.753130 25.081687 -8.055082 -27.397866 -84.376633 84.583055 96.228507 28.531438 157.418047 -170.975003 -53.874698 123.866560 -248.722076 16.197857 -112.461722 -61.534875 11.760002 89.373736 60.767626 -37.233325 3.035572 9.453895 -47.364254 -19.389217 -21.751156 12.847630 85.504194 82.716521 -32.020723 -38.070511 -24.776539 -86.868374 20.456314
11.995045 74.342421 -25.116899 1.947250 86.645376 239.392612 -13.548248 16.663068 -9.393596 -28.607213 -80.365269 84.510115 96.026709 26.544668 154.768863 -172.549826 -53.757533 121.455885 -249.730321 10.690016 -110.439207 -59.839649 10.625459 95.633713 63.000634 -38.061359 4.152553 8.709406 -48.125247 -20.441247 -16.908862 7.274646 86.989071 80.179222 -34.355947 -40.802587 -23.254274 -89.169417 22.011669
13.546827 72.447952 -26.527235 281.079496 88.837060 523.770051 -13.506516 16.828785 -12.400979 -29.398582 -77.133886 85.627384 98.553011 25.235397 149.092538 -173.613901 -54.755793 121.322656 -252.354781 10.549427 -107.998432 -58.717046 10.990108 94.141467 60.675863 -41.373826 1.473184 9.836357 -51.602742 -19.822594 -13.353150 12.537800 87.321230 83.583552 -31.702282 -43.809960 -24.364150 -92.774275 20.875876
15.117253 70.258821 -27.953491 477.349299 100.964054 725.424064 -5.190764 6.712832 -14.640456 -34.297009 -69.992316 83.004700 98.208339 22.715901 145.529147 -176.982018 -59.553102 116.831902 -252.596542 4.400386 -106.439291 -57.854086 9.418187 102.486319 62.830316 -43.553524 3.438153 7.539918 -53.532571 -22.966463 -5.867416 4.550847 87.192501 80.324917 -35.076163 -46.429758 -22.454858 -95.360861 22.720144
16.643479 67.757620 -29.365065 460.302841 107.359516 713.703842 -6.348453 1.312825 -17.481685 -34.195779 -67.166653 85.923274 100.951869 22.279519 141.066506 -174.898509 -60.619903 117.316285 -254.603388 6.363843 -101.655372 -59.652461 7.644480 107.310229 62.245146 -46.463632 3.683875 7.392102 -56.582431 -23.797223 -4.015313 1.198158 87.398821 78.883446 -35.776889 -46.583577 -21.046133 -96.559996 24.060880
18.112368 64.948524 -30.771362 448.654281 111.562397 707.475748 -8.990597 -0.217690 -20.079846 -32.306440 -66.739711 89.707015 103.546057 22.569882 138.914245 -171.496447 -59.689891 118.310665 -256.317602 7.737724 -96.283531 -61.540462 6.385240 109.742856 60.213131 -48.171203 3.601433 8.210874 -58.763177 -23.230739 -3.005951 0.322956 87.078061 78.197770 -36.004171 -46.405866 -20.236823 -97.688241 24.786184
19.495141 61.849240 -32.120678 439.534066 114.911485 704.041911 -10.803329 -0.309359 -22.862793 -30.633385 -65.824896 92.844291 106.567480 23.598174 137.581334 -168.525560 -58.840447 118.344215 -257.371063 7.392822 -91.243384 -63.398362 5.042030 110.921937 57.683161 -48.661645 4.162473 8.565007 -59.943099 -22.936475 -1.785515 0.043637 85.881487 77.278843 -36.888728 -46.089478 -19.642868 -98.953609 25.271111
20.762672 58.448948 -33.436019 431.279154 117.741615 701.795599 -12.367550 0.427566 -26.098832 -28.621158 -64.489089 95.994279 110.329610 25.742600 137.617370 -166.071610 -57.357668 117.520167 -258.086211 7.319250 -86.352941 -65.922534 3.513320 111.081101 55.048524 -47.888382 5.239224 8.279694 -60.128587 -23.142477 -0.366168 0.075664 83.862934 76.176663 -37.945946 -45.905695 -19.320390 -100.216258 25.467532
21.890611 54.821791 -34.666802 423.919871 120.224375 700.549335 -13.694667 1.863458 -29.185815 -26.999866 -63.203920 98.848854 114.072874 27.809009 138.401120 -164.559392 -55.043094 116.125100 -258.555800 8.334532 -82.491890 -68.857951 1.983142 110.537316 52.821504 -45.706338 7.032556 8.456010 -59.477376 -22.637182 2.044107 0.350626 81.152681 74.481594 -38.579473 -45.532496 -18.882761 -100.617094 25.857168
22.890849 50.976013 -35.793116 417.132930 122.326284 700.008985 -14.846891 3.550110 -32.088140 -25.777144 -61.947808 101.613025 117.469022 29.269369 139.841307 -164.784611 -52.783067 114.073551 -258.881518 9.943495 -79.796212 -72.148231 0.426579 109.209131 51.338396 -42.738809 9.369150 9.113619 -58.707047 -21.577392 4.303373 0.742893 78.358075 72.658207 -37.904879 -45.438708 -18.733513 -100.177681 26.046430
23.755500 46.923465 -36.835071 410.722935 124.286644 699.975818 -16.185673 5.674267 -35.147624 -25.005358 -60.939685 104.889719 121.517931 30.528391 141.437850 -166.464059 -49.044648 110.079768 -259.383810 11.057906 -76.877679 -75.963014 -1.213641 107.417381 51.257551 -39.227467 11.958050 10.198196 -57.887492 -20.049926 5.253173 1.147571 75.618363 71.607806 -35.645586 -45.908352 -18.424466 -99.464131 26.421441
24.522242 42.705111 -37.790303 404.657371 126.676418 700.461198 -17.611930 6.557496 -37.401081 -24.466624 -59.242732 108.598567 126.346902 31.940089 143.832132 -169.108148 -45.564513 104.760212 -260.034044 11.637804 -73.488266 -82.397647 -3.463838 106.800997 53.510765 -38.059405 14.875889 5.350132 -57.878955 -25.656231 4.034920 0.507941 73.256033 71.662604 -32.226977 -47.184596 -17.559153 -99.105574 27.319788
25.347223 38.531095 -38.516931 398.970884 127.277925 700.895489 -18.459037 8.686750 -38.421901 -24.963906 -58.206886 112.417107 130.041078 31.630876 146.852168 -173.070464 -42.534819 99.332479 -260.121771 9.791944 -71.262669 -89.328971 -2.229609 105.533246 61.219764 -39.902679 20.164930 -2.168961 -58.947271 -34.719853 2.448323 -0.471015 71.016386 72.480294 -27.375309 -49.487804 -23.221643 -95.269111 21.715449
26.413252 35.142943 -39.135372 393.268632 123.676189 699.612288 -16.890221 13.832896 -38.075371 -26.940414 -55.410859 114.522595 132.441698 29.940746 148.988200 -176.768301 -42.479235 93.951465 -260.552483 7.004693 -70.389997 -94.409306 6.509897 99.162319 73.985005 -43.559747 24.969893 -1.638580 -56.259059 -33.272512 0.446404 -0.490425 69.180227 72.215344 -23.963452 -50.750631 -35.147771 -89.971678 9.833518
27.300367 32.488269 -39.813370 390.621524 123.725011 699.430222 -14.250970 13.471982 -35.170990 -30.411591 -50.131000 114.177813 133.071920 26.617203 148.453274 -179.220967 -43.357324 91.041033 -260.175702 5.523820 -71.139180 -94.914426 13.423597 96.127591 84.688765 -48.529239 27.369765 -0.272404 -52.512079 -30.611695 -0.672362 1.909606 75.011822 78.339961 -12.292225 -55.254315 -38.965389 -86.941710 6.011427
28.022813 30.549113 -40.722350 388.469359 126.645450 698.152376 -14.811882 10.336588 -32.308181 -33.338860 -48.179383 114.871419 132.092348 22.511854 147.177831 -179.936334 -41.588137 91.371238 -258.991512 6.837511 -72.339217 -92.303286 16.518013 96.472597 90.264631 -53.294668 26.871101 -1.035222 -49.675416 -31.070319 -1.380297 3.567887 82.716548 85.191536 -2.956815 -59.479090 -38.554762 -85.292855 6.422121
28.809363 28.734941 -41.663923 385.319849 130.151522 695.589634 -17.433325 8.929303 -27.613859 -36.773732 -53.276165 117.356638 129.573237 18.064437 147.960353 -181.164771 -37.129834 93.353420 -257.947886 8.371787 -74.395383 -91.497002 18.219241 98.685824 94.023667 -58.845454 23.715626 -3.654188 -47.456554 -34.356958 -2.716522 3.369712 90.372521 89.434244 3.265803 -61.989465 -38.297806 -82.322576 6.679043
29.509649 27.230341 -42.148289 384.344935 131.795576 696.421114 -15.429496 7.815441 -27.700870 -40.961491 -53.423814 117.106161 129.114986 15.423474 147.991567 -183.548261 -34.873918 90.718812 -257.953186 5.499765 -75.116972 -89.661369 18.578125 100.454638 98.096652 -63.392488 21.207119 -5.816032 -45.231832 -37.009325 -3.893133 2.373500 92.893373 91.961428 6.234897 -63.078703 -39.714128 -80.542069 5.268816
30.083911 26.297130 -42.419257 384.132544 132.050028 697.647488 -12.458708 7.155244 -28.045737 -44.494704 -52.473191 115.409734 129.047818 13.844133 149.071488 -185.051381 -33.418384 88.754900 -257.557964 3.297465 -75.800388 -86.596348 20.740378 101.061917 103.051674 -67.003493 18.712659 -5.117641 -40.826558 -34.664402 -4.074809 2.637561 93.879045 93.926159 8.204282 -62.875853 -40.632225 -79.487508 4.372373
30.720686 25.669324 -42.751374 383.686450 132.127742 698.372854 -10.703572 6.336450 -27.031555 -47.022615 -52.124578 114.584271 129.830913 13.000830 150.679683 -186.217622 -32.135016 88.057244 -256.703125 2.669466 -76.869865 -84.048859 21.874941 102.009647 107.028907 -70.049997 15.223585 -5.292808 -36.903837 -33.919324 -3.882691 3.862132 95.409376 96.125924 9.702694 -62.123842 -40.689496 -78.655359 4.374229
31.487426 25.259902 -42.979626 383.228254 131.648440 698.986588 -9.697921 5.955473 -25.931150 -49.474803 -52.550461 115.139928 130.974219 12.082557 151.516286 -187.303909 -30.280465 87.541298 -255.838013 2.051024 -77.905595 -82.007144 22.867595 102.958838 110.443005 -72.152916 11.429656 -5.187774 -33.579624 -33.166627 -3.166326 5.279085 96.177594 98.127306 10.092528 -61.177519 -41.080702 -78.157650 4.058504
32.190027 25.122769 -43.122916 382.940512 130.917528 699.799162 -9.134219 5.518978 -25.777776 -51.838151 -52.448029 116.486199 132.438393 11.167681 151.121241 -188.030477 -27.917777 87.006672 -255.022051 0.765633 -78.580596 -80.710112 22.833983 103.787299 113.012023 -73.684156 7.561223 -5.040348 -31.750380 -33.546150 -2.022358 6.465308 95.906579 99.896728 9.289900 -60.553022 -41.504047 -77.940962 3.717281
32.722466 25.206697 -43.182129 382.762708 130.265737 700.909914 -8.426209 4.689205 -26.238638 -54.170794 -51.853977 117.471071 133.983231 10.373195 150.215285 -188.763766 -25.510372 86.698009 -254.165081 -0.714529 -79.383587 -80.036744 21.575466 104.225258 114.807202 -74.681042 4.010083 -4.738862 -31.267421 -34.887886 -0.716244 7.138527 94.659954 101.277123 7.689929 -60.589625 -41.952542 -77.472643 3.343774
33.191695 25.501775 -43.193163 382.644081 129.415501 701.915373 -7.375934 3.663249 -25.945782 -56.464901 -51.506989 117.983568 135.228579 9.578443 149.519248 -189.680938 -23.864433 87.594902 -253.196670 -1.510073 -80.646236 -79.639712 20.416658 104.294134 116.082234 -75.126207 0.757798 -3.780329 -31.404506 -35.709349 0.343516 7.288558 93.376486 102.207374 5.745953 -61.267610 -42.066623 -76.411280 3.300185
33.656098 25.986282 -43.164791 382.485157 128.496103 702.613746 -6.494166 2.514679 -25.289592 -58.372279 -51.713063 118.883978 136.384384 8.832193 149.283019 -190.452421 -22.511513 89.200679 -252.206292 -2.043563 -81.690770 -79.055137 18.831817 103.915044 116.446065 -75.489744 -2.312293 -2.557358 -32.187765 -36.614079 0.884326 6.739254 92.249785 102.507752 3.514733 -62.364012 -41.832873 -74.598384 3.602498
34.081976 26.627843 -43.148002 381.850605 127.451767 702.813461 -6.367032 1.587220 -24.760377 -59.844779 -52.631867 120.646208 137.226806 7.914293 149.095189 -190.959412 -20.811207 90.932617 -251.153733 -2.458431 -82.086347 -78.628222 16.690262 102.954611 115.898543 -75.726143 -5.298910 -1.574625 -33.063621 -37.793312 1.053737 6.131213 91.136259 102.458616 1.071087 -63.798693 -41.497501 -72.551683 4.001242
34.470334 27.407527 -43.143777 380.920388 126.312614 702.512441 -6.125235 0.587092 -24.338764 -61.349579 -53.760416 122.290302 137.665222 6.769260 149.166004 -191.481430 -19.820145 92.563140 -250.028855 -2.481502 -82.030340 -78.521289 14.552732 101.742068 114.731674 -75.837974 -8.155130 -0.643593 -33.684891 -38.490349 1.277695 5.661627 89.804229 102.140110 -1.800451 -65.425651 -41.227473 -70.584575 4.329274
34.793124 28.285245 -43.134140 379.794117 125.309068 701.910018 -5.838015 -0.487979 -24.387672 -62.943048 -54.861124 123.856492 138.049120 5.630824 149.115406 -192.387933 -19.361013 94.048563 -248.891547 -2.043794 -81.897868 -78.732670 12.117448 100.518535 113.045546 -76.294210 -10.904765 0.130842 -34.391693 -39.266344 1.651406 5.328353 88.181786 101.762060 -5.049306 -67.268996 -40.770492 -69.061805 4.854335
35.061197 29.233510 -43.132495 378.418271 124.505087 701.122142 -5.813638 -1.363755 -24.959417 -64.560806 -56.336172 125.612438 138.516701 4.572134 148.712684 -193.655520 -18.923937 95.221409 -247.832485 -1.967482 -81.973335 -79.587973 9.623451 99.580231 111.096162 -77.061753 -13.509622 0.933620 -35.137963 -39.800632 2.212981 5.275917 86.414700 101.394445 -8.492683 -69.286928 -39.741630 -68.037119 5.989091
35.296812 30.233013 -43.145851 377.121464 123.965434 700.221650 -5.565213 -2.308872 -25.694480 -66.299383 -57.880553 126.941607 138.721169 3.466484 148.140574 -195.092455 -18.878908 96.200721 -246.821426 -2.187455 -82.016242 -80.886522 7.133196 99.098340 108.891732 -78.232775 -16.048264 2.005405 -36.039561 -39.720842 3.003385 5.416145 84.590902 101.167027 -12.253011 -71.354126 -38.294190 -67.672039 7.595155
35.506200 31.218607 -43.198022 375.899516 123.791469 699.214170 -5.300076 -3.549405 -26.266862 -68.100155 -59.045264 127.792430 139.077350 2.557439 147.561674 -196.338856 -19.108619 97.148636 -245.757965 -2.579105 -81.666557 -82.380442 4.767733 99.284395 106.557856 -78.928976 -18.362120 3.211738 -36.285202 -38.320472 3.674907 5.676170 82.832901 101.158558 -15.897622 -73.572318 -37.083300 -67.985620 8.981902
35.679810 32.111964 -43.258085 374.941650 124.056084 698.316355 -4.998815 -5.024187 -26.895536 -70.013182 -60.067764 128.300377 139.409284 1.737334 146.619873 -197.643804 -19.756168 97.927981 -244.631968 -3.077326 -81.131459 -83.460390 2.519868 100.217419 104.348208 -78.736577 -20.108118 3.935700 -35.322528 -36.225937 3.560154 5.714668 81.140844 102.066529 -18.895406 -76.057114 -36.514758 -69.480181 9.759539
35.787553 32.816088 -43.319945 373.978812 124.537844 697.628582 -4.733770 -6.473856 -27.162067 -72.067047 -61.345481 128.604034 139.767800 1.046088 145.485802 -199.157593 -20.693021 99.004097 -243.423571 -3.416860 -80.637200 -83.709788 0.272962 101.205570 102.722241 -77.694098 -20.632601 2.826448 -32.648745 -35.502282 1.904820 5.355199 79.562456 104.479512 -20.740385 -78.895570 -36.338652 -72.167342 10.204614
35.797390 33.261253 -43.327026 372.939421 125.049549 697.148393 -4.582107 -7.651846 -27.653228 -73.900769 -62.815180 129.001250 140.239862 0.563668 144.207901 -200.631438 -21.586500 99.958603 -242.142801 -3.775194 -79.877990 -81.573851 -2.232759 101.549094 102.358321 -75.630213 -18.486469 1.251089 -27.511918 -33.030740 1.353991 5.178970 78.241764 105.014206 -19.753964 -80.335285 -36.383181 -71.319941 10.160988
35.725665 33.467574 -43.232226 372.301208 125.767538 697.459412 -3.933810 -9.096296 -28.658347 -75.540431 -63.477647 128.920299 140.839990 0.297221 143.101151 -202.087730 -22.809256 100.711945 -240.750317 -4.161708 -78.752197 -79.622254 -5.183510 101.440904 102.609638 -74.994610 -14.918906 0.530724 -23.500306 -30.216989 2.859051 5.137881 76.544776 102.502131 -16.375486 -79.980825 -37.506748 -65.216524 8.612670
35.595920 33.424296 -43.088469 371.263156 126.138677 697.784311 -3.602192 -9.891317 -30.117917 -76.727183 -63.897212 129.159792 141.666798 0.285572 141.900704 -203.496921 -23.487800 101.006962 -239.315594 -5.023946 -77.556422 -79.289829 -8.611340 101.147575 102.685440 -74.949407 -11.109023 0.192398 -20.453316 -27.937337 3.805359 5.670065 74.148540 100.884776 -12.165661 -80.007224 -38.395499 -59.624321 7.337552
35.470807 33.176074 -42.931451 369.779448 126.089814 697.900151 -3.634992 -10.102178 -31.350561 -77.556907 -64.634565 129.860269 142.419512 0.275770 140.805210 -205.063316 -23.638650 101.255581 -237.828662 -6.128873 -76.502784 -79.853586 -12.913319 100.342446 101.414751 -76.502784 -8.565184 -1.011277 -19.271181 -31.043517 2.640449 6.218947 70.309503 103.637226 -10.630757 -81.777951 -39.580789 -59.409491 6.257239
35.420784 32.805330 -42.802705 368.194980 125.824775 697.600551 -3.941648 -9.890969 -31.624117 -78.325126 -66.121367 131.012864 142.847778 0.048357 139.544754 -206.838701 -23.235843 101.921913 -236.250069 -7.273007 -75.526934 -80.300970 -16.608114 99.424858 98.607817 -78.646480 -8.185290 -2.432430 -19.033241 -36.434743 1.477910 7.010181 66.674381 106.383126 -13.002535 -83.926571 -42.648493 -61.819707 3.102840
35.471980 32.370452 -42.770113 367.118952 125.963278 697.298438 -4.036410 -10.021382 -30.857511 -79.388627 -68.311891 132.207805 142.839951 -0.466414 137.999013 -209.070834 -22.922024 102.980476 -234.579377 -8.516765 -74.570742 -81.471979 -16.947730 99.839361 97.771187 -79.382890 -6.680650 -3.143007 -18.213400 -37.954292 2.234826 8.150527 67.345085 108.130111 -10.806043 -84.563466 -43.577044 -61.601387 2.208531
35.587375 31.965250 -42.801542 365.975524 125.685917 696.500016 -3.821376 -9.592347 -29.733152 -80.575789 -70.239049 133.137189 142.793000 -0.878258 136.385914 -211.743118 -22.738403 104.070500 -232.946470 -10.256678 -73.815063 -82.475811 -15.551151 99.844928 97.452367 -79.766781 -4.509881 -3.001195 -17.269575 -37.235043 3.166859 8.897384 68.992185 109.466035 -7.765944 -85.649186 -44.038686 -60.363054 1.840841
35.654656 31.781249 -42.844872 365.314853 125.780147 696.001904 -3.470294 -9.523353 -29.216363 -81.781372 -70.658642 133.390494 142.906778 -0.972981 134.844969 -214.304425 -22.255471 104.941041 -231.301761 -12.413785 -72.991472 -82.692137 -15.057273 99.449713 96.556602 -80.393533 -2.891103 -2.479291 -16.927661 -37.043429 3.983155 9.181510 70.029165 110.921234 -6.047074 -86.894691 -44.442586 -59.187831 1.588590
35.659849 31.791484 -42.849240 364.842641 125.926982 695.701813 -3.168438 -9.680494 -29.412058 -82.646334 -69.548162 133.156669 143.062055 -0.918113 133.897854 -216.517625 -21.376006 105.877228 -229.596099 -14.780039 -72.050914 -83.051460 -15.107948 99.290528 95.335787 -80.664582 -1.685450 -1.920581 -16.559051 -36.899230 4.983030 10.418152 70.135989 112.876184 -5.815994 -87.833152 -44.857360 -59.111995 1.352794
35.589084 31.860854 -42.803659 364.590662 126.121875 695.703780 -2.729931 -9.834275 -29.726612 -83.452870 -68.593650 132.803248 143.057137 -0.949044 133.231132 -218.710539 -20.197414 107.062846 -227.919437 -17.301679 -71.447098 -83.752114 -15.822721 99.691433 93.909487 -80.559779 -0.748151 -1.688936 -16.108624 -37.413300 6.217301 11.634091 69.672417 114.540285 -5.939996 -89.180899 -45.243043 -59.313691 1.120060
35.529861 31.989038 -42.742266 364.547632 126.345427 695.809293 -2.142181 -10.129647 -29.728306 -84.044665 -67.901909 132.491805 142.991936 -1.023593 133.243986 -221.053089 -18.985510 108.598573 -226.192315 -19.734688 -71.001681 -84.058612 -16.697386 99.888074 92.351568 -80.529009 0.040776 -1.387817 -15.935168 -37.946130 7.471850 12.163729 69.314945 115.603028 -5.933128 -90.767067 -45.457163 -58.985145 1.057262
35.510151 32.122950 -42.739019 364.283003 126.537095 695.718916 -1.824795 -10.315877 -29.375237 -84.269897 -67.785290 132.692544 142.966788 -1.068546 133.756196 -223.545166 -17.720446 109.955322 -224.505203 -22.453415 -70.667596 -84.428481 -17.138282 99.880834 90.876650 -80.442888 0.882237 -0.883671 -15.902315 -37.981801 8.572531 12.558533 69.362968 116.443824 -5.697150 -92.312664 -45.570664 -58.424666 1.117365
35.492224 32.278032 -42.771739 363.877099 126.789143 695.328011 -1.692937 -10.535571 -29.128503 -84.272541 -67.588335 133.169865 142.983481 -1.106603 134.470046 -226.168928 -16.636408 110.970227 -222.889522 -25.538158 -70.376480 -85.096862 -17.462499 100.014125 89.392423 -80.103700 1.730081 -0.362195 -15.814403 -37.779535 9.450785 12.939252 69.451399 117.213054 -5.543609 -93.772657 -45.652295 -57.955617 1.221673
35.458087 32.471323 -42.819371 363.509716 127.141553 695.035842 -1.692504 -10.921692 -29.051250 -84.221328 -67.029803 133.654057 142.981910 -1.213636 135.045353 -228.854053 -15.689429 111.925115 -221.326160 -28.822667 -70.114959 -85.967957 -17.931992 100.338225 87.778886 -79.615280 2.507736 0.134469 -15.755267 -37.670133 10.110542 13.182472 69.392427 117.880459 -5.647697 -95.191780 -45.659873 -57.503609 1.416069
35.419857 32.666745 -42.879948 363.151323 127.478979 694.747554 -1.771199 -11.233875 -28.885471 -84.333999 -66.810779 134.238912 142.850292 -1.467993 135.199770 -231.647614 -14.707103 112.926495 -219.815158 -32.118305 -69.928829 -86.981803 -18.362779 100.781968 86.100094 -78.971788 3.301668 0.586380 -15.705986 -37.596889 10.608686 13.460318 69.305253 118.544995 -5.877175 -96.410634 -45.681955 -57.200963 1.599981
35.369508 32.859284 -42.944445 362.854565 127.778182 694.555653 -1.748355 -11.472664 -28.583336 -84.663965 -66.883733 134.787704 142.588149 -1.820490 135.112698 -234.691693 -13.693834 114.103016 -218.308364 -35.238309 -69.771168 -87.940591 -18.756519 101.146953 84.380075 -78.288646 4.165396 1.069464 -15.794000 -37.571081 11.015843 13.786540 69.180473 119.143935 -6.220474 -97.531782 -45.618919 -56.990122 1.868987
35.295033 33.050937 -43.004860 362.557888 128.078164 694.261135 -1.789073 -11.580605 -28.347860 -85.079193 -67.088700 135.398733 142.365485 -2.104209 134.853944 -237.725608 -12.533928 115.057965 -216.856594 -38.468916 -69.563530 -88.821467 -19.219384 101.352678 82.589930 -77.586694 5.101252 1.636627 -16.062102 -37.526193 11.464796 14.149403 69.042011 119.637348 -6.499590 -98.667239 -45.516439 -56.759149 2.184567
35.207459 33.233678 -43.071164 362.100840 128.369266 693.964869 -2.067698 -11.506384 -28.146204 -85.378533 -67.441780 136.262397 142.322305 -2.183109 134.763375 -240.589916 -11.145399 115.573248 -215.550771 -41.949529 -69.371117 -89.654859 -19.715138 101.319053 80.753743 -76.901803 6.124279 2.335499 -16.562155 -37.461890 11.910335 14.627045 68.994500 120.105284 -6.595701 -99.834969 -45.344212 -56.629628 2.587907
35.118663 33.401606 -43.154320 361.794219 128.647719 693.661936 -1.960054 -11.586018 -27.838024 -85.840171 -67.683384 136.775945 142.000330 -2.514007 134.822784 -243.767594 -9.944050 116.527726 -214.252980 -45.240506 -69.167741 -90.404732 -20.059135 101.247979 78.929646 -76.140497 7.279009 3.066727 -17.205673 -37.458243 12.459080 15.057103 69.006781 120.439034 -6.705182 -101.042362 -45.254095 -56.540296 2.891737
35.043680 33.569617 -43.248085 361.427137 128.992876 693.326711 -1.955267 -11.342111 -27.666316 -86.540737 -68.118754 137.366702 141.792350 -2.694343 134.555328 -246.612422 -7.911745 115.899185 -212.685985 -49.986176 -68.803610 -91.267289 -20.425191 101.234612 77.067845 -75.254150 8.460316 3.866368 -17.869797 -37.418167 12.897620 15.428033 68.960902 120.731448 -6.889409 -102.297956 -45.106525 -56.533602 3.243951
34.951853 33.745706 -43.327274 361.248487 129.329195 693.126122 -1.879538 -11.337497 -27.466919 -87.176348 -68.313257 137.849296 141.531096 -2.900794 134.344234 -249.833567 -6.553862 116.273684 -211.803620 -53.400591 -68.870095 -92.271034 -20.741461 101.451785 75.135100 -74.160138 9.718426 4.595556 -18.583876 -37.489495 13.308780 15.637090 68.869200 120.885346 -7.181532 -103.458426 -44.914542 -56.446015 3.643515
34.857003 33.909864 -43.400568 361.109588 129.677002 693.022248 -1.814927 -11.486779 -27.388471 -87.671939 -68.153438 138.237879 141.259992 -3.105448 134.363973 -252.945674 -5.226132 116.545335 -210.991565 -56.941508 -68.848560 -93.420766 -21.028863 101.807487 73.191289 -72.888623 11.114079 5.311439 -19.328829 -37.583123 13.660770 15.762128 68.714121 120.994588 -7.476405 -104.562198 -44.770855 -56.408313 3.988799
34.772984 34.054017 -43.473858 360.943232 130.001285 692.813845 -1.783026 -11.523964 -27.308713 -88.156528 -68.084897 138.713929 141.027929 -3.259613 134.405788 -255.999588 -3.986529 116.416394 -210.390686 -60.673738 -68.903146 -94.651266 -21.233779 102.163640 71.184860 -71.490668 12.646080 6.051034 -20.184749 -37.771329 13.927131 15.883492 68.623771 121.041156 -7.742916 -105.537727 -44.569249 -56.356724 4.396142
34.688978 34.169077 -43.556208 360.827556 130.332167 692.710464 -1.677883 -11.821621 -27.019906 -88.606050 -67.897142 139.049906 140.644264 -3.563197 134.647522 -259.011456 -2.679280 116.584130 -209.758880 -64.384546 -68.788509 -96.009906 -21.292722 102.567639 69.186060 -69.948445 14.393859 6.802529 -21.146973 -38.104973 14.244116 16.041644 68.631626 121.114472 -7.953087 -106.422045 -44.430326 -56.438400 4.731462
34.609978 34.260113 -43.653607 360.663331 130.640386 692.511405 -1.641893 -11.971569 -26.686825 -89.125766 -68.025747 139.567703 140.279245 -3.846936 134.799083 -262.132743 -1.465712 116.549979 -209.316584 -68.139743 -68.762458 -97.601197 -21.236110 103.019750 67.128971 -68.216917 16.284607 7.591789 -22.182451 -38.461594 14.584713 16.280967 68.744631 121.165029 -8.039911 -107.254502 -44.319820 -56.596293 5.032853
34.532856 34.348237 -43.755011 360.529268 130.970926 692.312127 -1.605938 -12.067944 -26.421591 -89.711529 -68.194221 140.121918 139.954579 -4.068798 134.922901 -265.405360 -0.397296 116.354158 -209.115927 -71.896969 -68.876782 -99.462273 -21.087232 103.640696 65.043652 -66.301316 18.313829 8.340049 -23.249482 -38.903204 15.054321 16.593311 68.922667 121.214124 -8.113028 -108.125535 -44.156668 -56.815566 5.391169
34.448742 34.445371 -43.853468 360.376900 131.259761 692.115964 -1.587221 -12.158244 -26.268773 -90.219190 -68.133275 140.628513 139.668790 -4.275428 135.196382 -268.757699 0.613493 116.190657 -209.025795 -75.638601 -69.003700 -101.571791 -20.895343 104.340135 62.890032 -64.154382 20.452175 9.071192 -24.313718 -39.343423 15.511839 16.942580 69.045453 121.261225 -8.214815 -109.044824 -43.996175 -57.091007 5.742029
34.365589 34.540505 -43.938922 360.245350 131.497056 692.023183 -1.504404 -12.219641 -26.198779 -90.723463 -67.947528 141.075918 139.391880 -4.475413 135.559406 -272.178749 1.571111 116.041526 -209.036696 -79.397616 -69.157318 -103.915120 -20.629425 105.138024 60.708873 -61.801129 22.750474 9.808856 -25.395231 -39.752995 16.021354 17.255414 69.140140 121.186831 -8.286948 -110.004035 -43.858724 -57.308613 6.054143
34.279232 34.627757 -44.013333 360.163634 131.697440 691.929472 -1.340996 -12.233432 -26.203959 -91.337121 -67.732309 141.458723 139.105449 -4.699915 135.814446 -275.630508 2.544681 115.866632 -209.131008 -83.153523 -69.313648 -106.437590 -20.298629 105.975029 58.482327 -59.296663 25.247386 10.543811 -26.563171 -40.309038 16.624093 17.583446 69.202111 121.052303 -8.335248 -110.993525 -43.730460 -57.548558 6.348628
34.204862 34.696943 -44.078750 360.134428 131.886267 691.937887 -1.195562 -12.235686 -26.217876 -91.950226 -67.520696 141.894311 138.818008 -4.914348 136.019174 -279.092567 3.548569 115.648777 -209.287474 -86.955678 -69.474000 -109.209110 -19.820562 106.930593 56.296130 -56.601802 27.907417 11.240681 -27.714321 -40.875175 17.268771 17.907212 69.264047 120.926641 -8.344546 -111.981928 -43.605113 -57.871804 6.641729
34.146270 34.746186 -44.122085 360.195845 132.078947 692.044875 -1.045173 -12.278408 -26.219107 -92.536434 -67.304547 142.415345 138.581055 -5.096258 136.256209 -282.565363 4.567393 115.347920 -209.468296 -90.852540 -69.624271 -112.249323 -19.125573 108.085462 54.227112 -53.674427 30.749976 11.848942 -28.779863 -41.469941 18.065753 18.163695 69.337676 120.731353 -8.296325 -112.970591 -43.518765 -58.169934 6.885068
34.085924 34.802367 -44.185504 360.165792 132.259483 692.052908 -0.956527 -12.314990 -26.177730 -93.098128 -66.980598 142.879798 138.354538 -5.283967 136.571627 -286.138372 5.636026 115.047611 -209.692026 -94.775787 -69.804663 -115.590788 -18.270961 109.228187 52.176887 -50.586403 33.631633 12.440349 -29.800279 -42.016250 18.829715 18.512622 69.523580 120.554628 -8.199319 -113.939515 -43.389169 -58.532522 7.183176
34.031770 34.851508 -44.237999 360.154099 132.398204 692.062361 -0.960072 -12.343222 -26.105243 -93.622120 -66.687296 143.465637 138.108365 -5.498309 136.895637 -289.750558 6.822226 114.668863 -209.938910 -98.757473 -70.014193 -119.143839 -17.249019 110.379661 50.229850 -47.375664 36.576817 12.989810 -30.746646 -42.542298 19.635213 18.866378 69.713104 120.346649 -8.154959 -114.869138 -43.254396 -58.844019 7.480116
33.978676 34.893686 -44.282522 360.110823 132.510232 692.069355 -1.009494 -12.191264 -26.091497 -94.260394 -66.576408 144.209008 137.934072 -5.640653 137.061106 -293.594698 7.894542 114.132447 -210.320854 -102.754828 -70.379533 -122.817033 -16.121886 111.490776 48.421236 -44.130679 39.578621 13.478810 -31.639055 -43.043244 20.431958 19.240674 69.881086 120.088878 -8.060663 -115.789260 -43.173236 -59.222214 7.710292
33.931777 34.926805 -44.320115 360.107435 132.600869 692.077059 -0.953237 -12.145503 -26.057308 -94.888540 -66.288304 144.785667 137.679839 -5.875180 137.365431 -297.549132 9.073510 113.690643 -210.716527 -106.818565 -70.815203 -126.520881 -14.873859 112.521103 46.736454 -40.805712 42.609732 13.926757 -32.458241 -43.521904 21.280814 19.600604 70.069169 119.830519 -7.962795 -116.719559 -43.084553 -59.615612 7.947343
33.883028 34.964895 -44.351763 360.083475 132.689880 692.085583 -0.963008 -12.064838 -26.049242 -95.503325 -66.001423 145.423825 137.475643 -6.083137 137.718675 -301.582905 10.323829 113.093500 -211.096258 -111.004494 -71.326409 -130.265887 -13.577981 113.461402 45.154907 -37.484686 45.590437 14.351517 -33.219229 -43.935479 22.161406 19.992683 70.257593 119.561655 -7.843995 -117.680334 -42.996464 -60.056542 8.184056
33.836474 35.001897 -44.374456 360.079677 132.737937 692.194702 -0.930747 -11.937653 -26.095646 -96.179760 -65.678197 146.055372 137.251531 -6.316631 138.040964 -305.806912 11.576165 112.433151 -211.540234 -115.202588 -72.010295 -133.961456 -12.226237 114.331663 43.725256 -34.183516 48.512416 14.711159 -33.883944 -44.321794 23.060173 20.407325 70.423246 119.272424 -7.777337 -118.631151 -42.912764 -60.511883 8.410366
33.793952 35.040955 -44.389157 360.105195 132.818875 692.301363 -0.888366 -11.865399 -26.150901 -96.872833 -65.250054 146.614641 137.009155 -6.580153 138.394987 -310.183096 12.945233 111.650452 -211.950223 -119.481770 -72.800637 -137.606906 -10.808708 115.182808 42.454096 -30.934391 51.254962 14.989880 -34.404489 -44.638387 23.963177 20.761209 70.560546 118.954055 -7.773606 -119.582310 -42.816260 -60.912249 8.647847
33.759620 35.070919 -44.396910 360.141204 132.838327 692.409389 -0.790180 -11.775966 -26.218695 -97.572230 -64.717408 147.107521 136.716905 -6.892778 138.768052 -314.759760 14.429350 110.856900 -212.394650 -123.762836 -73.794054 -141.113006 -9.357112 115.884418 41.353705 -27.817836 53.894352 15.233646 -34.847751 -44.888369 24.861299 21.181900 70.727121 118.695328 -7.710280 -120.423393 -42.755123 -61.398080 8.852260
33.726289 35.099933 -44.400653 360.136067 132.870621 692.515339 -0.730184 -11.684460 -26.313415 -98.234868 -64.153221 147.616685 136.466606 -7.200384 139.272748 -319.527806 15.893104 109.861831 -212.885044 -128.064449 -75.040256 -144.469771 -7.917173 116.498288 40.438326 -24.772890 56.377286 15.404611 -35.150923 -45.079433 25.755301 21.679546 70.929438 118.477445 -7.633578 -121.234997 -42.714371 -61.952199 9.040574
33.695130 35.118889 -44.405441 360.110686 132.890496 692.522661 -0.680378 -11.577627 -26.385642 -98.942482 -63.626873 148.187948 136.226607 -7.509778 139.756380 -324.485567 17.357710 108.695910 -213.389999 -132.367331 -76.547159 -147.677706 -6.505279 117.033761 39.618311 -21.907258 58.655219 15.548289 -35.401813 -45.254446 26.680997 22.159951 71.162231 118.199142 -7.571595 -122.056806 -42.662157 -62.468015 9.231151
33.669011 35.141870 -44.406227 360.134865 132.902668 692.627518 -0.552533 -11.528733 -26.373126 -99.702498 -63.089385 148.697412 135.978917 -7.862532 140.321647 -329.565753 18.890097 107.351470 -213.820779 -136.689871 -78.245684 -150.645396 -5.126898 117.460539 38.945428 -19.204390 60.764498 15.652302 -35.570573 -45.372229 27.635927 22.618897 71.403528 117.931836 -7.540714 -122.878641 -42.626162 -63.018986 9.403304
33.642899 35.162880 -44.403977 360.137707 132.937160 692.729971 -0.454109 -11.443502 -26.386558 -100.529989 -62.598274 149.323235 135.783833 -8.177272 140.838637 -334.847210 20.229548 105.767139 -214.237107 -140.981566 -80.246246 -153.393331 -3.813768 117.829861 38.408319 -16.765003 62.677313 15.696541 -35.689313 -45.470096 28.596704 23.090800 71.669865 117.665622 -7.481997 -123.690833 -42.584563 -63.590379 9.582973
33.615846 35.177924 -44.401717 360.120303 132.944236 692.829473 -0.324029 -11.378784 -26.378503 -101.374248 -62.070000 149.907079 135.581714 -8.529123 141.417496 -340.270626 21.564031 104.035051 -214.578507 -145.222020 -82.474322 -155.930774 -2.598446 118.110527 37.922375 -14.440640 64.410986 15.734621 -35.771798 -45.564397 29.560816 23.546713 71.958051 117.370777 -7.402465 -124.532872 -42.578262 -64.194230 9.721850
33.590013 35.189900 -44.395494 360.093447 132.959481 692.929467 -0.218181 -11.307450 -26.403700 -102.214990 -61.427894 150.504489 135.430780 -8.861935 141.995589 -345.833870 22.735065 102.104300 -214.823369 -149.352113 -84.929065 -158.268037 -1.469324 118.372164 37.563599 -12.301903 65.968774 15.740268 -35.790980 -45.624824 30.529381 24.021033 72.257049 117.056260 -7.362585 -125.354435 -42.564451 -64.803086 9.861410
33.557314 35.195848 -44.389295 360.068203 132.980231 693.030062 -0.150363 -11.281858 -26.423837 -103.042310 -60.747846 151.125421 135.261364 -9.232526 142.583013 -351.456700 23.774975 100.014528 -214.940808 -153.401773 -87.548415 -160.385382 -0.420935 118.583887 37.268606 -10.420844 67.381401 15.720536 -35.817580 -45.707933 31.588177 24.485982 72.608155 116.649973 -7.276695 -126.235638 -42.527176 -65.391541 10.020483
33.542613 35.205910 -44.376110 360.124237 133.020912 693.128362 -0.064853 -11.202890 -26.443521 -104.003051 -60.118485 151.883927 135.146057 -9.568870 143.082737 -357.170645 24.554160 97.867096 -214.950233 -157.229329 -90.353369 -162.241732 0.596352 118.746063 37.046997 -8.668981 68.654596 15.714450 -35.804736 -45.745499 32.602224 24.812100 72.878112 116.273589 -7.271842 -127.106679 -42.487335 -65.941344 10.181548
33.520922 35.204029 -44.368944 360.152023 133.080799 693.223711 0.009148 -11.109934 -26.363480 -105.077795 -59.598776 152.769666 135.045407 -9.909865 143.584892 -362.835495 25.063538 95.569612 -214.840554 -160.914243 -93.237218 -163.926972 1.510294 118.857914 36.873589 -7.131290 69.825386 15.690543 -35.794327 -45.823118 33.606617 25.110936 73.199786 115.827236 -7.222797 -128.007581 -42.462931 -66.516712 10.325607
33.502290 35.202102 -44.361686 360.143717 133.072903 693.318788 0.068512 -11.018798 -26.338097 -106.040497 -58.877098 153.557679 134.947736 -10.283389 144.217122 -368.429829 25.395886 93.270304 -214.650484 -164.537386 -96.155246 -165.451675 2.244743 118.917418 36.681282 -5.746085 70.877413 15.691788 -35.825937 -45.895285 34.562048 25.433511 73.517581 115.399229 -7.204949 -128.838268 -42.474467 -67.058128 10.427681
33.479652 35.200197 -44.357466 360.144373 133.066114 693.415667 0.139145 -10.970674 -26.343227 -107.001696 -58.066027 154.269986 134.777637 -10.731352 144.893188 -373.865103 25.609004 90.988263 -214.388751 -168.077841 -98.930625 -166.816852 2.866492 118.937335 36.499807 -4.429918 71.861513 15.708170 -35.857660 -45.968140 35.466502 25.735548 73.832774 114.989704 -7.228201 -129.628808 -42.488476 -67.613668 10.525291
33.457782 35.198340 -44.352192 360.117954 133.059106 693.513366 0.220719 -10.927047 -26.321748 -107.886390 -57.152974 154.916081 134.573469 -11.233872 145.662650 -379.088476 25.573012 88.684665 -214.134681 -171.564639 -101.584618 -168.074194 3.436622 118.965175 36.351609 -3.277125 72.731481 15.725952 -35.885920 -46.029741 36.410349 26.048339 74.188319 114.518510 -7.240751 -130.429825 -42.490347 -68.121684 10.630033
33.435080 35.197379 -44.348945 360.073694 133.053151 693.515224 0.216230 -10.849201 -26.316584 -108.804770 -56.241181 155.660394 134.376022 -11.762235 146.474158 -384.141696 25.250636 86.485085 -214.006752 -174.979748 -104.308955 -169.222089 3.936136 119.010486 36.210989 -2.265969 73.480609 15.739987 -35.922717 -46.097701 37.330044 26.370541 74.531782 114.093843 -7.257668 -131.260649 -42.474078 -68.692244 10.756847
33.413162 35.198435 -44.342632 360.043751 133.045050 693.617458 0.286088 -10.824801 -26.232335 -109.728901 -55.358345 156.366581 134.095615 -12.377936 147.390414 -389.002824 24.826337 84.303222 -214.033745 -178.341143 -106.907705 -170.221633 4.407630 119.032507 36.165893 -1.296052 74.174188 15.741819 -35.896916 -46.118223 38.225020 26.658141 74.856087 113.657182 -7.352836 -132.082062 -42.468528 -69.258118 10.865954
33.390085 35.201566 -44.338297 360.018697 133.054462 693.620955 0.346603 -10.813999 -26.139501 -110.637207 -54.409280 157.076251 133.772424 -13.045576 148.331765 -393.762864 24.244130 82.235034 -214.234279 -181.518957 -109.500951 -171.152082 4.865966 119.080755 36.155330 -0.417591 74.750096 15.754180 -35.859398 -46.123663 39.112836 26.940441 75.188689 113.238157 -7.465428 -132.863449 -42.478442 -69.814963 10.957584
33.369247 35.204606 -44.335026 360.024489 133.076920 693.628059 0.410705 -10.818794 -25.931418 -111.661585 -53.557651 157.932511 133.447211 -13.750696 149.355405 -398.440451 23.555873 80.169461 -214.638121 -184.485486 -111.954846 -171.963522 5.296810 119.098405 36.149500 0.317467 75.267503 15.748627 -35.840622 -46.167953 40.016111 27.184954 75.549590 112.855209 -7.594158 -133.645205 -42.449827 -70.362205 11.086694
33.349113 35.207664 -44.327616 360.043095 133.072152 693.734773 0.485052 -10.781639 -25.795278 -112.729902 -52.553863 158.746546 133.078928 -14.487014 150.340824 -403.035966 22.779576 78.265594 -215.254286 -187.260633 -114.449505 -172.675214 5.690043 119.121218 36.151409 0.951842 75.711711 15.748089 -35.844208 -46.210400 40.956953 27.465707 75.922593 112.489199 -7.717391 -134.397291 -42.460919 -70.964265 11.174083
33.327546 35.219757 -44.324960 360.028260 133.054093 693.740948 0.536291 -10.698469 -25.597157 -113.830389 -51.540655 159.624813 132.667122 -15.264776 151.361718 -407.510123 21.851729 76.405105 -216.110395 -189.822118 -116.949176 -173.317239 6.011866 119.128826 36.193896 1.600456 76.101613 15.760889 -35.823038 -46.227636 41.837962 27.712637 76.288241 112.129761 -7.891813 -135.169225 -42.424252 -71.532680 11.305193
33.305959 35.236790 -44.321236 360.026211 133.015352 693.750292 0.650841 -10.648405 -25.438952 -114.895803 -50.379513 160.350767 132.213051 -16.079633 152.434550 -411.962587 20.965872 74.597926 -217.106934 -192.041861 -119.480144 -173.890401 6.304881 119.133935 36.233587 2.118637 76.404982 15.759716 -35.839457 -46.262265 42.730657 27.959875 76.647905 111.774161 -8.109545 -135.901585 -42.407859 -71.989518 11.406924
33.282899 35.255892 -44.317269 360.021867 133.038206 693.752750 0.642828 -10.567256 -25.301497 -115.925386 -49.162663 161.239483 131.766193 -16.908917 153.563471 -416.223340 19.850121 73.047555 -218.369863 -194.135860 -122.207220 -174.382557 6.574186 119.149604 36.308165 2.609738 76.684446 15.767966 -35.845338 -46.277592 43.570948 28.172486 76.987153 111.482771 -8.342460 -136.672741 -42.336791 -72.550898 11.567732
33.294806 35.258574 -44.331531 359.898076 132.965519 693.794551 0.552557 -10.256331 -25.153171 -116.973478 -47.762178 162.136096 131.358184 -17.739360 154.748140 -420.285636 17.932218 72.267821 -221.242914 -196.418018 -125.702446 -174.854263 6.681430 119.174739 36.355932 3.094253 76.920675 15.822797 -35.851280 -46.214931 44.262686 28.248293 77.258797 110.873600 -8.531156 -137.484372 -42.302910 -72.972799 11.671549
33.259205 35.277240 -44.334935 359.862067 132.964522 693.799524 0.657883 -10.248576 -25.149638 -117.782022 -46.291498 162.624455 130.827069 -18.640566 156.065574 -424.356593 16.844177 70.933229 -223.004529 -198.177283 -128.692635 -175.326325 6.842548 119.245650 36.384196 3.563975 77.115349 15.845872 -35.911178 -46.295746 45.124225 28.568817 77.681374 110.652678 -8.747196 -138.165274 -42.295827 -73.587632 11.761626
33.235495 35.315341 -44.333839 359.885290 133.003044 693.811271 0.734864 -10.233036 -25.103554 -118.643364 -44.781312 163.200841 130.323165 -19.531901 157.415807 -428.328813 15.588553 69.784678 -224.989204 -199.727340 -131.850040 -175.708461 7.050794 119.312367 36.420686 3.975259 77.211839 15.906981 -35.985873 -46.316281 45.899257 28.782769 77.954937 110.502379 -9.117956 -138.866338 -42.235588 -74.137762 11.899833
33.203806 35.343832 -44.330191 359.853707 133.048957 693.830669 0.722407 -10.189107 -25.192004 -119.289404 -43.143009 163.715099 129.816624 -20.422390 158.848343 -432.219152 14.321031 68.833239 -227.175876 -201.057601 -135.294504 -176.051363 7.189881 119.441089 36.480727 4.345809 77.330179 15.952909 -36.063054 -46.348209 46.646452 29.076429 78.259536 110.333196 -9.424445 -139.507461 -42.200430 -74.694771 12.007991
33.168709 35.381059 -44.326095 359.858379 133.076387 693.842636 0.749558 -10.163452 -25.257147 -119.988433 -41.478875 164.180317 129.198888 -21.339104 160.268517 -436.144106 13.008881 67.872198 -229.471734 -202.067089 -138.891214 -176.342848 7.298912 119.567598 36.541440 4.755867 77.404765 15.998453 -36.139381 -46.393199 47.349392 29.334187 78.509138 110.203880 -9.756044 -140.158651 -42.143370 -75.254990 12.136013
33.127348 35.423552 -44.321813 359.838025 133.135236 693.851488 0.705273 -10.081846 -25.329594 -120.697871 -39.797788 164.735939 128.586343 -22.240930 161.739631 -440.129959 11.620611 67.082853 -231.798397 -202.737418 -142.678554 -176.643254 7.381270 119.745374 36.579307 5.155962 77.437809 16.075289 -36.262345 -46.444825 48.000251 29.596238 78.721946 110.103817 -10.124616 -140.779898 -42.091686 -75.728732 12.253661
33.081824 35.475265 -44.316348 359.820513 133.120168 693.857717 0.682949 -10.031423 -25.354470 -121.338037 -38.092587 165.142609 127.869324 -23.154813 163.281396 -444.124663 10.103963 66.179970 -234.224754 -203.138336 -146.446660 -176.923046 7.427744 119.917372 36.616111 5.505782 77.431894 16.169909 -36.398283 -46.465739 48.544029 29.898111 78.894634 110.053383 -10.530305 -141.330848 -42.012839 -76.238367 12.394481
33.032169 35.529136 -44.305643 359.794749 133.132230 693.961099 0.706982 -9.933288 -25.345587 -122.089823 -36.446217 165.660952 127.178382 -24.025650 164.933564 -448.197669 8.463955 65.407182 -236.669907 -203.289516 -150.295007 -177.152526 7.473975 120.144817 36.690738 5.898373 77.404205 16.249671 -36.501402 -46.486612 49.021931 30.214513 78.986787 110.032469 -10.937242 -141.831241 -41.978708 -76.682971 12.486595
