HIERARCHY
ROOT Hip
{
   OFFSET 0.00000 0.00000 0.00000
   CHANNELS 6 Xposition Yposition Zposition Zrotation Yrotation Xrotation
   JOINT Head
   {
      OFFSET 0.000000 24.190001 0.000000
      CHANNELS 3 Zrotation Yrotation Xrotation
      End Site
      {
         OFFSET 0.000000 16.761999 0.000000
      }
      JOINT LeftShoulder
      {
         OFFSET 11.515001 0.000000 0.000000
         CHANNELS 3 Zrotation Yrotation Xrotation
         JOINT LeftHand
         {
            OFFSET 0.000000 -15.248000 0.000000
            CHANNELS 3 Zrotation Yrotation Xrotation
            End Site
            {
               OFFSET 0.000000 -14.262999 0.000000
            }
         }
      }
      JOINT RightShoulder
      {
         OFFSET -12.116999 0.000000 0.000000
         CHANNELS 3 Zrotation Yrotation Xrotation
         JOINT RightHand
         {
            OFFSET 0.000000 -16.378001 0.000000
            CHANNELS 3 Zrotation Yrotation Xrotation
            End Site
            {
               OFFSET 0.000000 -13.832000 0.000000
            }
         }
      }
   }
   JOINT LeftHip
   {
      OFFSET 8.994099 0.000000 0.000000
      CHANNELS 3 Zrotation Yrotation Xrotation
      JOINT LeftKnee
      {
         OFFSET 0.000000 -25.251000 0.000000
         CHANNELS 3 Zrotation Yrotation Xrotation
         JOINT LeftFoot
         {
            OFFSET 0.000000 -22.891001 0.000000
            CHANNELS 3 Zrotation Yrotation Xrotation
            End Site
            {
               OFFSET 0.000000 0.000000 14.411000
            }
         }
      }
   }
   JOINT RightHip
   {
      OFFSET -8.994099 0.000000 0.000000
      CHANNELS 3 Zrotation Yrotation Xrotation
      JOINT RightKnee
      {
         OFFSET 0.000000 -25.909001 0.000000
         CHANNELS 3 Zrotation Yrotation Xrotation
         JOINT RightFoot
         {
            OFFSET 0.000000 -21.714000 0.000000
            CHANNELS 3 Zrotation Yrotation Xrotation
            End Site
            {
               OFFSET 0.000000 0.000000 13.963001
            }
         }
      }
   }
}
MOTION
Frames: 248
Frame Time: 0.016670
-6.226758 46.163215 15.864856 1.063245 -12.680754 2.446914 -1.123560 2.604153 -29.569989 9.867779 0.498265 33.620373 12.555090 -3.969663 58.660861 0.019174 4.521798 22.439538 8.586025 -0.091182 35.343722 68.447696 81.400432 74.169195 -36.613700 39.762875 -7.849752 -1.846409 45.526575 -29.791759 12.406292 -58.093457 -5.140012 30.799751 -37.710424 -19.153430 3.024630 -45.605419 -32.054235
-6.222193 46.178564 15.868140 1.039917 -12.771514 2.227662 -1.029776 2.569494 -29.356703 9.366988 -0.165959 33.548499 12.765484 -2.762903 59.144070 1.450763 8.154985 22.678970 12.828485 1.168563 34.806477 127.230237 77.957068 132.185757 -33.260573 33.874351 -0.593924 -4.162988 41.898925 -31.348765 12.404667 -60.561307 -4.998157 30.404078 -36.680039 -17.868454 2.405164 -44.677712 -31.511641
-6.203752 46.185130 15.830862 1.012006 -12.556008 2.340684 -0.935058 2.227134 -29.754722 8.898084 -0.826647 34.117512 12.977262 -1.531243 59.301915 2.901721 11.593908 23.636117 16.985979 2.541705 33.886174 163.287024 53.110004 165.927534 -23.417959 22.312742 15.336951 -3.101574 29.365688 -30.279035 13.029275 -62.774705 -5.604612 30.094227 -35.891732 -16.790126 1.772669 -43.860750 -31.047421
-6.178180 46.188111 15.793932 0.965643 -12.912510 2.092558 -0.795819 2.435641 -29.381671 8.243451 -1.361357 33.632087 13.360408 -0.502306 60.277799 4.142778 15.198182 23.733318 21.390508 3.818299 33.230407 168.837850 31.527412 168.935426 -15.685915 16.159727 26.336972 -0.097414 15.887744 -28.913092 13.130605 -64.729942 -5.621127 29.647782 -35.148048 -15.558259 1.093342 -42.873879 -30.559055
-6.162259 46.196083 15.767776 0.939144 -13.168896 1.877644 -0.691624 2.510084 -29.169433 7.765659 -1.946475 33.269319 13.719576 0.580262 61.464845 5.366857 18.508132 24.147958 25.624165 5.146497 32.527270 171.189061 18.189649 169.344500 -8.565596 14.964514 31.943859 3.402082 4.525280 -28.683130 13.178395 -66.581688 -5.609634 29.292076 -34.535813 -14.451444 0.443365 -41.921270 -30.074692
-6.147041 46.204156 15.743286 0.915123 -13.343534 1.651921 -0.572561 2.497744 -28.998309 7.248362 -2.547215 32.843610 14.151682 1.500183 62.893714 6.510489 21.594302 24.687367 29.707040 6.498583 31.775935 172.724692 9.055457 169.129937 -1.529251 16.024389 35.439693 7.014776 -5.512001 -29.766685 12.989691 -68.429992 -5.367187 29.133376 -33.980854 -13.431139 -0.233810 -40.981514 -29.657989
-6.153915 46.226415 15.754829 0.875677 -13.205145 1.365638 -0.410983 2.163029 -28.876544 6.851509 -3.123605 32.522871 14.510214 2.547590 64.432610 7.609086 24.390368 25.417038 33.511114 7.894930 31.088767 173.918432 2.852307 168.597701 5.298848 18.289718 37.996810 10.331447 -14.544270 -31.860350 12.038949 -70.507694 -4.327397 29.292837 -33.447242 -12.456527 -0.874562 -40.076244 -29.243872
-6.157573 46.246714 15.750842 0.835539 -13.172851 1.110796 -0.294763 1.952335 -28.832616 6.432146 -3.719117 32.038116 14.899791 3.371831 66.542093 8.716007 26.884381 26.256547 37.176580 9.233261 30.513918 174.819689 -1.277073 167.988202 11.792022 21.436105 40.307187 13.130459 -22.685541 -34.519841 10.812366 -72.395839 -3.072517 29.528933 -32.981204 -11.429536 -1.537896 -39.194511 -28.912819
-6.163562 46.269960 15.751536 0.788032 -13.150149 0.831050 -0.207680 1.882091 -28.825003 6.105767 -4.340130 31.371400 15.274057 4.047721 69.209918 9.819657 29.015641 27.273546 40.738677 10.474000 30.009112 175.462888 -3.777310 167.308899 18.019984 25.088806 42.788946 15.466677 -30.143469 -37.356067 8.869014 -74.071298 -1.132049 29.920108 -32.584394 -10.416435 -2.174120 -38.381329 -28.641951
-6.184764 46.298117 15.773459 0.710149 -13.048345 0.489762 -0.080321 1.809365 -28.738683 5.839095 -5.072884 30.756256 15.638039 4.523360 72.129912 10.862082 30.870816 28.372730 44.203902 11.606205 29.588127 175.931261 -4.969481 166.525667 24.078473 28.919458 45.680667 17.442609 -37.014882 -40.084779 5.822986 -75.159586 1.958068 30.617286 -32.402861 -9.734775 -2.647318 -37.878542 -28.377734
-6.217347 46.324085 15.805598 0.600674 -12.976648 0.088647 0.094739 1.778144 -28.570000 5.629739 -5.778283 30.206751 15.930921 4.938171 75.104261 11.835692 32.640730 29.417386 47.915508 12.443472 29.319687 176.305009 -5.182054 165.717547 30.256703 32.735864 49.029038 19.108031 -43.403940 -42.654156 1.943984 -74.642520 5.760909 31.776468 -32.801608 -9.471286 -2.916081 -38.149830 -28.361903
-6.258196 46.358823 15.855398 0.486121 -12.854757 -0.389286 0.298476 1.756157 -28.321525 5.511543 -6.442981 29.718522 16.140645 5.328998 78.095891 12.723812 34.290084 30.447733 51.637743 13.115509 29.048016 176.502620 -4.732509 164.880480 36.382013 36.329588 52.894990 20.576097 -49.380116 -44.941627 -1.675078 -72.710963 9.346824 33.552164 -33.559568 -10.033272 -2.898147 -39.080099 -28.424165
-6.313592 46.388201 15.927649 0.362506 -12.686961 -0.945667 0.491458 1.656997 -27.979709 5.224477 -7.216926 29.452035 16.324086 5.480528 81.083921 13.569358 35.914152 31.388995 55.367890 13.667642 28.748707 176.594268 -3.917732 163.949334 42.519536 39.458283 57.224162 21.840843 -55.023666 -46.971897 -4.660689 -70.050386 12.404138 35.735273 -34.375905 -11.136395 -2.724155 -40.376137 -28.578056
-6.378568 46.415104 16.023307 0.226920 -12.469551 -1.563467 0.706250 1.530600 -27.597323 4.752837 -8.120230 29.453056 16.464608 5.437074 83.919980 14.421427 37.488354 32.386868 59.038946 14.108908 28.414328 176.581017 -2.921087 162.972453 48.508184 42.007173 61.801526 22.937182 -60.292525 -48.680657 -7.156463 -67.106301 15.120784 38.290898 -35.033519 -12.700797 -2.401164 -41.838747 -28.709631
-6.462266 46.430454 16.137293 0.068973 -12.220928 -2.226003 0.920701 1.363560 -27.192183 4.204335 -9.156292 29.782528 16.551001 5.281850 86.464997 15.278396 38.977403 33.397767 62.523811 14.509383 28.039856 176.605565 -1.870846 161.927133 54.433370 43.960843 66.464666 23.841122 -65.270449 -50.134927 -9.511129 -63.941683 17.817459 41.528803 -35.479001 -14.595218 -1.980691 -43.518581 -28.892899
-6.565152 46.452941 16.261338 -0.091148 -12.001301 -2.898201 1.119923 1.293685 -26.818705 3.655975 -10.204289 30.245942 16.573408 5.193519 88.782993 16.146164 40.275331 34.479710 65.686161 14.964086 27.577085 176.621438 -0.898735 160.910692 60.140799 45.443919 71.067258 24.617735 -70.004863 -51.286306 -11.432360 -60.835095 20.195286 44.860017 -35.651538 -16.620984 -1.476443 -45.163185 -29.011669
-6.681081 46.483554 16.399371 -0.221399 -11.822189 -3.560984 1.296476 1.198654 -26.537722 3.118408 -11.198719 30.993390 16.570744 5.409815 90.648707 17.007142 41.333931 35.567377 68.452894 15.483901 27.258899 176.620222 -0.064692 159.921762 65.573095 46.540561 75.473351 25.275513 -74.575844 -52.155437 -13.086650 -57.806254 22.266838 48.254795 -35.728726 -18.547430 -0.901119 -46.816412 -29.111595
-6.801460 46.514262 16.544136 -0.317147 -11.650836 -4.188513 1.483190 1.108574 -26.308314 2.546722 -12.155316 31.896983 16.565398 5.851190 92.177583 17.709576 42.142605 36.616911 70.859859 16.084301 27.036344 176.583981 0.651911 159.049957 70.747728 47.406588 79.676848 25.820980 -79.068824 -52.759021 -14.546645 -54.987189 24.100141 51.608663 -35.710022 -20.391933 -0.371124 -48.409652 -29.288739
-6.930434 46.540174 16.696555 -0.367398 -11.456226 -4.785798 1.626703 1.060232 -26.103818 1.986478 -13.163164 32.882050 16.580931 6.529572 93.494976 18.279253 42.658073 37.585032 72.876759 16.781794 26.948962 176.533506 1.249475 158.278282 75.785498 48.063129 83.760816 26.222204 -83.553882 -53.127882 -16.045470 -52.480257 25.928424 55.235654 -35.649319 -22.360390 0.243649 -50.060215 -29.435919
-7.066119 46.561159 16.851521 -0.357028 -11.261255 -5.364747 1.686087 1.058812 -25.946138 1.265037 -14.309708 33.822496 16.605563 7.208640 94.633589 18.686868 42.832618 38.388726 74.464778 17.576177 27.068593 176.466789 1.761105 157.598938 80.797518 48.585632 87.749612 26.478907 -88.105089 -53.249941 -17.670717 -50.614478 27.877767 59.136550 -35.605202 -24.800232 0.914484 -51.883548 -29.631799
-7.232968 46.555218 17.005834 -0.305398 -11.125973 -5.879169 1.675000 1.089659 -25.854009 0.611522 -15.491914 34.803492 16.705984 8.144166 95.401999 18.945965 42.843495 38.992471 75.856661 18.427659 27.310860 176.497457 2.097805 156.948595 85.876085 48.776245 91.669000 26.545274 -92.716048 -53.144035 -19.200828 -49.341140 29.795966 63.029696 -35.488191 -27.638448 1.535035 -53.661333 -29.893399
-7.430587 46.516432 17.162517 -0.220403 -11.143099 -6.366474 1.657014 1.284066 -25.718956 -0.078731 -16.711707 35.625789 16.872898 9.193863 95.918505 19.079244 42.731088 39.323595 76.920211 19.335393 27.759559 176.595005 2.195128 156.198285 90.941571 48.508813 95.462077 26.408732 -97.425531 -52.799876 -20.556325 -48.553209 31.534867 66.627662 -35.522448 -30.703295 2.016636 -55.393985 -30.309706
-7.670930 46.449842 17.311529 -0.099052 -11.380757 -6.797709 1.610765 1.629490 -25.569375 -0.787271 -17.918957 36.396036 17.150981 10.395031 96.016354 19.093444 42.648015 39.348129 77.842635 20.273706 28.353365 176.848323 1.958618 155.368130 95.891696 47.799508 98.926500 26.114287 -102.099129 -52.192641 -21.428163 -47.958668 32.816218 69.575094 -35.520102 -33.797572 2.323683 -56.559523 -30.724554
-7.935108 46.371497 17.455772 0.092506 -11.802131 -7.189871 1.496230 2.064762 -25.406296 -1.473697 -19.070913 37.112536 17.580096 11.834361 95.659067 18.950595 42.575909 39.039053 78.561949 21.279290 29.121157 177.168728 1.414559 154.480834 100.551559 46.770741 101.953093 25.704963 -106.658595 -51.340230 -21.644359 -47.226209 33.446678 71.621992 -35.369417 -36.770955 2.289143 -56.718704 -31.194464
-8.242069 46.276297 17.597215 0.274215 -12.427694 -7.548586 1.453223 2.678303 -25.197266 -2.186625 -20.144082 37.680077 18.168763 13.475028 94.898881 18.570622 42.473292 38.500308 79.074965 22.396400 29.976256 177.676060 0.604163 153.395817 104.736491 45.299123 104.314781 25.247475 -110.866633 -50.325049 -21.303719 -46.325925 33.531441 73.042104 -35.329157 -39.584252 2.224882 -56.180850 -31.452584
-8.582671 46.158256 17.737850 0.478981 -13.112863 -7.854913 1.377776 3.243270 -25.036354 -2.854476 -21.084985 38.306013 18.928379 15.327706 93.752952 18.096402 42.342825 37.806173 79.415067 23.621009 30.938042 178.259973 -0.381445 152.274150 108.311869 43.695780 106.067428 24.755274 -114.713109 -49.241760 -20.622901 -45.346282 33.254412 74.213700 -35.525108 -42.371659 2.311269 -55.388108 -31.423897
-8.962625 46.003284 17.892461 0.719374 -13.914367 -8.149856 1.254242 3.837098 -24.837614 -3.555303 -21.904712 38.953815 19.835207 17.293351 92.337266 17.628559 42.221023 36.949377 79.611913 24.997009 31.999402 178.918622 -1.474620 150.947194 111.247963 41.875729 107.158742 24.288945 -118.059123 -48.182207 -20.184746 -44.717460 32.973824 76.054976 -36.646140 -45.160456 2.097869 -55.356948 -32.093167
-9.376241 45.815229 18.056107 0.970365 -14.734588 -8.411399 1.094685 4.446863 -24.658390 -4.132798 -22.608754 39.680722 20.912084 19.440595 90.656930 17.083678 42.084846 36.108843 79.649479 26.652083 32.901551 179.652867 -2.578994 149.507950 113.634684 39.978193 107.670002 23.870444 -120.883693 -47.215844 -19.265283 -43.742809 32.402827 77.806585 -38.047675 -47.513921 1.686685 -54.691995 -32.795420
-9.819699 45.606589 18.226232 1.206876 -15.535525 -8.664004 0.923169 4.966625 -24.471723 -4.638187 -23.171357 40.587699 22.201115 21.793651 88.555479 16.562398 42.026342 35.228070 79.550906 28.580804 33.802292 180.439528 -3.584079 147.996252 115.539179 38.139691 107.775406 23.519246 -123.209004 -46.371705 -18.035465 -42.079289 31.813522 79.515355 -39.330944 -49.443845 1.146996 -53.302154 -33.350796
-10.297344 45.401258 18.420951 1.375218 -16.295016 -8.977158 0.826921 5.415850 -24.168869 -4.920838 -23.577927 41.533458 23.651197 24.527419 86.208797 15.887857 42.029091 34.287625 79.336486 30.812790 34.663855 181.349323 -4.331446 146.299428 117.042832 36.395636 107.453431 23.336002 -124.894626 -45.652353 -16.875290 -40.158466 31.658531 81.639052 -40.359533 -51.518836 0.731360 -51.743894 -33.706031
-10.792422 45.209240 18.668064 1.551955 -17.024223 -9.419339 0.704482 5.776110 -23.716421 -5.382935 -23.822829 42.636862 25.242634 27.399355 83.698620 15.123325 42.055527 33.238043 79.056878 33.291028 35.629986 182.280878 -4.792419 144.426344 118.286295 34.888002 106.863767 23.353919 -126.000174 -45.018839 -16.028664 -38.225833 31.998661 84.212927 -41.098867 -53.892836 0.411778 -50.144520 -33.948468
-11.279735 45.035552 18.947653 1.736435 -17.808636 -9.955317 0.605454 6.269399 -23.127671 -5.967791 -24.039619 43.704400 26.837306 30.355987 81.327657 14.128572 42.064058 32.130583 78.797024 36.087386 36.609155 183.241613 -5.144928 142.398202 119.680938 33.442136 106.235027 23.503120 -126.904819 -44.334461 -15.426664 -36.507296 32.505751 87.023679 -41.909911 -56.477936 0.072472 -48.512737 -34.210966
-11.759382 44.886421 19.239849 1.922757 -18.583492 -10.545038 0.466150 6.911445 -22.405681 -6.597624 -24.297189 44.683384 28.339923 33.315149 79.145514 13.029352 42.056132 30.914464 78.569148 39.219663 37.723237 184.247604 -5.304337 140.365865 121.255406 32.243667 105.566919 23.710518 -127.725999 -43.605850 -14.959468 -34.802809 33.047624 89.929986 -42.881239 -58.949109 -0.269874 -46.852106 -34.460330
-12.219474 44.764060 19.526716 2.094981 -19.310220 -11.142865 0.320360 7.666548 -21.607001 -7.146351 -24.678114 45.493554 29.763492 36.414433 77.383502 11.867610 42.229168 29.606042 78.623926 42.715880 38.879472 185.037229 -5.233260 138.580194 122.621102 31.493637 104.917805 23.801433 -128.803530 -42.805321 -14.614240 -33.087263 33.718001 92.990635 -43.650902 -61.270048 -0.491321 -45.280490 -34.568602
-12.642577 44.686965 19.804662 2.233942 -19.915493 -11.690589 0.210516 8.463515 -20.871441 -8.000184 -25.169402 46.118814 31.180903 38.990896 76.119979 10.881695 42.901600 28.397726 79.205244 46.551690 40.132207 185.095067 -4.431154 137.168845 122.966245 30.936983 103.667798 23.564694 -131.083174 -41.556278 -14.369507 -31.550768 34.549726 96.143280 -44.039783 -63.649713 -0.564978 -43.764686 -34.517625
-12.990342 44.692177 20.059480 2.370438 -20.278495 -12.152914 0.059465 9.265627 -20.248027 -9.226234 -25.919554 46.674190 32.711869 40.878781 75.413471 10.105557 44.074497 27.360715 80.375610 50.824274 41.549782 184.787763 -3.457255 136.468546 122.893026 30.223611 102.005822 22.866457 -133.493124 -40.727236 -14.206444 -30.389639 35.182765 99.123441 -44.722433 -65.979470 -0.558871 -42.187739 -34.300100
-13.266949 44.749769 20.291357 2.501056 -20.402781 -12.454070 -0.151040 10.050184 -19.854400 -10.669299 -26.869339 47.275701 34.144870 41.867267 75.397161 9.745871 45.912135 26.696903 82.294402 55.528673 43.229025 184.308201 -2.550942 136.442017 122.723186 28.927617 100.028626 21.978446 -135.380961 -40.407239 -14.144171 -29.676414 35.599492 101.896949 -45.626439 -68.205941 -0.528653 -40.575118 -33.984013
-13.473608 44.834861 20.494468 2.656890 -20.411037 -12.588448 -0.417652 10.823054 -19.658560 -11.887151 -27.923562 48.147117 35.456373 42.376399 76.180583 10.046911 49.042100 26.434813 85.288210 60.598278 45.203459 183.686395 -1.765787 136.991533 122.475783 27.045585 97.738921 21.370079 -136.766670 -40.023280 -14.116072 -29.317730 35.756081 104.446017 -46.558862 -70.368208 -0.466829 -39.013334 -33.609766
-13.646037 44.958677 20.695672 2.755676 -20.181455 -12.586154 -0.648522 11.290326 -19.633297 -13.124617 -28.834654 49.486537 36.718783 42.306298 77.463983 11.255436 53.675065 26.883293 89.309778 66.233348 47.518101 183.040846 -0.874937 138.067466 122.121119 24.957446 95.245916 20.885187 -137.759834 -39.733468 -14.029923 -29.306798 35.848098 106.686503 -47.362973 -72.535462 -0.337079 -37.480680 -33.089009
-13.779694 45.129794 20.875754 2.820744 -19.911907 -12.488547 -0.819391 11.764740 -19.753983 -14.440709 -29.548744 51.018842 37.903342 41.931986 79.047398 13.595743 59.691434 28.481349 94.160646 72.567078 50.334560 182.499253 -0.255284 139.646482 121.766727 22.878472 92.953151 20.577511 -138.312888 -39.514683 -13.920799 -29.546681 35.761347 108.626618 -48.272150 -74.649173 -0.152503 -36.042857 -32.478967
-13.905206 45.334873 21.086225 2.762106 -19.441619 -12.468950 -0.837495 12.204573 -19.604875 -16.076025 -30.449093 52.970545 39.354263 40.936428 80.549473 17.742967 67.123336 31.984867 99.842653 79.232728 53.701806 182.060427 0.087536 141.483913 121.237292 21.036339 91.012803 20.369016 -138.576533 -39.334998 -13.900215 -29.760883 35.792076 110.338407 -49.402762 -76.438901 0.154011 -34.717599 -31.724251
-13.996703 45.518398 21.258859 2.757825 -19.003519 -12.298113 -0.734301 12.333971 -19.562261 -17.146030 -30.681507 54.831977 40.821315 40.833589 81.997200 24.745951 74.489859 38.647017 105.771456 85.323174 57.877206 181.778737 0.149535 143.715513 120.834529 19.393909 89.212721 20.283082 -138.547819 -39.170329 -13.994266 -30.216275 35.708024 112.007138 -50.287145 -78.146073 0.435712 -33.645853 -31.065449
-14.070726 45.693936 21.449525 2.726645 -18.491480 -12.147298 -0.489219 12.396169 -19.416590 -18.080848 -30.863593 56.685379 42.493762 40.857867 83.350328 33.905493 80.154148 47.950551 111.765582 89.421943 62.556473 181.623104 -0.086147 146.121898 120.329478 18.202289 87.638212 20.270183 -138.349826 -38.987645 -14.180496 -30.658814 35.781807 113.555187 -51.065667 -79.703322 0.787681 -32.596467 -30.316881
-14.129065 45.864600 21.635122 2.685404 -17.909728 -11.942648 -0.237376 12.495669 -19.381905 -18.850504 -31.134236 58.596924 44.382245 41.046541 84.661165 44.131433 83.666279 58.427002 117.475224 91.125590 67.635463 181.610618 -0.667439 148.766096 119.742369 17.531376 86.263910 20.349495 -137.962199 -38.837596 -14.531721 -31.295479 35.982840 115.072650 -51.705492 -81.005231 1.113851 -31.567987 -29.563651
-14.187152 45.960550 21.818223 2.556547 -17.245003 -11.697852 0.097146 12.564494 -19.351992 -19.618639 -31.443459 60.409690 46.464343 41.281875 86.032223 55.176249 86.135413 69.837564 123.416437 91.738791 72.844125 181.785676 -1.544078 151.521804 119.031360 17.278972 84.959125 20.403846 -137.467078 -38.777433 -14.920360 -32.010296 36.445917 116.568844 -52.008520 -82.050202 1.341137 -30.469976 -28.886970
-14.258164 45.999603 22.025807 2.389527 -16.591192 -11.473603 0.408738 12.736857 -19.350997 -20.356655 -31.804906 62.213270 48.776707 41.669857 87.419195 66.903574 87.776462 81.865985 129.331599 91.654869 78.208063 182.063269 -2.746586 154.273592 118.068480 17.494894 83.739492 20.397124 -136.932630 -38.797541 -15.500662 -32.843863 37.201926 118.084135 -52.201719 -82.870282 1.471175 -29.259755 -28.263589
-14.319488 45.980715 22.250235 2.195184 -16.008599 -11.268063 0.778587 12.954561 -19.348090 -21.110127 -32.248796 63.955863 51.307538 42.245492 88.817437 79.236799 88.844007 94.396056 135.233866 90.991650 83.880310 182.373892 -4.392303 157.006501 116.756278 18.245694 82.593728 20.278111 -136.328622 -39.002590 -16.356295 -33.792433 38.238998 119.688164 -52.457239 -83.422783 1.484099 -27.824017 -27.705057
-14.369323 45.879735 22.485518 1.987972 -15.476828 -11.040571 1.125574 13.217720 -19.430526 -21.862068 -32.791878 65.710928 54.056084 43.014885 90.301316 92.208428 89.454093 107.444599 141.245635 90.043019 89.866554 182.607908 -6.400884 159.763575 114.895339 19.480058 81.356118 20.079803 -135.804679 -39.235462 -17.523996 -34.927982 39.548721 121.390165 -52.681420 -83.712349 1.300495 -26.197303 -27.351522
-14.411704 45.703692 22.745697 1.743607 -14.909132 -10.832895 1.475959 13.462025 -19.536701 -22.852980 -33.380869 67.395505 56.995316 43.696675 91.903255 105.592785 89.678560 120.847097 147.286650 89.102550 96.189001 182.737613 -8.704301 162.434275 112.334537 21.100741 79.857991 19.816126 -135.411874 -39.441747 -19.045124 -36.198298 41.271507 123.209468 -52.915108 -83.756438 0.982417 -24.345834 -27.088242
-14.452129 45.455508 23.030610 1.450330 -14.364088 -10.664528 1.866510 13.749352 -19.601108 -24.027747 -34.062932 68.934333 59.976438 44.287496 93.677609 119.295920 89.397293 134.502448 153.286712 88.351687 102.871829 182.742080 -11.309805 164.971075 109.003296 23.031755 77.995542 19.355508 -135.220274 -39.728475 -20.942618 -37.491663 43.462058 125.188201 -53.156634 -83.545774 0.529483 -22.271630 -26.928386
-14.470852 45.151228 23.361382 1.169483 -13.903562 -10.592438 2.255834 14.135549 -19.600823 -25.336167 -34.787116 70.382996 63.018044 44.918589 95.555016 132.985217 88.121216 148.120029 159.154350 88.261330 109.867466 182.626855 -14.235689 167.257481 104.803468 25.203246 75.456604 18.784065 -135.108095 -40.063711 -23.412087 -38.642417 46.071269 127.376785 -53.752981 -83.107099 0.008742 -20.111067 -26.928388
-14.475944 44.803933 23.740093 0.895283 -13.520565 -10.688262 2.750659 14.434819 -19.299748 -26.867796 -35.408114 71.568129 66.141223 45.699433 97.498881 146.132020 85.407738 161.248663 165.019474 89.373025 116.856122 182.392169 -17.445869 169.184032 99.776025 27.436148 72.248566 18.221415 -134.955454 -40.354882 -26.548206 -39.561897 49.263597 129.795232 -54.632829 -82.418424 -0.552806 -17.825284 -26.984353
-14.463728 44.423646 24.169840 0.684169 -13.170514 -11.010621 3.304617 14.449071 -18.382790 -28.657602 -35.939677 72.352522 69.238857 46.492893 99.567854 156.977036 80.949005 171.958099 170.861758 91.921109 123.368188 182.057518 -20.842126 170.681168 94.432618 29.532871 68.528340 17.707892 -134.382551 -40.708774 -30.426645 -40.105535 53.075395 132.413572 -55.856228 -81.510876 -1.091922 -15.470688 -27.059087
-14.440262 44.022440 24.648611 0.500501 -12.843929 -11.500799 3.918219 14.207724 -17.120581 -30.545559 -36.310935 72.928635 72.243164 47.283327 101.832923 162.220558 77.308541 177.259077 176.370716 94.063671 128.894276 181.593939 -24.278824 172.017986 88.866963 31.724941 64.568572 16.271942 -132.959153 -42.236937 -35.029230 -40.475271 57.414317 135.021857 -57.614292 -80.538476 -1.656965 -12.958687 -27.164089
-14.398502 43.611197 25.158357 0.324652 -12.566109 -11.934561 4.405129 14.027443 -16.415277 -32.362252 -36.186441 74.043847 75.451734 48.053765 103.867219 161.648912 74.247134 176.556114 181.273753 95.444360 133.957030 180.940836 -27.714129 173.375609 81.635514 33.439448 59.399491 14.589569 -131.034871 -43.932115 -40.385423 -40.931165 61.961830 137.419404 -60.372862 -79.611524 -2.252756 -10.323373 -27.441709
-14.328424 43.189787 25.702006 0.172761 -12.358505 -12.266647 4.693095 14.088302 -16.555716 -34.198078 -35.332750 76.079763 79.062049 48.506351 105.450683 157.873921 69.625637 172.427470 185.834571 98.576350 138.792777 180.486683 -32.343275 174.395042 73.835178 33.555828 52.610393 13.009005 -128.400467 -46.201947 -46.536548 -41.463387 66.779948 139.476452 -63.963308 -78.756780 -2.872412 -7.558824 -27.915531
-14.223332 42.828092 26.265802 0.050686 -12.181481 -12.574853 4.932146 14.319166 -17.128110 -36.065602 -34.064281 78.468177 82.592273 48.396429 106.926133 153.873165 64.573469 168.216112 190.344600 103.764364 143.269911 180.308169 -37.811224 174.798256 66.213534 31.868488 45.132814 11.838325 -125.595035 -48.263715 -53.333751 -41.898723 71.876198 141.024459 -68.118829 -78.038183 -3.516758 -4.619225 -28.370630
-14.104105 42.592182 26.827576 0.012069 -12.130646 -13.030346 5.191482 14.502590 -17.380677 -37.754048 -33.053741 80.662772 85.457879 47.766416 109.094452 151.448025 61.206835 165.990276 195.153545 109.046299 146.778703 181.058329 -43.686826 174.101700 60.201362 28.739462 37.780068 11.108178 -122.768880 -49.950693 -60.746418 -42.020949 77.257472 142.072579 -72.605867 -77.492826 -4.156244 -1.521557 -28.573912
-13.983221 42.559161 27.358529 0.033174 -12.129192 -13.605020 5.589309 14.414887 -17.348856 -39.435685 -32.052053 82.465525 87.864558 46.864868 111.487921 149.795761 59.370525 165.002590 199.982734 113.719610 149.337237 182.924815 -49.497701 172.306234 55.928628 24.945241 30.889332 10.792707 -120.251245 -50.991846 -68.451111 -41.900591 82.692458 142.482049 -77.276036 -77.275469 -4.855310 1.757781 -28.346081
-13.831713 42.737030 27.814624 0.172499 -12.104416 -14.181350 5.931357 14.142385 -17.301166 -40.961983 -31.138706 84.043593 89.934651 45.919167 113.892530 148.364099 58.572820 164.595907 204.570996 117.903572 151.056764 185.459034 -54.907717 169.871094 52.969548 21.444899 24.663046 10.897790 -118.131919 -51.271454 -76.197474 -41.672640 87.866265 142.333697 -81.939307 -77.448287 -5.548168 5.038950 -27.744602
-13.624506 43.111953 28.187031 0.472901 -12.048633 -14.729327 6.124991 13.772253 -17.381081 -42.326949 -30.248288 85.479066 91.759726 44.959116 116.122805 146.889925 58.327008 164.295023 208.746413 121.796917 152.280529 188.341210 -59.807097 167.010583 50.803053 18.648787 19.252165 11.377562 -116.392243 -50.825910 -83.627450 -41.397326 92.605884 141.753445 -86.097758 -77.980973 -6.286017 8.274507 -26.847650
-13.368684 43.641919 28.475804 0.933803 -12.027856 -15.238816 6.191336 13.381322 -17.571577 -43.314652 -29.619761 86.803979 93.342048 44.349006 118.540665 145.713302 58.257730 164.216831 212.642148 125.269945 153.184382 191.467633 -63.926869 163.907738 49.070401 16.804070 14.513298 12.110036 -114.974104 -49.839057 -90.473232 -41.101213 96.777606 140.911966 -89.646827 -78.775823 -7.104322 11.498967 -25.732820
-13.085990 44.268069 28.692610 1.478781 -12.102183 -15.731548 6.267348 13.069839 -17.796138 -44.209940 -29.319656 87.759625 94.630720 43.794893 121.168621 144.705276 58.211476 164.292387 216.177386 128.412966 153.769073 194.800656 -67.204014 160.613182 47.531102 15.799192 10.397267 13.019694 -113.887086 -48.418723 -96.421200 -40.637559 100.293466 140.093518 -92.502734 -79.596620 -8.031534 14.813391 -24.337970
-12.793839 44.889387 28.859729 2.099255 -12.225847 -16.209707 6.243055 12.867200 -18.012527 -45.053567 -29.310746 88.395489 95.645536 43.189192 123.864046 144.056298 58.181573 164.530050 219.403967 131.265977 154.032227 198.093736 -69.714641 157.277031 46.068017 15.364830 6.862839 13.896681 -113.239134 -46.768409 -101.378189 -39.947874 103.092649 139.479047 -95.044808 -80.324678 -9.087864 18.515393 -23.086628
-12.476022 45.453781 28.986864 2.767405 -12.438513 -16.752296 6.244039 12.898929 -18.024545 -46.179780 -29.714813 88.427700 96.191494 42.022619 126.402705 143.497521 58.019684 164.729218 222.230696 133.948534 154.126156 201.330809 -71.789892 153.789017 44.467574 15.257041 4.008657 14.621545 -113.030922 -45.042454 -104.719135 -39.209182 104.543722 139.007983 -98.118495 -81.256732 -10.541864 23.910609 -22.589809
-12.127321 45.913176 29.081766 3.490691 -12.663716 -17.326578 6.200357 13.117767 -17.969972 -47.335154 -30.570749 88.037908 96.276584 40.575808 128.812027 142.973577 57.810940 164.755842 224.647763 136.531575 154.118861 204.476111 -73.824346 150.088844 42.656300 15.283394 1.919143 15.127974 -113.221990 -43.361077 -106.627552 -38.597160 104.595734 138.718833 -102.189172 -82.693599 -12.063654 30.732067 -23.174448
-11.746486 46.221613 29.106223 4.214709 -12.945369 -17.796365 6.097014 13.576567 -18.041180 -48.416059 -31.860790 87.307883 95.882687 38.904986 131.036701 142.264193 57.460544 164.190248 226.455127 139.115135 154.030150 207.433159 -76.099536 146.448477 40.624855 15.514117 0.322423 15.297399 -113.693273 -41.877683 -107.872961 -38.209229 103.788099 138.871625 -107.326608 -84.713805 -13.357630 38.417632 -24.845346
-11.346671 46.329836 29.061412 4.850956 -13.157456 -18.080537 5.969493 14.175449 -18.353463 -49.424690 -33.501733 86.375330 95.049869 37.002454 132.988851 141.086737 56.875361 162.703999 227.453099 141.848850 153.779988 210.148965 -78.559627 143.037302 38.543741 15.917992 -0.863202 15.047089 -114.424704 -40.685886 -110.427889 -37.876414 103.636468 139.324494 -113.804202 -86.920912 -12.970190 44.267638 -27.251896
-10.920352 46.199741 28.974042 5.303927 -13.021410 -18.238362 5.968077 14.517697 -18.752387 -50.474186 -35.434926 85.207634 93.811091 34.904524 134.754032 139.790026 56.163443 160.897428 228.011194 144.602700 153.459174 212.467145 -80.881837 139.937831 36.782386 16.513299 -1.595134 14.238947 -115.337074 -39.917774 -115.201672 -37.018949 105.043262 139.673762 -121.453017 -88.972961 -11.154756 47.215349 -29.049331
-10.485327 45.826372 28.858182 5.515353 -12.416335 -18.317302 6.057764 14.296937 -19.125646 -51.504366 -37.673947 83.938824 92.206106 32.709568 136.526274 138.835425 55.450358 159.146864 228.440185 147.136550 153.196102 214.231588 -82.883738 137.304124 35.379820 17.058773 -2.111863 12.810322 -116.591561 -39.524816 -121.296551 -35.262091 107.569209 139.953609 -129.640979 -91.339341 -8.877103 49.093856 -30.019627
-10.067745 45.239195 28.736012 5.509524 -11.331064 -18.397801 6.297765 13.572509 -19.267405 -52.500044 -40.391874 82.583715 90.106342 30.382201 138.653646 138.328256 54.962553 157.695121 228.920197 149.399419 153.132896 215.469259 -84.395962 135.097098 34.282225 17.365683 -2.771698 10.741584 -118.335049 -39.451647 -127.872097 -32.416549 110.434856 140.508152 -137.958592 -94.535583 -6.972080 51.315884 -30.126728
-9.683426 44.455470 28.593430 5.375094 -9.998841 -18.511421 6.754938 12.417179 -19.120804 -53.375620 -43.645735 81.350333 87.549153 27.957452 141.351981 138.350044 54.763897 156.759180 229.721965 151.371267 153.368196 216.261712 -85.576294 133.347545 33.331467 17.513162 -3.744179 8.067539 -120.508402 -39.684570 -134.589356 -28.624068 113.170538 141.841623 -146.205991 -98.856326 -5.511609 54.580240 -29.965618
-9.359147 43.532070 28.384583 5.139310 -8.541048 -18.767080 7.645283 10.676607 -18.342313 -54.109264 -47.712375 80.004683 84.499009 25.492243 145.049053 139.366089 55.216373 157.322370 231.407164 152.902527 153.696892 216.768662 -86.519304 132.034865 32.406656 17.918270 -4.758880 5.062982 -122.571706 -40.235032 -141.760590 -23.645755 115.915933 143.927317 -153.822868 -103.815201 -4.233386 58.423041 -29.627380
-8.945228 42.638940 28.056130 5.323207 -7.084222 -19.020859 8.433871 8.669831 -17.435212 -54.640984 -52.262166 78.756534 81.229268 23.119019 149.231956 140.833651 55.952466 158.669994 233.443790 154.293386 154.052116 216.665608 -87.729757 130.834527 31.372189 18.628788 -5.524747 2.345558 -124.384452 -40.507817 -150.881993 -17.584139 118.856998 145.511511 -161.406140 -108.091603 -1.756955 60.875994 -29.606804
-8.463386 41.903023 27.516250 5.775585 -5.738321 -18.859061 8.918580 6.726146 -17.417744 -55.045584 -56.479575 78.087401 77.938892 20.818814 152.840714 141.230799 56.189733 158.642809 234.738138 155.953532 154.235165 216.049361 -89.544381 129.981915 30.396924 19.490146 -6.590169 0.031326 -126.268464 -40.127676 -161.729850 -10.308428 122.023474 146.470224 -169.585592 -112.597130 1.805271 62.944346 -29.613299
-7.953539 41.463231 26.718127 6.346431 -4.584500 -18.157894 9.394883 4.963031 -18.444463 -55.687543 -60.133935 77.748535 74.666037 18.527283 155.310784 140.046035 55.687714 156.729523 235.139562 157.844552 154.380403 215.054243 -91.775831 129.711562 29.856485 20.797675 -8.315750 -1.725618 -128.411258 -38.629928 -172.246579 -2.800229 124.506507 147.177230 -178.123151 -117.645186 4.996904 65.973883 -29.400098
-7.397011 41.346769 25.779588 7.103950 -3.354559 -17.512900 9.486422 2.648168 -18.929799 -56.143670 -64.168794 77.322604 71.470696 16.490559 157.617557 132.479333 56.336490 151.847755 232.439124 164.386288 152.304271 213.874670 -93.038788 129.928025 30.325780 23.227960 -10.906056 -2.953825 -130.702787 -35.906824 -181.797711 4.105272 125.420701 146.414517 -186.250502 -121.785333 7.315677 68.850062 -28.450251
-6.792632 41.562514 24.777219 8.068162 -2.187232 -16.825182 9.603693 0.647713 -19.804706 -56.879326 -67.999376 76.838474 68.275411 14.475447 159.025204 131.621611 55.951458 149.014237 233.568154 167.847965 154.316185 213.053722 -92.636367 130.494548 32.583110 27.354252 -14.616193 -3.509246 -132.922694 -31.756746 -190.909538 10.453309 125.718716 144.385910 -192.930400 -125.975545 9.337875 71.652127 -26.886302
-6.271453 42.025179 23.770485 8.953188 -0.978716 -16.277690 9.897966 -1.978457 -20.649779 -57.395849 -70.999782 76.499102 65.837115 12.846128 160.043244 130.336006 56.360091 147.722184 235.267423 170.449106 153.623317 213.664587 -89.829296 131.004613 36.833950 32.920211 -19.296584 -2.978426 -134.521218 -26.217150 -198.987248 16.560004 125.653296 141.700293 -197.531379 -131.179397 11.126672 74.506681 -24.930549
-5.857206 42.675514 22.839698 9.864120 -0.260869 -15.916192 10.353056 -4.812101 -21.696897 -57.621252 -72.429717 76.630365 63.787116 11.377837 160.408154 127.784097 56.533206 146.530780 236.926340 172.629958 150.995252 216.088115 -85.088045 130.528357 43.107759 39.319268 -22.263201 -1.014871 -135.548533 -19.923867 -206.516247 22.076939 125.347550 138.337873 -200.448949 -137.554040 12.853693 77.489343 -22.710024
-5.407243 43.374957 21.947040 10.621886 0.218354 -15.615394 10.691348 -7.932427 -22.562973 -57.852829 -72.463307 77.370395 61.443726 9.573134 159.032595 129.135586 56.010177 145.854646 238.873708 174.149497 151.533675 220.597775 -80.264633 127.802852 49.322445 45.445589 -23.163396 1.811121 -137.040711 -14.695343 -213.939966 27.068472 124.705252 133.858116 -201.819577 -144.916069 14.639728 80.586472 -20.216568
-4.989878 44.043884 21.217274 11.576024 0.283825 -15.655439 10.505581 -10.481350 -23.130642 -57.105002 -73.159495 79.033949 57.717749 7.428939 157.938344 131.082996 54.304303 145.998012 240.252669 175.520876 149.532785 225.850764 -76.428055 123.953276 52.938556 48.129953 -24.769278 1.053982 -140.568736 -14.110129 -220.452620 30.001100 123.921515 128.767822 -201.783609 -151.335245 16.394011 83.387888 -17.519259
-4.560446 44.671859 20.592377 12.387532 0.463101 -15.861149 10.800545 -13.050891 -23.817898 -56.364261 -73.552026 80.604606 54.838663 5.583377 156.650853 132.892873 52.109764 145.561986 241.763671 176.412230 148.416773 231.538714 -72.630954 120.016382 54.872640 48.045729 -26.814180 -0.927977 -145.576835 -14.908886 -225.355890 30.712174 123.247253 123.113859 -200.458211 -155.669410 17.949529 85.585330 -14.160601
-4.101451 45.297255 20.016017 13.078631 1.050835 -16.406970 10.587628 -15.947744 -23.827296 -55.345118 -74.894049 82.404019 52.473007 3.990999 155.139059 134.024362 49.054880 145.475216 241.368613 178.422095 144.245945 237.593321 -68.971612 115.883503 54.174168 48.088077 -28.626960 -2.710400 -149.424212 -15.698123 -228.887521 29.122530 122.738814 116.825632 -198.089980 -157.842707 19.258183 87.045618 -9.802617
-3.601093 45.914716 19.492755 13.710342 1.796077 -17.080987 11.282511 -18.878745 -24.664952 -54.967443 -75.452642 83.310481 51.070048 2.837852 154.137535 135.357561 46.146425 144.615623 241.808832 179.458767 143.309800 243.743142 -65.746977 111.832525 50.735212 48.537797 -30.417233 -4.379654 -151.859147 -16.661205 -232.308613 26.634965 122.264170 110.663210 -195.485601 -159.340404 19.869346 87.891468 -5.383029
-3.067904 46.467127 18.950717 14.561702 2.330541 -17.897479 11.357362 -21.650294 -25.107282 -54.365717 -76.128066 84.377384 50.262420 1.987530 153.190761 135.870166 43.428528 142.988958 240.725318 181.661503 142.219524 249.846517 -62.993455 107.844336 44.756601 48.998698 -32.393268 -5.737023 -153.821912 -17.109972 -236.499207 24.743178 121.999432 106.259616 -193.256979 -161.682476 20.055846 88.528828 -2.453025
-2.539363 46.810250 18.384516 15.338933 2.935952 -18.669403 12.198985 -24.728445 -26.102246 -54.112597 -76.235156 84.944454 51.137715 2.025709 152.234890 136.271249 41.646119 141.774387 240.848398 182.289689 142.645905 255.761788 -60.760427 104.147981 37.214764 49.182249 -34.288711 -7.454562 -156.344246 -17.830969 -240.797062 23.745646 121.737235 105.342527 -192.234417 -165.069498 20.680756 90.874062 -0.971037
-2.024767 46.875796 17.804627 16.060517 3.742335 -19.684940 11.869157 -27.798817 -25.452061 -53.229573 -78.157363 86.102177 52.737752 2.533862 151.117976 137.114067 40.216567 138.566001 239.084133 185.996160 144.745902 261.438331 -58.443524 100.641847 29.345710 49.568882 -35.631178 -9.525564 -159.915137 -18.515524 -245.212397 22.882705 121.314227 106.454393 -190.765995 -168.352852 22.528266 93.187823 -0.592501
-1.480650 46.684889 17.196172 16.708833 4.607142 -20.606322 12.254981 -30.971506 -25.380349 -52.796331 -79.246498 86.681630 54.620849 3.251267 150.737371 137.659908 40.171891 136.953093 239.761988 187.311709 146.638397 266.717111 -56.180942 97.598786 21.683252 50.532045 -36.453696 -12.044630 -164.232855 -19.478880 -249.279065 22.055338 121.064106 108.642232 -188.048235 -170.584439 24.209319 93.950468 0.008843
-0.879112 46.301917 16.592780 17.547412 5.440823 -21.606113 11.817078 -34.068605 -24.516723 -52.166495 -80.087854 87.616608 55.423993 3.321691 150.051743 135.777918 40.116795 134.198327 238.299590 190.378054 147.234276 271.343308 -53.779403 94.982987 14.102123 51.855568 -37.227372 -15.109451 -169.072153 -21.431776 -252.308636 20.234661 121.284052 110.628355 -185.363493 -171.393803 24.823768 93.622291 1.044762
-0.358532 45.663237 15.983637 18.295521 5.890203 -22.393525 11.673971 -37.052325 -24.047351 -51.472213 -79.372160 88.770138 56.228231 3.394174 148.774238 136.329182 40.031503 132.111882 238.155063 192.146472 149.331732 275.519504 -51.259354 93.320485 6.894480 53.203147 -38.782890 -18.205062 -173.746079 -23.990314 -253.992687 18.404020 122.122881 110.633615 -184.294609 -172.309089 26.199936 94.159595 0.890661
0.127687 44.809403 15.401019 18.913817 6.101138 -23.195830 11.694534 -40.399975 -23.455957 -50.754217 -77.765665 90.058817 57.657875 3.863342 147.476707 134.184298 39.326061 128.662705 236.507103 195.707760 151.371076 278.973749 -48.553609 92.792279 0.291043 53.413404 -40.927942 -20.982022 -177.763501 -27.167518 -256.241186 17.485754 122.958937 107.970701 -183.260232 -174.830918 28.922542 94.918340 -0.017568
0.717815 43.804893 14.869987 19.609816 6.408594 -24.027752 11.329716 -43.507257 -22.787394 -50.183183 -76.148358 91.513251 59.290536 4.468778 145.542452 133.623021 39.978313 126.806751 237.926361 196.440776 153.338703 281.571926 -45.695369 92.881168 -5.284499 52.781520 -43.240036 -23.186368 -180.821199 -30.567743 -259.476674 16.951350 123.550021 105.503050 -182.220909 -177.648385 31.994631 95.886820 -0.948477
1.381059 42.722587 14.381306 20.293091 6.976043 -25.052261 10.001452 -46.381014 -20.979102 -49.284948 -75.691084 93.440048 60.950491 5.105595 144.446234 132.279604 39.503034 124.412975 236.773398 198.264709 153.690635 283.752067 -42.436187 93.202487 -9.649246 52.185258 -46.270918 -24.509557 -182.568279 -32.992962 -262.911985 15.283641 123.943290 101.619780 -181.028959 -179.508928 34.768204 96.573260 -1.292650
2.127437 41.651248 13.960013 20.641586 8.113047 -26.225956 8.856303 -49.582956 -18.991580 -48.616101 -75.471644 95.092673 62.056053 5.420352 144.751598 131.509009 38.693418 121.949708 235.317311 200.670439 155.239736 285.743286 -39.081612 93.945721 -13.239287 51.263483 -50.641478 -24.784240 -182.714172 -34.089857 -268.052413 13.582922 123.561209 96.981596 -179.434657 -182.511479 36.884227 97.129518 -0.309909
3.040471 40.683979 13.510188 21.219306 9.540686 -27.189986 6.810922 -52.118452 -16.577590 -48.184328 -75.575777 96.685166 62.349614 5.208381 145.253876 131.902796 38.835978 120.534069 236.817548 201.627936 156.015017 287.655903 -36.248336 93.946943 -17.093846 50.589172 -56.068234 -24.423028 -181.916870 -33.766010 -274.097076 12.667474 123.799323 93.371486 -177.399547 -186.655519 39.230814 97.239279 1.249238
3.974553 39.745998 12.947413 21.318146 11.480362 -27.599877 7.529185 -55.792202 -16.929739 -48.952188 -73.142406 96.847499 64.613426 6.167797 146.364206 131.652456 38.130030 119.374303 238.353740 202.587236 158.265223 289.531582 -34.617151 93.679842 -20.812522 50.339648 -61.634951 -24.013654 -180.975957 -33.324414 -280.111522 12.805020 123.571031 90.786007 -175.504538 -190.910440 41.719390 96.899901 3.095359
5.000375 38.864757 12.260558 21.350504 13.456361 -27.423046 11.951429 -59.927226 -21.412004 -50.847183 -68.092663 95.574837 70.242342 8.963011 147.913252 132.128343 37.022262 116.739694 238.904335 203.858839 166.370240 291.179406 -33.739902 92.577784 -23.633303 50.989572 -66.571723 -24.158874 -181.049914 -32.087846 -285.663100 13.639537 123.689180 88.868015 -173.730001 -194.795711 44.306536 96.047698 5.436189
6.072805 38.093790 11.475900 21.753898 15.250786 -27.234946 11.038416 -61.272794 -19.980424 -51.441071 -67.546022 96.147357 75.994112 11.441149 149.461314 129.801188 35.336858 112.429572 234.763628 206.030361 169.483085 292.205465 -31.857840 92.014294 -23.188982 50.835302 -71.454550 -25.290510 -183.023825 -28.871937 -290.703615 14.502708 124.448342 87.474000 -172.274351 -197.902272 47.039530 94.818018 7.987525
7.127272 37.488641 10.721152 21.380601 16.468518 -26.812256 16.526857 -62.453590 -23.133567 -54.037117 -66.041673 93.155987 82.917035 14.458112 153.874914 120.844898 39.060800 108.831715 240.489895 205.713741 176.998670 292.160167 -30.401739 93.479526 -22.199117 49.167506 -77.364296 -25.101562 -182.614014 -30.004287 -293.792172 15.831895 124.896402 86.876181 -171.588463 -199.869531 49.695568 93.665451 10.700002
8.080705 36.878712 9.970363 20.622703 17.911005 -26.446593 15.614574 -61.518722 -19.200778 -55.486923 -68.611962 92.384893 87.176430 15.465737 157.024970 113.690329 42.036160 102.533393 241.084422 205.318191 185.174857 291.139354 -30.138128 96.143191 -22.502342 47.418100 -83.064184 -24.587407 -181.647091 -29.316842 -295.887674 16.690071 125.023170 86.477940 -171.092550 -201.065770 52.331468 92.389749 13.472147
8.980226 36.403870 9.241351 19.272726 19.272340 -25.928225 14.906794 -59.395598 -14.943622 -57.536701 -72.525851 91.249203 89.261393 15.304308 159.549831 104.788872 45.540167 94.652195 243.467065 204.152906 195.169814 289.460630 -30.545204 98.926821 -22.963451 46.814861 -88.182353 -23.876989 -180.247941 -31.474505 -296.729509 17.585852 124.599849 86.591151 -171.076827 -201.483026 54.775679 91.244067 16.203871
9.830035 36.189238 8.470400 18.490321 20.378032 -25.004925 10.810637 -55.373279 -9.347385 -58.809452 -75.967857 91.445346 90.688465 14.578789 159.901695 93.962134 48.239130 86.442403 246.485900 203.726525 201.599481 286.982856 -31.402071 100.998014 -24.600909 46.775041 -92.839121 -23.568976 -179.485582 -32.863865 -296.641891 18.562776 124.506876 87.182638 -171.271228 -200.619076 57.018033 90.428139 18.954624
10.615759 36.163921 7.708061 17.105872 20.811486 -23.892717 9.923836 -51.593654 -6.419588 -60.737614 -78.007099 90.422641 92.246418 14.046142 160.874806 80.881638 49.519066 76.430957 250.080601 202.038020 213.943217 284.785202 -32.140934 102.462646 -26.728248 47.953437 -97.583650 -23.771152 -179.403169 -34.562205 -294.555951 19.862783 124.193234 88.312010 -171.926107 -198.305663 59.032423 90.272548 21.438439
11.347127 36.294727 6.912924 15.699526 21.168250 -22.392070 8.752055 -47.598034 -4.296865 -61.965006 -79.427368 89.934767 93.593652 13.479155 162.265856 68.426263 47.757659 63.667424 253.203473 201.427620 224.369802 282.484357 -33.225790 103.408996 -29.573507 49.697525 -102.467113 -24.503616 -180.029908 -36.509239 -291.088756 21.104808 123.842736 89.825812 -172.651842 -194.341804 60.756875 90.795050 23.702990
11.977120 36.606776 6.101863 14.329918 21.495988 -20.368188 8.072903 -43.328565 -4.343675 -63.041744 -79.984309 89.642961 94.729560 12.801847 163.306203 57.454192 43.656684 52.044204 254.748352 199.954471 234.507524 280.112396 -35.089786 103.877349 -33.589156 51.767667 -107.506331 -25.683851 -181.226338 -38.681479 -286.065398 22.476614 123.967127 91.896678 -173.067295 -188.974915 62.138356 91.644480 25.701300
12.505922 37.059245 5.282864 12.461014 21.739568 -18.085880 9.131522 -40.045119 -6.633358 -64.833194 -78.959862 88.548116 96.619071 12.414611 164.513179 43.810920 37.308689 44.245238 252.668696 195.890167 243.501408 277.850292 -37.543627 104.547281 -38.775571 53.959130 -113.245452 -27.119051 -182.754989 -41.077144 -279.262666 24.103425 124.834698 94.550261 -172.842937 -182.755413 63.073095 92.480877 27.592690
12.907216 37.656001 4.481853 10.589484 21.848100 -15.646010 8.534419 -36.057378 -8.650073 -65.687227 -77.908696 88.633726 98.149975 11.918187 164.951951 30.611542 31.319815 36.141680 251.304871 192.735029 248.736037 275.359841 -40.501581 105.481958 -44.964320 55.870927 -119.314881 -28.629199 -184.436814 -43.299134 -271.470732 25.914511 126.682100 97.544384 -172.127966 -176.064190 63.720747 93.428894 29.327442
13.159101 38.362924 3.733367 8.160278 21.552266 -13.649333 7.805715 -32.511943 -9.976996 -66.290797 -76.921515 88.940504 99.842899 11.537562 165.747996 19.269195 26.250814 30.457647 250.284987 188.598038 253.451163 272.941599 -43.086213 107.164357 -51.441092 57.504708 -125.706558 -30.135351 -186.173813 -45.140812 -262.695796 27.888084 129.517708 101.058728 -171.021038 -169.913127 64.034724 94.375845 31.028822
13.269138 39.148108 3.059768 5.191089 20.786798 -12.070175 7.243300 -29.113978 -10.810733 -67.061939 -76.076232 89.254849 101.478880 11.105686 166.375021 14.727104 20.552073 27.101373 250.142701 184.189780 259.968229 270.765364 -45.036444 109.492877 -57.676651 59.111715 -132.277145 -31.488210 -187.796680 -46.268501 -253.013593 30.401001 132.757171 105.549317 -170.223600 -163.732516 64.138557 95.868726 32.540739
13.238125 40.025691 2.437595 1.972246 19.555591 -10.857702 6.276920 -25.935384 -11.041394 -67.315940 -75.299277 90.016129 103.544630 10.843357 167.865395 11.448183 15.800852 24.586265 249.848921 180.160487 264.840448 268.810100 -46.264461 112.145894 -63.311380 60.970169 -138.526769 -32.678630 -189.237194 -46.477952 -243.325708 33.378438 136.818770 110.921671 -169.175098 -159.343669 63.773408 97.528913 34.136596
13.066941 40.933470 1.826061 -1.676072 17.764082 -9.927672 6.426850 -22.975121 -11.349382 -68.142257 -74.654084 90.080810 106.068255 10.738399 169.880410 5.792521 11.356525 20.319977 249.754036 178.060518 269.339849 267.206043 -46.677069 115.304180 -67.964692 63.119759 -144.176564 -33.592714 -190.345556 -45.845947 -233.341747 37.980828 140.622981 117.794631 -169.054272 -155.716784 62.838471 100.602853 35.811542
12.814779 41.785912 1.238924 -5.207352 15.350920 -9.270833 5.641452 -19.710101 -10.882419 -68.461411 -74.723226 90.709755 107.888903 10.550629 172.300210 4.642212 8.344708 18.665816 249.247919 172.449969 273.528941 265.745640 -45.991454 118.464030 -71.511801 65.721310 -148.707671 -34.340125 -191.209493 -44.694972 -225.488191 43.543064 144.400048 123.926201 -168.961163 -156.213871 61.567291 103.950835 37.601076
12.530857 42.675695 0.630054 -8.690702 12.765321 -8.747841 4.789817 -16.244133 -10.306330 -68.824107 -75.467559 91.195272 109.935884 10.472946 174.994200 3.112241 5.048956 14.951714 248.450289 168.479156 276.290222 264.136884 -44.847008 121.814771 -74.096617 68.658243 -151.240209 -35.117684 -192.100505 -43.761568 -220.663331 51.559633 146.340860 129.496084 -170.079784 -160.638809 60.030041 108.500383 39.595221
12.252570 43.546013 0.031719 -11.964709 10.276209 -8.580890 3.865238 -13.449556 -9.514801 -69.231849 -76.291130 91.421242 112.790547 10.537466 177.859137 1.174824 1.964340 12.998220 249.060061 163.167195 276.217467 262.329562 -43.269935 125.242529 -75.898893 71.740127 -151.755042 -35.650111 -192.798318 -43.318327 -222.333381 62.597523 142.190946 134.329098 -173.843915 -168.001630 58.274996 114.824673 41.208686
11.960008 44.320626 -0.530945 -15.279302 7.247090 -8.602999 4.225358 -10.461445 -8.892645 -70.348770 -77.159493 90.656240 116.202664 10.616192 180.374409 4.725359 0.810645 10.680293 246.675670 158.853507 281.194353 262.371035 -41.489844 127.011643 -76.945585 75.098954 -151.551529 -35.459009 -192.493746 -42.142441 -236.218349 73.721435 125.891164 138.410683 -179.615056 -177.080113 56.494670 121.904001 42.132524
11.661823 44.943108 -1.096444 -17.936594 4.187201 -8.677478 3.317427 -7.535338 -8.061635 -69.916036 -78.587248 91.019552 118.433609 10.729156 184.635559 7.523573 -0.662830 9.411193 244.155439 153.366843 284.063715 263.899221 -40.429888 127.140269 -77.374145 78.297389 -150.990771 -34.360421 -190.854651 -39.869720 -262.568837 79.153949 97.104724 141.109482 -184.464463 -183.180715 55.051034 127.169011 43.020356
11.377625 45.404968 -1.536080 -20.306579 1.233006 -8.966473 3.215724 -4.852983 -7.445832 -69.544583 -79.881501 91.065854 120.216862 10.808299 189.414642 3.344589 -4.773284 6.817292 242.889395 151.653545 282.908894 266.772654 -39.889398 125.968605 -77.258783 81.700558 -150.006486 -32.505184 -188.079122 -37.024557 -299.427133 79.030739 58.018735 142.967498 -189.250321 -188.365156 54.001788 131.318665 43.902284
11.083278 45.653929 -1.915473 -22.278588 -1.602250 -8.980911 2.569083 -2.614065 -7.815201 -69.131124 -79.576683 91.267918 121.883141 10.838159 193.251077 4.363857 -4.926079 7.456985 243.066215 148.723776 284.133137 269.147866 -39.508010 124.797269 -76.588257 85.395048 -148.175695 -30.305047 -184.866146 -34.806729 -337.933772 66.118109 18.198827 144.533811 -199.722859 -198.718357 53.051865 137.386141 42.392406
10.727610 45.725960 -2.172408 -23.937180 -3.380007 -9.199703 1.245073 -1.476023 -8.220908 -68.510206 -79.130740 91.771644 122.344930 11.207236 196.685419 3.533874 -6.720516 7.063658 241.468197 147.327795 285.102942 269.785396 -38.524152 125.274207 -75.134533 88.706016 -145.415738 -28.287970 -181.961950 -33.537609 -345.761060 45.910670 9.452038 141.815136 -213.483559 -211.650897 52.655448 143.493832 39.971715
10.389254 45.677389 -2.352152 -25.463806 -5.065565 -9.688265 1.505195 -0.462406 -7.730459 -69.343523 -79.719031 90.904422 122.388015 11.683456 198.707360 3.995373 -6.644776 6.543196 240.462738 146.181662 288.338102 270.000137 -36.500309 126.173729 -72.565398 91.886917 -142.122986 -25.993079 -178.698294 -32.409852 -346.702506 30.914054 7.547021 134.899583 -225.417949 -224.264453 53.303510 145.931855 39.786993
10.057750 45.590343 -2.411242 -26.428522 -6.065237 -10.309072 -0.084094 0.247345 -7.345050 -68.794027 -80.468207 91.535620 121.944080 12.726954 201.539280 4.405801 -6.786683 6.291060 240.898887 145.316045 290.044939 269.397305 -34.225460 126.856407 -68.918760 96.038696 -137.944782 -23.947463 -175.918421 -31.105563 -347.247282 18.118421 7.070150 123.375278 -234.387394 -240.096859 54.810933 147.039848 40.449552
9.733271 45.584378 -2.371491 -27.124478 -7.259219 -11.016310 -1.295796 1.356328 -7.043609 -68.632090 -80.843704 91.757745 122.627318 13.323848 203.331836 3.662695 -6.965850 6.092972 242.663234 146.024267 291.395350 268.219944 -31.115388 126.939366 -64.593639 100.942505 -133.043752 -22.198292 -173.682408 -29.239804 -347.915766 6.740426 7.113841 108.819844 -240.368263 -259.127869 56.375224 149.119818 40.439081
9.154487 45.616178 -2.383062 -28.359480 -8.567864 -11.353450 -1.284173 2.612190 -6.924998 -68.764938 -81.410288 91.663550 123.449508 13.863279 205.004904 7.637333 -5.647757 7.220120 240.288268 143.616981 296.464306 266.817051 -27.539666 127.782717 -59.630687 106.035982 -126.988434 -20.248413 -171.137356 -27.434775 -347.720669 -4.435686 7.137068 91.805590 -243.668091 -280.409318 57.734674 152.470545 39.150310
8.574197 45.665092 -2.414848 -29.113241 -9.842001 -11.494443 -2.218779 4.298370 -7.150303 -68.235994 -82.210254 92.274640 123.923032 14.743790 207.022310 7.565944 -6.874775 7.850707 239.815755 142.238799 298.227287 263.872365 -23.912817 128.682499 -54.385047 111.493317 -119.463902 -18.548637 -169.107943 -25.963458 -348.509036 -16.320546 7.648772 74.036703 -243.718771 -303.223134 59.237281 156.253418 36.822407
7.918136 45.722760 -2.401838 -29.884192 -10.526256 -11.499009 -2.953551 5.726956 -7.625742 -67.828259 -82.823263 92.828083 124.864464 15.661535 208.763912 6.684165 -8.392305 8.464196 239.488262 141.830108 300.017289 259.913478 -19.954404 129.957149 -48.596127 117.570997 -110.755411 -17.249935 -167.933492 -24.757172 -350.683714 -30.621565 9.560810 56.543263 -239.420670 -326.907197 61.006970 159.629007 34.464086
7.270228 45.838041 -2.318442 -30.555575 -10.652866 -11.390158 -3.743446 6.761522 -8.466492 -67.545790 -82.593550 93.234152 126.591955 16.170294 210.089843 5.489216 -10.169322 9.454940 239.386464 141.860611 301.713634 255.217258 -15.914390 131.346396 -42.708852 123.997413 -101.434415 -16.529772 -168.165008 -23.645396 -357.458387 -49.828511 15.176330 41.643585 -229.255463 -350.398977 62.739700 162.847638 32.315507
6.615143 45.959524 -2.143245 -31.084509 -10.413746 -11.049363 -4.586730 7.599300 -10.211856 -67.472263 -81.175466 93.438443 128.575921 16.483420 210.756729 3.810530 -11.944542 11.885300 239.663060 142.401958 303.851101 250.577320 -12.208435 132.690836 -36.713319 130.413241 -92.193204 -16.310304 -169.612148 -22.697525 -375.218874 -67.450051 31.056460 33.626394 -219.524725 -367.966661 64.276069 166.782592 28.737171
5.930924 45.996298 -1.915669 -31.380116 -9.878437 -10.625902 -5.551023 8.343759 -12.357111 -67.443508 -79.290826 93.651155 130.426478 16.922224 211.082393 1.499226 -13.885869 15.140052 239.988614 143.404398 306.588340 246.574665 -9.022463 133.980294 -30.457900 136.629793 -83.688887 -16.650345 -172.274938 -22.177686 -395.174692 -71.527203 49.827012 33.938134 -219.178571 -375.370340 65.654633 169.900942 25.540731
5.280895 45.925998 -1.640068 -31.214309 -9.155872 -10.309731 -6.973070 9.184838 -14.184346 -67.548105 -78.044248 93.924254 131.624944 17.850954 210.561290 -1.486011 -16.088526 18.695184 240.913422 145.067658 309.555265 243.103016 -6.691014 135.171903 -23.889145 142.600170 -76.054218 -17.754942 -176.382641 -22.461577 -411.179355 -70.441647 64.615960 36.092181 -224.461654 -380.530630 66.380430 172.761193 21.115357
4.308398 45.562648 -1.365233 -31.376028 -7.597159 -9.703729 -8.343319 9.075909 -16.196469 -67.353766 -76.476324 94.712949 131.820096 19.579046 211.024445 -5.638781 -17.907492 23.561721 241.627586 147.461380 312.941755 241.760556 -4.290791 137.355268 -15.728401 148.006429 -69.791057 -19.569143 -181.547234 -24.335973 -423.134071 -68.210121 76.970208 37.282410 -234.082276 -385.576008 67.107169 174.867405 13.548986
3.342457 45.131268 -0.965468 -30.915451 -6.741433 -9.329154 -10.394231 9.278804 -18.271181 -66.579946 -74.049038 95.901156 132.529862 20.810961 212.225480 -10.201829 -19.178987 29.394163 242.302054 150.225230 316.846711 241.321867 -3.695899 138.250296 -6.992091 153.031645 -64.398514 -22.397797 -188.569556 -27.211443 -431.134846 -65.599500 85.664007 31.940611 -245.268268 -395.073906 68.823937 174.951034 4.282390
2.207818 44.644493 -0.527581 -30.286650 -6.606508 -8.732614 -12.772515 9.689680 -20.464802 -65.701543 -71.784168 97.913344 132.740246 23.233974 214.169515 -15.223141 -19.757405 35.991183 242.898329 153.478421 320.398109 242.370219 -5.029496 138.548311 2.359375 157.476309 -59.253913 -25.996946 -196.627117 -31.500207 -433.549072 -64.309216 89.665023 17.744772 -253.011900 -409.065603 70.226625 175.204556 -5.354086
1.003350 44.167504 -0.197210 -29.452623 -7.483484 -7.423382 -15.682982 10.153317 -23.760966 -64.858978 -68.621258 100.470539 133.635438 25.874433 216.454500 -20.662345 -18.907628 43.497496 243.977718 156.590392 322.194776 244.641393 -9.039860 138.389659 11.953214 161.838600 -53.596604 -30.278403 -205.419032 -37.671410 -432.470421 -65.521670 90.304404 -0.200344 -255.689825 -423.988746 71.083302 175.257572 -15.618315
-0.171460 43.772206 -0.019676 -28.467890 -8.559284 -5.233256 -18.854162 9.311290 -28.582858 -63.740862 -63.251964 103.427765 135.700395 27.871699 219.485848 -26.146647 -15.815976 51.912976 246.170591 158.759005 322.120573 248.080366 -15.827058 138.488519 21.385088 166.204020 -46.905453 -35.179210 -214.715507 -46.215789 -430.452045 -70.052674 89.710846 -24.137986 -256.848827 -443.030904 71.071868 172.465541 -26.350310
-1.338651 43.509206 0.013497 -27.523564 -9.650817 -2.465254 -21.651271 6.811239 -33.394297 -62.385978 -56.809979 106.433267 139.119861 28.797423 223.176991 -30.359163 -11.646226 59.139555 248.457475 160.173305 322.177537 252.683914 -25.037008 138.242469 28.793120 170.840612 -39.280309 -40.310769 -223.022479 -57.384784 -428.593523 -75.244745 88.955127 -53.148308 -256.802327 -466.282917 70.798380 169.302686 -34.707692
-2.365286 43.381886 0.105938 -26.192339 -11.909661 -0.167417 -24.291863 5.037462 -36.699071 -61.549936 -51.773766 108.819988 143.257016 28.931056 226.942597 -32.599769 -8.201922 63.888510 250.024539 161.856905 323.476967 256.368801 -33.486696 135.507019 31.069363 175.745521 -33.863296 -46.426247 -229.269042 -69.625316 -427.056184 -78.175039 87.689363 -81.527378 -252.216374 -490.832912 71.720996 166.560870 -45.388455
-3.486510 43.405093 0.328708 -25.167005 -15.597261 1.148913 -26.308080 5.386387 -38.399720 -61.811149 -49.421804 110.959005 146.922847 29.356221 230.964322 -34.482760 -5.269980 67.304800 252.361310 162.980062 323.619663 259.311438 -37.490468 131.927672 31.064974 181.417242 -29.480838 -52.235371 -231.805173 -80.557211 -424.237311 -78.585233 85.088543 -102.044385 -240.299743 -508.020946 72.887107 162.382857 -61.257822
-4.534773 43.790554 0.732273 -24.475003 -19.474264 2.116893 -27.644888 5.940169 -41.256320 -62.132496 -46.288820 112.636957 150.931662 29.568196 233.761476 -36.588815 -0.901736 71.679413 256.997397 162.212936 322.156172 260.213815 -38.752110 129.285304 30.070987 187.175201 -26.446854 -58.260892 -232.391012 -88.592724 -421.075179 -77.903676 81.746641 -110.839504 -228.024144 -513.845349 72.192190 158.115655 -75.216188
-5.417672 44.333224 1.112655 -23.874764 -23.029012 3.312785 -28.362110 5.951441 -45.152092 -62.271019 -42.418763 113.860107 154.942486 29.731831 235.895965 -38.842750 4.705712 75.755745 262.592114 160.306056 319.966605 259.627949 -38.676766 127.340435 31.623848 191.289625 -25.224300 -63.764228 -232.356287 -94.034827 -419.360337 -77.873767 79.471150 -115.206672 -219.510218 -514.506894 70.527338 155.868728 -85.544281
-6.283281 44.986858 1.463910 -23.517166 -25.021715 4.682031 -28.075496 4.484374 -48.633361 -62.010468 -38.242407 114.690255 158.768785 29.710800 238.008050 -39.822001 10.550431 79.384864 267.855349 158.719389 318.600321 259.262452 -39.151717 126.379386 36.668291 193.492019 -25.397053 -68.012763 -232.210886 -97.144647 -418.635490 -78.567208 78.828299 -119.594358 -213.768761 -515.087952 69.232594 155.921976 -93.319440
-7.062876 45.678291 1.907731 -22.916562 -26.550596 5.655587 -27.270900 3.006400 -51.489764 -62.482092 -34.995171 115.575489 162.128077 30.604503 240.731493 -40.102868 15.554381 81.611383 271.386748 158.723187 317.367171 258.821194 -40.124715 125.090584 43.295948 194.044158 -26.858749 -71.298528 -232.094882 -98.102185 -418.728654 -79.038082 78.902140 -123.724437 -209.138453 -516.117343 68.671630 157.705434 -99.661066
-7.774677 46.405739 2.287503 -22.403026 -28.026042 6.516103 -25.677220 2.134546 -54.089832 -63.354376 -32.497531 115.634078 165.597650 31.189157 243.311337 -40.135749 19.751638 81.871230 272.766391 161.547525 315.296777 257.974332 -41.180392 124.393468 50.445913 193.456352 -28.035761 -73.220953 -232.108351 -97.768482 -419.408558 -79.585221 79.321036 -127.308634 -204.608466 -516.704302 69.311721 160.388770 -104.753068
-8.357603 47.117347 2.680689 -21.732675 -29.693513 7.094798 -23.879359 2.226898 -56.464470 -64.814855 -30.846340 115.375979 168.843956 32.075002 246.013305 -39.450578 23.331479 81.061675 272.812208 165.864355 312.239940 255.949700 -42.087380 124.608154 56.615728 191.638156 -28.333501 -74.332047 -232.121684 -97.100367 -420.984993 -79.556992 79.566936 -129.025729 -199.468735 -516.509833 71.190235 163.101174 -108.056680
-8.774354 47.794313 3.160115 -20.688844 -31.043353 7.304583 -22.279611 2.872588 -58.591016 -66.984908 -29.895881 115.258746 171.703033 33.647455 248.558097 -37.933884 26.594484 80.263035 272.236642 170.561203 308.566773 252.877727 -43.227912 125.735381 61.421275 188.078671 -27.651230 -75.663162 -231.974726 -96.536582 -423.628276 -78.882456 79.458582 -128.737304 -193.609171 -515.824355 74.244245 165.051931 -108.921471
-9.112735 48.390416 3.756915 -19.312029 -31.808621 7.096965 -20.697736 3.817645 -60.679605 -69.250024 -28.773907 115.252899 174.346521 35.767081 251.023331 -35.658492 30.275818 80.417964 271.712548 174.697838 304.646135 249.218112 -44.448791 127.799028 65.117350 183.379924 -26.033526 -77.071219 -231.717856 -95.958058 -427.099542 -77.875454 79.342093 -127.917285 -187.160639 -516.228156 77.369603 165.981219 -107.265846
-9.489353 48.813524 4.379849 -17.934800 -32.289549 6.782896 -18.960296 5.066724 -62.418811 -71.240232 -27.518914 115.107184 176.771511 37.879297 253.623639 -32.115761 34.263057 81.925483 271.928436 177.415188 300.809153 246.059723 -45.938169 130.140608 68.557785 179.260186 -23.770061 -77.972108 -231.570816 -95.127200 -430.678261 -77.378250 79.732507 -128.274682 -180.884583 -518.492610 79.536207 166.449019 -104.161601
-9.828896 49.042439 5.025607 -16.378193 -32.785653 6.442332 -17.496373 6.461581 -64.226885 -73.181297 -26.411505 115.063347 179.000557 40.322756 256.236077 -27.052960 37.855555 85.152453 272.975040 178.531829 297.774746 243.161237 -48.160135 132.689880 70.928803 176.669400 -20.753332 -78.639390 -231.473499 -93.797991 -433.586829 -77.513816 80.030611 -129.101872 -179.900694 -520.478282 79.440093 167.745826 -105.237512
-10.218627 49.084281 5.627574 -14.957419 -33.128569 6.226651 -16.169990 7.777677 -65.515823 -75.114766 -26.083878 115.172999 180.746982 42.821775 259.706988 -20.640075 40.569558 89.660747 274.602810 178.536692 295.233397 239.680217 -51.244382 136.710129 70.191300 175.957926 -16.938977 -76.888607 -231.406126 -92.773039 -435.436335 -78.309000 80.134129 -130.955996 -184.928150 -521.564064 77.968768 170.422823 -112.712574
-10.670808 48.943881 6.141297 -13.878710 -33.652106 6.301832 -14.511591 9.061669 -66.675508 -76.662016 -25.702697 115.009922 182.183261 44.987441 263.663716 -12.996417 43.293755 95.033401 276.469856 177.942192 292.542029 235.335643 -54.979997 141.395257 65.520174 175.765493 -14.167506 -72.958920 -231.298564 -91.998837 -437.197759 -79.610192 80.434869 -133.569035 -187.866143 -523.361660 76.812430 173.721804 -119.217469
-11.127837 48.598379 6.640466 -12.991531 -34.656896 6.571740 -12.735466 10.583774 -68.036102 -78.470828 -25.036253 114.403640 183.389008 47.670489 268.079953 -4.327660 46.394726 101.821632 278.707973 176.655097 289.288428 231.435277 -58.884229 145.137326 58.872078 178.001915 -12.532377 -67.466081 -231.370828 -91.062049 -439.386588 -80.665859 80.982923 -134.513718 -184.572940 -526.037619 78.195646 175.197822 -120.128274
-11.640968 48.131260 7.123588 -12.273683 -36.253568 6.938965 -11.144744 12.155070 -68.973928 -80.384059 -24.105213 113.337331 184.433727 50.690321 272.567250 5.977366 48.879030 109.484128 280.777192 175.684500 284.683678 228.143891 -59.969006 147.456927 54.218506 178.267295 -12.332794 -63.793400 -231.392903 -89.985038 -441.155116 -81.667322 81.874932 -134.284278 -180.179338 -529.421514 78.039809 177.629711 -118.613912
-12.268773 47.521056 7.660236 -11.638904 -38.189039 7.053625 -9.850715 13.640419 -68.981769 -82.330629 -23.056335 112.116783 185.188968 54.462651 277.614459 18.163625 50.200900 117.977106 282.496925 175.110546 278.879329 226.440428 -58.012553 147.622135 52.667623 178.332756 -14.163342 -60.687508 -231.394843 -88.318656 -442.204369 -82.087529 82.847053 -133.828486 -178.275423 -531.922128 76.504198 180.971026 -118.652393
-13.048864 46.819915 8.272170 -11.200288 -40.563845 6.795270 -8.689086 15.491627 -68.429261 -83.723298 -21.227229 110.777315 186.193293 58.395911 282.488646 31.549153 49.666885 127.232545 283.776328 174.714818 272.606619 226.324616 -54.289694 145.577436 52.943685 178.736857 -18.032338 -57.638457 -231.276626 -86.021588 -442.924189 -81.904575 83.523467 -134.245169 -178.402055 -531.489312 74.111302 184.711306 -120.754152
-13.967286 46.174254 8.972390 -10.937926 -42.953390 6.194045 -7.722512 17.452844 -67.719666 -84.906266 -18.131084 109.217839 187.924104 62.954236 286.795572 44.125573 46.340125 135.381494 284.585733 174.275487 266.467891 227.096714 -50.137977 142.396617 53.896097 179.307219 -22.470574 -54.819727 -230.928013 -83.266577 -443.823780 -81.255680 83.852621 -135.751253 -178.517827 -528.936679 71.811748 188.532195 -123.443443
-14.770969 45.761718 9.764635 -10.032459 -43.861778 5.190723 -7.727776 18.103324 -67.538878 -85.009443 -13.000315 108.101076 191.276716 68.163225 289.751268 53.484957 40.151653 139.582443 284.934237 174.267796 261.113269 226.682763 -46.726762 140.389908 54.291715 178.786540 -25.543150 -52.927255 -230.488668 -80.441897 -445.475046 -80.085334 83.767626 -136.414628 -176.833939 -526.495023 70.435841 191.914928 -124.591461
-15.578489 45.758228 10.413848 -9.287062 -43.290070 4.295059 -8.372883 17.735892 -68.512658 -83.642961 -6.212574 108.824543 196.375069 73.367392 290.672907 59.611541 32.915658 139.244512 285.052290 175.303061 257.093156 225.560550 -43.688028 140.445956 53.554062 178.212585 -27.000614 -51.608616 -229.918620 -77.052348 -447.187265 -78.303426 84.028887 -136.363033 -174.461213 -524.733764 71.046139 193.989831 -125.119271
-16.302218 45.744461 11.117465 -8.506867 -41.698944 2.899772 -8.247470 17.291102 -68.530922 -81.882685 -0.616368 110.154709 202.506530 77.712936 289.883638 63.871626 28.494882 139.267270 284.820582 174.932442 254.125576 224.203637 -40.243611 141.035224 52.529803 177.484009 -27.981548 -50.128042 -229.167928 -73.950485 -449.172091 -75.409605 84.369598 -135.740529 -171.820034 -522.703613 72.221068 195.597042 -125.188912
-17.014924 45.676536 11.682284 -8.403614 -40.263576 1.631428 -7.200345 17.847020 -67.770216 -80.120229 2.884557 111.654407 208.496702 81.125538 288.908450 67.450181 26.628696 140.495188 284.339491 173.397439 251.146220 223.551709 -36.187934 141.494117 51.939962 177.289622 -29.002083 -48.335668 -228.087624 -71.020198 -450.778497 -72.277554 85.040773 -135.026993 -169.688837 -520.714115 73.656623 196.795386 -125.279016
-17.687710 45.520591 12.181765 -8.510583 -38.797954 0.098941 -5.752280 18.793631 -66.290702 -79.255452 4.548602 112.833421 213.684394 84.507335 288.718325 70.983158 26.052257 142.453499 283.808977 171.615278 248.146428 223.448437 -31.586906 141.531055 52.033450 177.163591 -29.901373 -46.707757 -226.887560 -68.491628 -452.036290 -68.863265 86.009451 -134.285289 -167.898549 -519.584511 74.841552 197.984385 -125.339326
-18.341232 45.209393 12.656776 -8.693569 -37.483863 -1.896645 -4.336071 19.821124 -64.379635 -78.738168 4.763849 114.381394 218.475540 87.646142 289.575377 75.225491 26.029870 144.818110 283.425666 170.005539 245.471125 223.752640 -26.343427 140.698673 52.821329 176.892310 -31.163390 -45.228577 -225.693178 -66.373470 -453.023143 -64.818386 87.039218 -133.157625 -166.493811 -518.788658 75.611820 199.262463 -125.674265
-18.946981 44.909667 13.235400 -8.660784 -36.353607 -4.515464 -3.352275 20.783023 -62.189344 -78.735566 4.544869 115.589190 223.016837 91.172124 291.047884 80.351117 26.623534 147.240792 283.296111 168.807101 242.443329 224.428692 -21.281153 138.402801 54.081151 175.853998 -32.816836 -44.741458 -225.024011 -64.669317 -453.941585 -60.161945 87.765144 -131.792557 -165.384179 -518.118425 76.451653 200.217843 -126.042002
-19.563877 44.615101 13.781466 -8.673749 -35.467482 -7.401324 -3.155798 21.649384 -60.101239 -78.518905 4.193458 116.806466 227.901092 94.500585 292.590769 86.391641 27.056024 148.856255 283.437196 168.100258 239.547712 225.288175 -16.337189 135.509560 55.384057 174.630083 -34.412829 -44.845523 -224.693198 -63.265133 -454.699326 -55.442302 88.392094 -130.750106 -164.634443 -517.448137 77.183740 201.104784 -126.409002
-20.093159 44.328093 14.298699 -8.631949 -34.693177 -10.362797 -3.595954 22.504534 -58.724846 -78.392185 4.047537 118.063740 233.158807 98.203941 294.293481 92.365317 26.828331 149.444307 283.578936 167.454956 237.424260 225.610301 -12.090697 132.714865 55.768334 173.459662 -35.686588 -45.029450 -224.580814 -62.577654 -455.466903 -51.171511 88.699821 -130.480546 -164.184128 -516.358039 77.688969 202.113562 -126.514829
-20.521834 43.998226 14.788811 -8.649961 -33.907129 -13.247540 -4.046300 23.520190 -57.469464 -78.836058 4.021004 119.294131 238.494578 102.724119 296.311665 97.679410 26.391743 149.765080 283.493039 166.361989 235.887195 225.397895 -8.250965 130.330746 55.584595 172.562516 -36.633081 -44.825678 -224.360813 -62.467735 -456.299312 -47.174829 88.894051 -130.481093 -163.932668 -514.989215 78.011750 203.212430 -126.444423
-20.850224 43.667192 15.162700 -8.953849 -32.893095 -15.842190 -4.351921 24.413618 -56.204363 -79.610199 3.886961 120.376798 243.117223 107.754895 299.147150 102.435878 26.054390 149.868639 283.449162 165.200952 234.607244 224.983440 -4.816310 128.855480 55.067249 172.500430 -37.342522 -43.895146 -223.693914 -62.615110 -457.275892 -43.273131 89.442768 -130.183187 -163.729825 -513.681971 78.464530 204.129848 -126.306645
-21.058912 43.284759 15.453434 -9.543931 -31.578468 -18.084994 -4.271187 24.807986 -55.306272 -79.735007 4.207246 121.241090 247.049008 112.604268 302.598199 106.497669 25.409946 150.195054 283.477412 164.171848 234.044683 225.195066 -1.948520 128.029847 55.118810 172.642744 -37.452195 -42.648282 -222.969914 -63.353536 -458.407818 -39.638282 90.259147 -129.865843 -163.625501 -512.256538 78.855975 205.046459 -126.012373
-21.170842 42.820043 15.696462 -10.240782 -30.360245 -19.983783 -3.901042 24.810748 -54.686326 -78.326232 5.101870 122.421442 251.284791 116.358556 305.994578 110.214227 24.920618 151.270986 283.527464 163.093975 233.948896 226.565557 0.806578 126.924996 57.059872 171.682952 -37.148415 -42.112843 -222.706651 -64.374792 -459.688397 -36.523897 90.770079 -129.770043 -163.739770 -510.000554 78.984697 206.222795 -125.385908
-21.253063 42.339124 15.832915 -11.288038 -29.013076 -21.328579 -3.310771 24.186297 -54.641968 -76.195569 6.354981 123.863896 255.847958 119.706319 309.353993 113.382021 24.337127 152.374840 283.806709 162.205026 234.003784 228.537132 3.878701 126.580754 60.047943 170.410392 -36.399639 -41.652184 -222.361016 -65.234925 -461.085635 -33.792569 91.702202 -129.582103 -164.204537 -507.573815 79.189241 207.270450 -124.715812
-21.269588 41.890878 15.883807 -12.441501 -27.480781 -22.265507 -2.574995 22.962007 -55.140179 -74.122900 7.390210 125.157602 260.461696 123.148201 312.893479 116.092275 23.712040 153.525563 284.364927 161.624624 234.079462 230.998172 6.347916 127.239676 63.250168 169.272892 -34.837974 -41.008452 -221.922832 -66.137289 -462.829519 -31.478122 93.079885 -129.361256 -164.890575 -505.266140 79.413599 208.259817 -123.953235
-21.250877 41.514449 15.894408 -13.453086 -26.077331 -23.054721 -2.096619 21.873502 -55.783880 -72.852587 8.229710 126.193960 264.635652 127.104097 316.472717 118.173829 23.266515 154.272991 285.042481 160.952998 233.794998 233.772158 7.746988 128.052824 66.034692 168.006466 -32.828816 -40.613702 -221.653572 -67.132632 -464.951358 -29.517605 94.535255 -129.233832 -165.787447 -502.997643 79.578022 209.280288 -123.069586
-21.267802 41.287884 15.896641 -14.233566 -25.169923 -23.996056 -1.779547 21.006412 -56.308759 -71.705279 9.452230 127.023582 268.710297 130.923539 319.440844 120.485493 23.322548 154.987893 285.949722 160.430461 233.339780 236.389350 8.509214 128.421353 68.022018 166.800050 -30.805345 -40.596090 -221.553483 -67.784286 -467.071613 -27.728043 95.716748 -129.239870 -167.265377 -500.738763 79.884800 210.131589 -122.264853
-21.203475 41.181239 15.858581 -14.712704 -24.531225 -24.901538 -1.813921 20.322197 -57.239014 -70.444447 11.016753 127.825160 272.605499 134.396020 321.897745 122.509128 23.203829 154.950505 286.916112 159.956788 233.065261 238.379257 8.866558 128.758232 69.471254 165.833441 -28.896208 -40.530974 -221.403328 -68.105729 -469.251263 -26.395249 96.787769 -129.347199 -169.093737 -498.809535 80.102963 210.983423 -121.579812
-21.046102 41.155552 15.776489 -14.950159 -24.224992 -25.689255 -1.878979 20.285426 -58.441120 -70.038098 12.693374 128.068342 275.331346 138.490924 323.923197 123.233893 22.199035 153.981806 287.621534 159.222009 233.201537 239.757753 8.767386 128.857652 70.363523 165.015335 -27.312695 -40.418771 -221.233515 -68.295663 -471.451840 -25.539037 97.645573 -129.413575 -171.121661 -497.010354 80.250618 211.845543 -120.985176
-20.859573 41.125879 15.632256 -15.213043 -23.903794 -26.177847 -1.859316 20.346531 -59.546484 -69.996871 14.290585 128.051608 277.237242 142.587917 325.467940 123.236051 21.263883 153.203575 288.217700 158.187509 233.396498 240.947409 8.522748 129.236058 71.217112 164.317290 -25.969349 -40.148754 -221.003652 -68.414262 -473.862897 -24.824826 98.744024 -129.219789 -173.009306 -495.301331 80.342907 212.717936 -120.420565
-20.628984 41.139187 15.455959 -15.298256 -23.507344 -26.552830 -2.020328 20.185101 -60.598695 -69.582067 15.845726 128.384375 279.323537 146.026439 326.711444 123.507920 20.645644 152.695299 289.054125 157.393008 233.631183 241.836754 7.876600 129.655487 71.791053 163.648696 -24.743071 -39.901388 -220.823936 -68.625212 -476.584700 -24.167007 99.876627 -128.795689 -174.716389 -493.612526 80.512952 213.530537 -119.835819
-20.479901 41.213149 15.258500 -15.377599 -23.381903 -26.875758 -1.830697 19.945409 -61.301542 -68.985730 17.080773 128.705476 281.719922 149.056352 327.743841 124.010048 20.323272 152.976908 289.938662 156.616579 234.087276 242.674900 7.277691 129.906059 72.182416 163.109562 -23.645942 -39.892024 -220.713847 -68.636557 -479.287761 -23.426914 101.179287 -128.220723 -176.692759 -492.074476 80.743150 214.174105 -119.512055
-20.361337 41.370053 15.066637 -15.234430 -23.536630 -27.238333 -1.710549 19.862178 -61.893501 -68.612406 17.802309 129.056192 283.656636 152.037347 328.744900 124.643070 20.173280 153.357472 290.891446 155.868086 234.664755 243.237298 6.536537 129.772146 72.253785 162.721949 -22.796919 -40.142138 -220.712809 -68.432260 -481.940989 -22.798765 102.405019 -127.627317 -178.819639 -490.767779 80.991502 214.718348 -119.387923
-20.243773 41.591081 14.863884 -14.949001 -23.772624 -27.530655 -1.775983 19.866978 -62.618635 -68.507385 18.217458 129.535726 285.184194 155.128868 329.724131 125.239209 19.977962 153.375805 291.930700 155.176092 235.365368 243.518702 5.654554 129.530426 72.072293 162.433961 -22.184716 -40.577375 -220.822051 -68.167945 -484.385541 -22.374151 103.632070 -127.064222 -180.945904 -489.792210 81.308976 215.182815 -119.353184
-20.155115 41.859049 14.614273 -14.741225 -24.002016 -27.594714 -1.733272 19.713779 -63.441789 -68.661556 18.582259 129.600763 286.331912 158.331080 330.232379 125.776458 19.653480 153.333840 293.058091 154.612260 236.228021 243.768878 4.827209 129.550056 71.943776 162.316003 -21.611075 -41.085220 -220.991331 -67.764800 -486.522352 -22.092882 105.020388 -126.460857 -182.950742 -489.168204 81.783210 215.538176 -119.368320
-20.054526 42.183012 14.344926 -14.405251 -24.294045 -27.511520 -1.993937 19.615590 -64.556851 -68.781938 18.968262 129.901100 287.439413 161.233924 330.569708 126.205503 19.246947 152.780895 294.233348 154.066583 237.133076 243.944796 3.817583 129.414313 71.863125 162.056852 -21.155012 -41.901810 -221.401333 -67.308646 -488.398523 -22.108086 106.369678 -125.914524 -184.705336 -488.852703 82.340014 215.852624 -119.345016
-19.973410 42.515187 14.064221 -14.060108 -24.753686 -27.333399 -2.125384 19.623953 -65.710921 -68.934470 19.242871 130.147492 288.546314 163.937654 330.756063 126.423496 18.871816 152.368857 295.448384 153.530700 238.148506 244.421325 2.960734 128.928304 72.236811 161.428051 -20.850491 -43.167943 -222.161383 -66.709044 -489.833081 -22.404455 107.599563 -125.467078 -186.270706 -488.775550 82.878683 216.186265 -119.342434
-19.878120 42.859425 13.819251 -13.620494 -25.423018 -27.223654 -2.147499 19.911217 -66.744404 -69.189099 19.436261 130.203841 289.472569 166.592166 330.680576 126.352079 18.411557 152.006324 296.711641 153.013053 239.235872 245.098333 2.082478 127.711847 72.662401 160.269200 -20.725673 -44.995743 -223.371488 -66.233977 -490.856025 -22.950078 108.550284 -125.148791 -187.667234 -489.047446 83.390845 216.529195 -119.390819
-19.775600 43.165159 13.609305 -13.177788 -26.251038 -27.128545 -2.100616 20.405013 -67.541596 -69.350196 19.445197 130.247951 290.628839 168.937107 330.643010 126.030446 18.083786 151.734005 298.144232 152.564938 240.284143 245.575217 1.397171 126.064747 72.705595 158.649831 -20.800849 -47.125348 -224.831222 -66.117877 -491.439815 -23.664314 109.242414 -124.939473 -188.782276 -489.599434 83.845258 216.903066 -119.479980
-19.641039 43.426828 13.417626 -12.828390 -27.146001 -27.003609 -1.940359 21.034175 -68.249538 -69.449568 19.343639 130.331225 291.893844 171.073030 330.644759 125.509439 17.777167 151.432261 299.706761 152.147368 241.243566 245.542377 0.764795 124.438547 71.828496 157.330197 -20.881989 -48.932093 -226.050739 -66.557188 -491.624340 -24.551747 109.735663 -124.780330 -189.686552 -490.271853 84.277745 217.267184 -119.638536
-19.479216 43.643960 13.240751 -12.622114 -28.021478 -26.857620 -1.847053 21.674123 -68.878517 -69.402467 19.036116 130.595362 293.247424 173.049987 330.915726 124.909243 17.545916 150.930597 301.349039 151.650226 242.113923 245.430799 -0.173887 123.169990 70.380803 159.870836 -20.882849 -48.484880 -225.489666 -66.432455 -491.558059 -25.457283 110.078805 -124.722697 -190.331937 -490.934436 84.692713 217.660712 -119.796040
-19.288670 43.820204 13.102978 -12.590283 -28.779791 -26.766685 -1.701735 22.308511 -69.320799 -69.491260 18.556017 130.541512 294.249057 175.178192 330.995584 124.109537 17.267106 150.348897 303.001098 150.973313 242.955238 245.626771 -1.469310 122.093525 68.360905 165.740605 -20.589100 -46.406583 -223.548895 -65.488667 -491.252012 -26.237485 110.232935 -124.715020 -190.777251 -491.667397 85.142741 218.034228 -119.943504
-19.059250 43.942317 13.001343 -12.754863 -29.302970 -26.679778 -1.561651 22.774035 -69.723445 -69.676781 18.037874 130.170537 294.817985 177.437974 330.804448 123.097726 17.001596 149.788357 304.614634 149.997784 244.014792 246.051937 -2.735102 121.337013 65.270831 170.480470 -19.392958 -45.831222 -222.437978 -64.731185 -490.725978 -26.940093 110.197248 -124.846036 -191.002606 -492.300091 85.619331 218.427578 -119.982149
-18.750764 43.995504 12.936734 -13.018836 -29.509501 -26.518083 -1.602152 22.981611 -70.273897 -69.846129 17.752292 129.690894 295.463656 179.569594 330.432804 121.973928 16.572785 149.019455 306.359720 149.013513 245.272366 245.826786 -3.772814 120.980272 61.821292 171.049629 -18.008723 -47.011434 -223.017165 -66.177778 -490.070062 -27.793107 110.011384 -125.186180 -190.998058 -492.802356 85.968183 218.980523 -119.911279
-18.407157 43.954610 12.894060 -13.529377 -29.332889 -26.130967 -1.682597 22.815456 -70.896571 -69.921350 17.593819 129.269963 296.241806 181.509750 330.060122 120.652163 15.947587 148.229817 308.204445 148.099374 246.810798 245.383589 -4.482005 121.103448 60.801197 171.059055 -17.736181 -47.304770 -223.236742 -67.918868 -489.213283 -28.659146 109.744461 -125.526419 -190.703963 -493.094087 86.286012 219.653379 -119.690732
-18.034351 43.851599 12.882289 -14.095947 -28.996438 -25.659607 -1.820435 22.530093 -71.579228 -69.869140 17.569338 128.957687 297.141506 183.278974 329.716672 119.329415 15.405533 147.500722 310.310193 147.316088 248.277704 245.970958 -5.032107 120.925631 61.514849 170.869080 -17.946817 -47.694859 -223.416690 -69.664576 -488.385901 -29.502452 109.406332 -125.827152 -190.160499 -493.235062 86.475857 220.446145 -119.390272
-17.701369 43.693494 12.914426 -14.830490 -28.404894 -25.171267 -1.897334 21.954098 -71.967340 -69.738670 17.370102 128.895328 297.962440 185.107416 329.612471 118.275927 15.258719 147.132097 312.686934 146.553375 249.533230 246.380004 -4.742884 120.947214 62.917005 170.689651 -18.750575 -47.951999 -223.486604 -71.139207 -487.488032 -29.942054 109.127606 -125.877340 -189.637334 -493.406090 86.727645 221.178710 -119.120439
-17.427312 43.519263 12.996566 -15.595571 -27.573025 -24.751619 -2.177331 20.917961 -72.079847 -69.408683 17.202041 129.053392 298.764741 186.924888 329.657304 117.975235 15.617048 147.001968 315.292925 145.740596 250.470004 246.498932 -3.962193 121.641448 64.532044 171.009564 -19.044719 -47.906390 -223.346585 -72.313863 -486.460225 -30.186144 108.808732 -125.946393 -189.154248 -493.606898 86.976428 221.920988 -118.811195
-17.227076 43.402991 13.064623 -16.347955 -26.900499 -24.394869 -2.291287 19.914465 -72.225146 -69.094952 17.055399 129.090644 299.377901 188.791661 329.511521 117.964634 15.960894 147.011994 317.989565 144.858368 251.385850 246.559502 -3.100402 122.413437 65.894352 171.540215 -19.223648 -47.912421 -223.166473 -73.212805 -485.042168 -30.592185 108.429718 -126.185067 -188.971404 -494.067799 87.257531 222.562944 -118.582138
-17.101679 43.420758 13.071614 -17.028855 -26.697633 -24.107773 -2.231612 19.339180 -72.676191 -68.829128 17.011237 129.177633 299.982045 190.587536 329.334838 118.054328 16.054156 146.722394 320.706833 143.996794 252.450786 246.600647 -2.430098 122.974510 66.608558 172.271018 -19.390724 -48.140498 -223.016140 -73.755470 -482.984041 -31.479375 107.941017 -126.792763 -189.218602 -495.048614 87.671905 223.064553 -118.453348
-16.926064 43.467526 13.080511 -17.350231 -26.815345 -23.883338 -2.264437 19.181241 -73.312532 -68.584238 17.088443 129.184204 300.527258 192.242545 329.077339 118.084122 15.825878 146.322938 323.454618 143.265636 253.774914 246.282196 -2.203676 123.054437 66.871841 172.931948 -19.757729 -48.410246 -222.925476 -74.251144 -480.605769 -32.882853 107.062293 -127.649856 -189.445883 -496.459239 87.848295 223.576011 -118.584897
-16.712715 43.509440 13.102517 -17.476366 -26.976843 -23.667348 -2.394232 19.186666 -73.983024 -68.334431 17.205308 129.309018 301.052991 193.856956 328.909617 117.923762 15.302007 145.923495 326.132927 142.644772 255.448283 245.772773 -2.274440 122.934717 66.901846 173.532676 -20.236992 -48.668469 -222.854934 -74.852706 -478.147611 -34.271219 105.983649 -128.446379 -189.223410 -498.299948 88.148946 224.047144 -118.636657
-16.531577 43.533444 13.108606 -17.564931 -27.133200 -23.373083 -2.514614 19.149055 -74.607263 -68.088844 17.387887 129.412072 301.609488 195.380635 328.721678 117.843166 14.862586 145.803994 328.931556 142.173994 257.240770 245.213271 -2.348278 122.925141 67.001608 174.193361 -20.704521 -48.902566 -222.764639 -75.422057 -475.779120 -35.467892 104.974981 -129.082680 -188.551183 -500.450583 88.227022 224.577931 -118.868350
-16.348670 43.537540 13.149793 -17.457950 -27.317106 -23.150989 -2.671509 19.217630 -75.086523 -67.869001 17.544336 129.453709 302.277043 196.793323 328.563354 117.762351 14.454519 145.964571 331.860751 141.793511 259.052300 244.542629 -2.587056 122.646674 67.001246 174.703480 -21.312687 -49.269395 -222.734532 -76.096346 -473.620726 -36.514632 103.766133 -129.569016 -187.669379 -502.411285 88.377587 224.998357 -119.159863
-16.230007 43.535737 13.206044 -17.365273 -27.557071 -22.967087 -2.603270 19.380735 -75.360967 -67.672640 17.583972 129.403862 302.945527 198.174961 328.344460 117.621786 14.103957 146.474964 334.930429 141.443246 260.983058 243.951817 -2.744588 122.298294 66.964869 175.233407 -21.931372 -49.721967 -222.734613 -76.794610 -471.472167 -37.350104 102.567025 -129.985672 -186.848089 -504.251939 88.538001 225.308283 -119.630927
-16.163782 43.592228 13.289808 -17.230527 -27.998776 -22.919244 -2.562413 19.831516 -75.623021 -67.508538 17.752838 129.478967 303.630404 199.596173 328.120239 117.373673 13.703490 146.641621 338.196106 141.121298 262.944415 243.405402 -2.951369 121.694423 66.610054 175.829068 -22.578041 -50.377676 -222.769202 -77.354686 -469.168153 -38.071024 101.227611 -130.509506 -186.182064 -506.167124 88.882324 225.451185 -120.178012
-16.127940 43.682370 13.385967 -17.041300 -28.459778 -22.930400 -2.499329 20.319292 -75.910333 -67.318611 17.918202 129.638001 304.429755 200.797111 327.850473 117.133632 13.246365 146.661893 341.636008 140.811767 264.784796 242.775331 -3.157298 121.105497 66.084771 176.459180 -23.191088 -51.133077 -222.829075 -77.852709 -466.759172 -38.765022 99.799965 -131.226444 -185.431754 -508.197712 89.291678 225.500703 -120.748742
-16.118257 43.743524 13.462254 -16.869843 -28.863976 -22.843491 -2.465741 20.761369 -76.203328 -67.156783 18.039337 129.805245 305.268311 201.919011 327.591036 116.883757 12.850435 146.761668 345.205520 140.432350 266.655831 242.136353 -3.266665 120.765695 65.779312 177.220241 -23.699826 -51.715624 -222.818871 -78.272213 -464.119878 -39.591014 98.350380 -132.102880 -184.681499 -510.368236 89.604453 225.510115 -121.579334
-16.092992 43.780770 13.510787 -16.703514 -29.123302 -22.618853 -2.446506 21.102412 -76.651504 -67.006307 18.215397 129.970700 306.226422 203.011677 327.321844 116.544051 12.333572 146.851184 348.874861 140.093272 268.547301 241.406862 -3.427763 120.676875 65.587090 177.991438 -24.249610 -52.165269 -222.778832 -78.720915 -461.540744 -40.509220 96.939584 -133.038889 -183.651438 -512.508708 89.822431 225.609467 -122.420035
-16.085634 43.790907 13.548305 -16.657954 -29.094318 -22.240068 -2.486363 21.115378 -77.062279 -66.870393 18.361978 130.035573 307.134619 204.044429 326.942441 116.264300 11.817726 146.920402 352.633951 139.754372 270.469098 240.757693 -3.440317 120.978920 65.691667 178.732677 -24.716511 -52.490069 -222.718849 -79.194445 -459.231320 -41.039052 95.705751 -133.235120 -182.261576 -514.409140 90.287239 225.599045 -123.080842
-16.078219 43.796958 13.589811 -16.605663 -28.955689 -21.848956 -2.520513 21.048341 -77.414955 -66.752798 18.391160 130.129625 308.013009 205.117261 326.622788 115.944510 11.204910 146.979292 356.442929 139.465687 272.511079 240.097788 -3.470325 121.331658 65.797664 179.393498 -25.224117 -52.807871 -222.668839 -79.721094 -457.181881 -41.445718 94.537475 -133.271553 -180.901877 -515.959265 90.769922 225.558746 -123.771811
-16.079726 43.786959 13.635275 -16.515695 -28.765308 -21.457324 -2.630167 20.915678 -77.744205 -66.621160 18.446037 130.242651 308.921615 206.110206 326.273164 115.724892 10.575203 147.027731 360.291768 139.187248 274.583413 239.418348 -3.484268 121.673072 65.951111 179.954584 -25.765932 -53.090429 -222.618814 -80.271901 -455.422288 -41.813264 93.477020 -133.288669 -179.522302 -517.249078 91.216589 225.578691 -124.442645
-16.089213 43.760895 13.690734 -16.400681 -28.489723 -21.080795 -2.726001 20.740260 -77.992981 -66.500375 18.435463 130.414362 309.910544 207.053155 325.963675 115.505220 9.952526 147.155852 364.190468 138.868961 276.755795 238.718199 -3.468788 122.015210 66.104073 180.425157 -26.393548 -53.363158 -222.588857 -80.833725 -453.872764 -42.105613 92.542137 -133.205860 -178.272882 -518.468786 91.609011 225.588772 -125.203692
-16.097747 43.750791 13.763238 -16.274071 -28.130151 -20.756363 -2.672719 20.520308 -78.141134 -66.460179 18.409166 130.317154 310.949280 207.906245 325.523729 115.255399 9.252786 147.403760 368.129110 138.610766 279.018337 237.967752 -3.442883 122.327882 66.148326 180.775341 -27.103876 -53.698858 -222.578926 -81.383739 -452.443260 -42.290810 91.728921 -133.103380 -177.093445 -519.698220 92.057337 225.589113 -125.954740
-16.110302 43.746661 13.832760 -16.134963 -27.713694 -20.436742 -2.738389 20.224144 -78.313323 -66.360301 18.414181 130.380716 311.987960 208.769322 325.133452 115.175800 8.560560 147.431272 372.177664 138.422772 281.290904 237.168046 -3.399617 122.668954 66.164869 181.085800 -27.847494 -54.028343 -222.578967 -81.909985 -451.153556 -42.427984 91.036784 -132.931696 -175.933993 -520.947380 92.536783 225.579565 -126.675516
-16.121939 43.745498 13.885344 -15.947786 -27.388531 -20.132864 -2.700094 20.000426 -78.465363 -66.255710 18.413333 130.304846 313.086582 209.552499 324.722903 115.136253 7.877485 147.568546 376.196082 138.184863 283.613524 236.318016 -3.414280 122.911044 66.110145 181.386014 -28.699318 -54.376803 -222.568981 -82.357089 -450.023870 -42.598162 90.391434 -132.750122 -174.834606 -522.066547 93.007902 225.580207 -127.416537
-16.117646 43.743305 13.917969 -15.694069 -27.057175 -19.808609 -2.829358 19.779468 -78.716865 -66.136387 18.468654 130.369419 314.215340 210.305609 324.352160 115.186919 7.181790 147.455615 380.194502 137.947145 285.996167 235.339168 -3.461287 123.211695 66.019898 181.656886 -29.571888 -54.673779 -222.568913 -82.756327 -449.093844 -42.832062 89.779428 -132.539302 -173.815146 -523.015452 93.464063 225.601080 -128.167366
-16.113232 43.733095 13.939578 -15.442230 -26.776288 -19.496198 -2.777969 19.653721 -78.901553 -66.111464 18.477052 130.244454 315.354260 210.988614 323.831317 115.187548 6.453439 147.612641 384.092901 137.729508 288.518611 234.329829 -3.459654 123.513371 65.956494 181.957319 -30.471707 -54.909701 -222.548860 -83.079505 -448.374024 -43.068007 89.290079 -132.338521 -172.805739 -523.844364 93.860022 225.702057 -128.908346
-16.095726 43.742885 13.959180 -15.126523 -26.531778 -19.266755 -2.763178 19.559451 -79.100592 -66.061002 18.451590 130.169991 316.373406 211.711399 323.280367 115.358220 5.777915 147.649675 388.001354 137.551950 291.110804 233.250222 -3.439483 123.785964 65.820853 182.277422 -31.349749 -55.149529 -222.528793 -83.324667 -447.804332 -43.280791 88.798565 -132.177930 -171.976295 -524.513121 94.338860 225.713163 -129.649476
-16.089108 43.733634 13.970748 -14.861675 -26.195541 -18.988927 -2.786804 19.345939 -79.293715 -65.905759 18.404436 130.326006 317.472930 212.473989 322.909405 115.609244 5.078599 147.636602 391.869946 137.444498 293.762748 232.211378 -3.347266 124.177511 65.764101 182.587868 -32.197655 -55.295999 -222.498685 -83.544941 -447.384412 -43.477788 88.479158 -131.967833 -171.106798 -525.121828 94.753712 225.824359 -130.360430
-16.087378 43.737339 13.973301 -14.619726 -25.918345 -18.744232 -2.676578 19.261852 -79.470433 -65.880316 18.307747 130.262294 318.502431 213.176501 322.318403 115.780408 4.188175 147.583258 395.668460 137.507049 296.494605 231.192587 -3.140127 124.629000 65.734663 182.978323 -32.951630 -55.413325 -222.458578 -83.652236 -447.044569 -43.709618 88.194579 -131.867799 -170.347267 -525.590433 95.223342 225.905720 -131.031619
-16.084572 43.753018 13.965852 -14.364999 -25.648315 -18.538691 -2.586877 19.161250 -79.703731 -65.817615 18.262625 130.258825 319.592146 213.848879 321.787478 116.091619 3.305245 147.489643 399.416895 137.699537 299.266487 230.183905 -2.939374 125.100229 65.692582 183.428787 -33.629594 -55.455306 -222.408417 -83.702643 -446.804720 -43.928123 87.937948 -131.787981 -169.687649 -525.938664 95.741815 225.927249 -131.682837
-16.081725 43.768644 13.960432 -14.098795 -25.388887 -18.373754 -2.599773 19.091559 -79.954509 -65.739266 18.243078 130.435959 320.662382 214.520751 321.276580 116.443128 2.303689 147.176001 403.105416 138.112026 302.098010 229.234508 -2.719288 125.553166 65.643514 183.838571 -34.224848 -55.531518 -222.358284 -83.749867 -446.685110 -44.111732 87.720973 -131.738175 -169.037989 -526.186791 96.213139 226.018855 -132.324178
-16.075766 43.780188 13.949986 -13.859668 -25.146480 -18.256609 -2.440379 19.068392 -80.087608 -65.788519 18.183461 130.333492 321.702757 215.112382 320.595802 116.794964 1.291520 147.121892 406.713887 138.664451 305.019610 228.356023 -2.448617 125.973741 65.638166 184.249189 -34.736549 -55.552917 -222.308041 -83.768384 -446.635222 -44.268556 87.583181 -131.738913 -168.428162 -526.404537 96.679443 226.110653 -132.955383
-16.073773 43.783669 13.941593 -13.597964 -24.861439 -18.152988 -2.504426 18.953159 -80.267208 -65.730066 18.149672 130.501651 322.753896 215.703398 320.015154 117.347076 0.314858 146.877658 410.302359 139.336815 307.940964 227.526783 -2.190449 126.416256 65.649852 184.619084 -35.193485 -55.574562 -222.257880 -83.796729 -446.685574 -44.376654 87.520009 -131.649642 -167.828225 -526.592067 97.151456 226.212669 -133.546755
-16.078738 43.787050 13.938224 -13.365359 -24.607141 -18.126765 -2.422477 18.881858 -80.320989 -65.729793 17.992895 130.540488 323.725695 216.293690 319.354756 117.929636 -0.797652 146.773197 413.750894 140.209071 310.872235 226.797975 -1.916013 126.747971 65.647810 184.949269 -35.612063 -55.600550 -222.217636 -83.850346 -446.755679 -44.383303 87.497927 -131.550864 -167.348036 -526.769051 97.624495 226.254825 -134.177932
-16.077684 43.794355 13.931917 -13.126328 -24.366843 -18.148982 -2.292586 18.811891 -80.329056 -65.752763 17.747236 130.519943 324.678124 216.903148 318.704495 118.592547 -1.917562 146.808564 417.099353 141.211210 313.833423 226.098454 -1.649354 127.031888 65.619820 185.258663 -36.000862 -55.663607 -222.177407 -83.868951 -446.875945 -44.371310 87.532392 -131.482166 -166.837711 -526.975705 98.080335 226.337292 -134.769126
-16.082539 43.795528 13.922629 -12.896066 -24.122715 -18.187534 -2.274526 18.681027 -80.350065 -65.710217 17.537049 130.689659 325.641208 217.562002 318.134584 119.395996 -3.010952 146.743363 420.347545 142.303262 316.804965 225.439655 -1.387505 127.274168 65.585840 185.518661 -36.378093 -55.703731 -222.137095 -83.919973 -447.015964 -44.326903 87.570921 -131.404070 -166.417095 -527.121488 98.530082 226.369982 -135.380169
-16.077355 43.796582 13.906398 -12.678425 -23.847045 -18.232184 -2.235490 18.536218 -80.399721 -65.770849 17.291404 130.750052 326.515199 218.189806 317.415065 120.210237 -4.202557 146.697942 423.465554 143.535278 319.766535 224.851262 -1.176236 127.536639 65.562282 185.758647 -36.690130 -55.744234 -222.106742 -84.003349 -447.215706 -44.299111 87.668429 -131.346669 -165.926100 -527.286670 98.963731 226.483103 -135.920956
-16.066077 43.811516 13.898198 -12.415585 -23.577161 -18.333232 -2.289173 18.405608 -80.408006 -65.880228 17.017479 130.820840 327.399954 218.796654 316.735843 121.125045 -5.295638 146.532133 426.493213 144.737241 322.668573 224.253525 -1.035812 127.757609 65.448806 186.009233 -36.945548 -55.821630 -222.076279 -84.113261 -447.415148 -44.232944 87.724901 -131.290087 -165.574686 -527.441032 99.429277 226.506654 -136.481441
-16.050727 43.832311 13.887055 -12.128366 -23.303002 -18.462901 -2.395428 18.234735 -80.458051 -65.994838 16.801193 130.912118 328.225697 219.392288 316.047032 122.149915 -6.311213 146.266151 429.390634 145.919041 325.440974 223.635543 -0.949010 127.949579 65.241113 186.199563 -37.172775 -55.983396 -222.065760 -84.247535 -447.654696 -44.149096 87.795818 -131.254079 -165.182784 -527.584466 99.889529 226.560735 -137.001806
-16.044755 43.854269 13.866031 -11.886413 -23.045571 -18.581974 -2.358553 18.073022 -80.499783 -66.162048 16.594633 130.823148 329.052969 219.906191 315.338851 123.144827 -7.321473 146.050481 432.087985 147.040654 328.033523 223.136311 -0.850957 128.164716 65.119447 186.449124 -37.332591 -56.081864 -222.035434 -84.358075 -447.874574 -44.095896 87.900819 -131.268832 -164.820347 -527.736970 100.322768 226.625335 -137.511720
-16.041021 43.882374 13.839035 -11.646740 -22.760647 -18.693917 -2.336216 17.897971 -80.595884 -66.325460 16.380107 130.873746 329.901525 220.468343 314.741291 124.069758 -8.126224 145.784924 434.695123 147.992140 330.526432 222.688032 -0.746426 128.448456 65.013559 186.729667 -37.377203 -56.187598 -222.015108 -84.483607 -448.094123 -44.063278 88.037491 -131.265116 -164.487047 -527.938215 100.841138 226.650648 -137.940820
-16.044588 43.914656 13.814101 -11.402745 -22.476809 -18.837440 -2.301952 17.741953 -80.594921 -66.611857 16.082527 130.774149 330.671943 220.978381 314.054502 125.014797 -8.567525 145.500064 437.262126 148.643494 332.869460 222.249916 -0.691437 128.682963 64.834075 186.980472 -37.428979 -56.344717 -222.004849 -84.621126 -448.303510 -43.989202 88.174634 -131.293407 -164.182844 -528.148038 101.219968 226.726545 -138.478684
-16.038598 43.955120 13.786391 -11.117696 -22.188156 -18.973495 -2.289111 17.650985 -80.649692 -66.941680 15.718951 130.754382 331.434438 221.535806 313.458691 125.870360 -8.685934 145.025147 439.829212 149.004743 335.052334 221.819805 -0.740661 128.952496 64.622517 187.249636 -37.396252 -56.528032 -221.994822 -84.790535 -448.533359 -43.950355 88.283296 -131.302928 -163.897793 -528.366441 101.668554 226.753428 -138.926061
-16.026385 44.021601 13.754444 -10.781011 -21.923755 -19.141067 -2.367771 17.611675 -80.825522 -67.324697 15.384953 130.804242 332.189884 222.090212 312.924652 126.737042 -8.374159 144.030221 442.465911 149.086009 336.925254 221.330846 -0.902978 129.209639 64.237745 187.559467 -37.290678 -56.813920 -221.994740 -84.979779 -448.782907 -43.964790 88.369015 -131.444627 -163.581924 -528.594077 102.117113 226.821088 -139.322690
-16.015851 44.095086 13.714164 -10.477179 -21.643423 -19.299975 -2.314102 17.626367 -80.957030 -67.915412 14.973743 130.634102 332.868586 222.581153 312.292669 127.404079 -7.700020 142.855374 445.153536 148.906880 338.607830 220.953751 -1.066157 129.532543 63.930072 187.910894 -37.042967 -57.094511 -221.994535 -85.181584 -448.991774 -43.983276 88.479152 -131.548214 -163.345463 -528.881054 102.615444 226.799519 -139.708965
-16.008301 44.186644 13.660850 -10.154152 -21.334608 -19.457370 -2.231559 17.621910 -81.114370 -68.582626 14.540856 130.364419 333.541524 223.027642 311.713086 127.992390 -6.458954 141.541286 447.991151 148.447850 340.149732 220.605889 -1.252080 129.969470 63.612024 188.360676 -36.636298 -57.390965 -221.994508 -85.376408 -449.190778 -44.066594 88.608604 -131.764185 -163.118004 -529.237208 103.083626 226.789027 -140.084448
-15.989475 44.295248 13.606252 -9.781246 -21.037469 -19.648680 -2.122311 17.685132 -81.256110 -69.373774 14.090148 130.015724 334.209380 223.468927 311.166452 128.331277 -4.806606 140.107807 450.859967 147.798436 341.670842 220.199671 -1.588807 130.383653 63.110347 188.831125 -36.168331 -57.779705 -222.004398 -85.628422 -449.389127 -44.159014 88.688353 -132.003296 -162.899411 -529.612431 103.571896 226.769630 -140.408909
-15.966249 44.414901 13.551299 -9.386019 -20.718378 -19.846486 -1.960965 17.759182 -81.418949 -70.306347 13.700015 129.478175 334.852893 223.764142 310.573155 128.360496 -2.761433 138.634781 453.749957 147.038741 343.411229 219.806334 -2.038973 130.792180 62.501039 189.283270 -35.653721 -58.251924 -222.034164 -85.945110 -449.576602 -44.278935 88.768697 -132.256436 -162.729243 -530.076556 104.120073 226.701902 -140.701979
-15.939985 44.554624 13.485263 -8.973547 -20.348351 -20.048728 -1.775286 17.801732 -81.524482 -71.283911 13.193109 128.983136 335.524109 224.121019 310.144082 128.130456 -0.309423 137.152521 456.730324 146.209024 345.460614 219.413338 -2.543137 131.300893 61.841960 189.805083 -34.986954 -58.762078 -222.053985 -86.282365 -449.744488 -44.445113 88.876136 -132.594394 -162.506716 -530.639418 104.607974 226.716573 -140.953439
-15.912580 44.703321 13.417034 -8.547668 -19.935837 -20.259934 -1.531637 17.793509 -81.583215 -72.335617 12.641071 128.350101 336.144782 224.457652 309.730309 127.800353 2.107715 135.440807 459.661295 145.469287 347.629117 219.078618 -3.095154 131.864957 61.190142 190.368478 -34.157769 -59.287879 -222.073820 -86.670968 -449.883004 -44.620072 89.008560 -132.915782 -162.357941 -531.356479 105.135142 226.657888 -141.188575
-15.867911 44.857058 13.360567 -8.063487 -19.457134 -20.502529 -1.288998 17.772536 -81.603098 -73.358397 11.982295 127.724592 336.739528 224.870427 309.408061 127.277693 4.398809 133.448823 462.374519 144.889103 350.156505 218.683382 -3.796761 132.409405 60.357350 190.901369 -33.259866 -59.919433 -222.103641 -87.156458 -450.031138 -44.767017 89.087421 -133.220941 -162.182145 -532.117307 105.683244 226.635403 -141.345410
-15.824216 45.025873 13.303071 -7.558101 -18.963568 -20.782850 -0.993693 17.781125 -81.559876 -74.399427 11.248269 127.047092 337.280888 225.287123 309.118598 126.472318 6.706856 131.536971 464.669517 144.468719 353.332434 218.286917 -4.561796 132.936136 59.397545 191.403019 -32.277029 -60.683628 -222.143474 -87.692601 -450.149655 -44.924289 89.171719 -133.591547 -162.028097 -533.000970 106.162061 226.660429 -141.513187
-15.772835 45.223803 13.247770 -7.013163 -18.460459 -21.096028 -0.660272 17.818271 -81.528403 -75.485461 10.581792 126.268819 337.821074 225.625723 308.833424 125.514206 8.687802 129.515003 466.622623 144.238514 357.020709 217.818107 -5.427346 133.433128 58.260872 191.924245 -31.257900 -61.523639 -222.173418 -88.255429 -450.218804 -45.098790 89.167805 -134.055713 -161.866877 -533.878021 106.721357 226.692312 -141.552747
-15.738455 45.438470 13.188220 -6.435648 -17.948373 -21.403955 -0.211264 17.738111 -81.501833 -76.370906 9.812372 125.018512 337.993059 226.133712 308.170185 124.935197 10.145740 127.327307 468.020736 144.161333 361.035822 217.315883 -6.420818 133.970541 56.967466 192.510740 -30.164943 -62.412766 -222.193840 -88.851581 -450.246316 -45.373274 89.036024 -134.706015 -161.704223 -534.653712 107.241394 226.778400 -141.570424
-15.687231 45.631866 13.122786 -5.896396 -17.380219 -21.667710 0.145629 17.730802 -81.406129 -77.376556 9.132144 124.209422 338.578133 226.400881 308.045602 123.986402 11.360608 125.281461 468.619607 144.171250 365.607650 216.829970 -7.327951 134.582566 55.767149 193.020217 -29.002120 -63.313203 -222.213825 -89.402129 -450.229869 -45.613140 88.994838 -135.171233 -161.634432 -535.664580 107.748891 226.879323 -141.583183
-15.632281 45.840692 13.052230 -5.316225 -16.808447 -21.918868 0.450824 17.819251 -81.299550 -78.418426 8.377435 123.311252 339.077802 226.597878 307.827501 123.158556 12.111966 123.351249 468.507756 144.171018 370.460363 216.254977 -8.359937 135.177380 54.362831 193.485571 -27.870669 -64.258365 -222.213798 -90.001102 -450.166922 -45.928214 88.900813 -135.702595 -161.554669 -536.745334 108.225235 227.080677 -141.537243
-15.571855 46.043948 12.972557 -4.706706 -16.184791 -22.135593 0.705093 17.916541 -81.153098 -79.325797 7.449576 122.372866 339.509934 226.869924 307.636884 122.701220 12.391427 121.408101 467.765177 144.030644 375.343620 215.630438 -9.425877 135.839171 52.944546 193.925176 -26.695984 -65.216135 -222.213716 -90.574442 -450.026575 -46.267135 88.731821 -136.191090 -161.605445 -537.866359 108.690139 227.272441 -141.512996
-15.513309 46.234941 12.875246 -4.093127 -15.681092 -22.286902 1.002007 18.107858 -80.922941 -80.218489 6.425866 121.421011 339.943214 227.045692 307.475883 122.263528 12.387361 119.574619 466.542683 143.770209 380.266984 215.002812 -10.557970 136.523269 51.531192 194.401377 -25.475327 -66.061528 -222.203635 -91.158088 -449.895845 -46.740221 88.515604 -136.752080 -161.674293 -538.957933 109.095128 227.555552 -141.477479
-15.448023 46.425709 12.779453 -3.509007 -15.092215 -22.416570 1.272119 18.199164 -80.688262 -81.001133 5.391748 120.565133 340.393351 227.181654 307.353950 121.646079 12.247322 118.064191 464.909776 143.369359 385.259798 214.270575 -11.625142 137.240043 50.044697 194.769797 -24.375538 -66.890980 -222.183595 -91.689709 -449.753313 -47.189794 88.270401 -137.346102 -161.702516 -539.969183 109.561111 227.868566 -141.280605
-15.383138 46.598281 12.681221 -2.910198 -14.554498 -22.503397 1.484546 18.406562 -80.361916 -81.762077 4.241399 119.849439 340.868022 227.201270 307.250049 121.288191 11.888869 116.577286 463.036993 142.768261 390.171988 213.422976 -12.651834 137.892408 48.565790 195.079410 -23.489531 -67.559546 -222.153597 -92.145836 -449.668728 -47.640908 87.970173 -137.883091 -161.700439 -540.840169 110.008161 228.231358 -141.032451
-15.315788 46.756629 12.569654 -2.333776 -14.005534 -22.549607 1.785665 18.586466 -80.001507 -82.457930 3.069614 119.041851 341.335644 227.085895 307.103391 121.229752 11.368646 115.364668 460.985094 141.907220 394.592978 212.508509 -13.563186 138.634303 47.160537 195.378955 -22.669412 -68.053737 -222.123612 -92.510807 -449.581793 -48.106228 87.656729 -138.412144 -161.749002 -541.600670 110.456023 228.563333 -140.753834
